indicator,rule,year,n,total,mean,win_rate
all,全部進場,2017,33,-323.9413,-9.8164,0.4545
all,全部進場,2018,51,225.4265,4.4201,0.5490
all,全部進場,2019,52,318.4233,6.1235,0.5577
all,全部進場,2020,39,1033.3736,26.4968,0.6923
all,全部進場,2021,48,-1128.7305,-23.5152,0.3542
all,全部進場,2022,49,685.5717,13.9913,0.6327
fut_foreign_oi_chg,正才進場,2018,11,44.1553,4.0141,0.5455
fut_foreign_oi_chg,正才進場,2019,25,-53.4197,-2.1368,0.5200
fut_foreign_oi_chg,正才進場,2020,19,252.8823,13.3096,0.6316
fut_foreign_oi_chg,正才進場,2021,26,-488.2166,-18.7776,0.3462
fut_foreign_oi_chg,正才進場,2022,26,913.2888,35.1265,0.7308
fut_foreign_oi_chg,負才進場,2018,18,-115.4820,-6.4157,0.5556
fut_foreign_oi_chg,負才進場,2019,27,371.8430,13.7720,0.5926
fut_foreign_oi_chg,負才進場,2020,20,780.4913,39.0246,0.7500
fut_foreign_oi_chg,負才進場,2021,22,-640.5139,-29.1143,0.3636
fut_foreign_oi_chg,負才進場,2022,23,-227.7171,-9.9007,0.5217
fut_trust_oi_chg,正才進場,2018,12,-145.7108,-12.1426,0.4167
fut_trust_oi_chg,正才進場,2019,27,198.5492,7.3537,0.6296
fut_trust_oi_chg,正才進場,2020,23,964.3093,41.9265,0.7826
fut_trust_oi_chg,正才進場,2021,29,-821.1680,-28.3161,0.2759
fut_trust_oi_chg,正才進場,2022,22,603.0660,27.4121,0.6818
fut_trust_oi_chg,負才進場,2018,17,74.3840,4.3755,0.6471
fut_trust_oi_chg,負才進場,2019,24,149.2055,6.2169,0.5000
fut_trust_oi_chg,負才進場,2020,16,69.0642,4.3165,0.5625
fut_trust_oi_chg,負才進場,2021,19,-307.5625,-16.1875,0.4737
fut_trust_oi_chg,負才進場,2022,27,82.5058,3.0558,0.5926
fut_dealer_oi_chg,正才進場,2018,20,-224.4591,-11.2230,0.5000
fut_dealer_oi_chg,正才進場,2019,26,73.5302,2.8281,0.4615
fut_dealer_oi_chg,正才進場,2020,21,728.1923,34.6758,0.6667
fut_dealer_oi_chg,正才進場,2021,16,-567.5768,-35.4735,0.3750
fut_dealer_oi_chg,正才進場,2022,18,-177.1565,-9.8420,0.5000
fut_dealer_oi_chg,負才進場,2018,9,153.1324,17.0147,0.6667
fut_dealer_oi_chg,負才進場,2019,26,244.8930,9.4190,0.6538
fut_dealer_oi_chg,負才進場,2020,18,305.1812,16.9545,0.7222
fut_dealer_oi_chg,負才進場,2021,32,-561.1538,-17.5361,0.3438
fut_dealer_oi_chg,負才進場,2022,31,862.7283,27.8299,0.7097
opt_foreign_dir,正才進場,2018,14,375.3399,26.8100,0.7143
opt_foreign_dir,正才進場,2019,46,220.4456,4.7923,0.5435
opt_foreign_dir,正才進場,2020,14,368.4441,26.3174,0.7143
opt_foreign_dir,正才進場,2021,9,-359.7069,-39.9674,0.2222
opt_foreign_dir,正才進場,2022,10,-6.7752,-0.6775,0.4000
opt_foreign_dir,負才進場,2018,16,-365.0076,-22.8130,0.4375
opt_foreign_dir,負才進場,2019,6,97.9776,16.3296,0.6667
opt_foreign_dir,負才進場,2020,25,664.9295,26.5972,0.6800
opt_foreign_dir,負才進場,2021,39,-769.0237,-19.7186,0.3846
opt_foreign_dir,負才進場,2022,39,692.3469,17.7525,0.6923
opt_dealer_dir,正才進場,2018,16,195.5413,12.2213,0.6875
opt_dealer_dir,正才進場,2019,34,200.7163,5.9034,0.5588
opt_dealer_dir,正才進場,2020,27,703.1577,26.0429,0.7037
opt_dealer_dir,正才進場,2021,23,-738.3880,-32.1038,0.2609
opt_dealer_dir,正才進場,2022,38,737.8838,19.4180,0.6842
opt_dealer_dir,負才進場,2018,14,-185.2090,-13.2292,0.4286
opt_dealer_dir,負才進場,2019,18,117.7069,6.5393,0.5556
opt_dealer_dir,負才進場,2020,12,330.2158,27.5180,0.6667
opt_dealer_dir,負才進場,2021,25,-390.3426,-15.6137,0.4400
opt_dealer_dir,負才進場,2022,11,-52.3120,-4.7556,0.4545
spot_foreign_net,正才進場,2017,18,-57.5848,-3.1992,0.4444
spot_foreign_net,正才進場,2018,20,226.4004,11.3200,0.5500
spot_foreign_net,正才進場,2019,32,116.1748,3.6305,0.5938
spot_foreign_net,正才進場,2020,17,695.7325,40.9254,0.8235
spot_foreign_net,正才進場,2021,23,-860.4930,-37.4127,0.2609
spot_foreign_net,正才進場,2022,15,20.6980,1.3799,0.5333
spot_foreign_net,負才進場,2017,15,-266.3564,-17.7571,0.4667
spot_foreign_net,負才進場,2018,31,-0.9740,-0.0314,0.5484
spot_foreign_net,負才進場,2019,20,202.2485,10.1124,0.5000
spot_foreign_net,負才進場,2020,22,337.6411,15.3473,0.5909
spot_foreign_net,負才進場,2021,25,-268.2375,-10.7295,0.4400
spot_foreign_net,負才進場,2022,34,664.8738,19.5551,0.6765
spot_trust_net,正才進場,2017,12,23.2133,1.9344,0.5833
spot_trust_net,正才進場,2018,21,351.9401,16.7591,0.6190
spot_trust_net,正才進場,2019,28,185.2260,6.6152,0.6071
spot_trust_net,正才進場,2020,21,732.5520,34.8834,0.7619
spot_trust_net,正才進場,2021,35,-352.4857,-10.0710,0.3429
spot_trust_net,正才進場,2022,42,397.0356,9.4532,0.6429
spot_trust_net,負才進場,2017,21,-347.1546,-16.5312,0.3810
spot_trust_net,負才進場,2018,30,-126.5137,-4.2171,0.5000
spot_trust_net,負才進場,2019,24,133.1973,5.5499,0.5000
spot_trust_net,負才進場,2020,18,300.8216,16.7123,0.6111
spot_trust_net,負才進場,2021,13,-776.2448,-59.7111,0.3846
spot_trust_net,負才進場,2022,7,288.5361,41.2194,0.5714
spot_dealer_net,正才進場,2017,15,-349.0302,-23.2687,0.3333
spot_dealer_net,正才進場,2018,23,95.2349,4.1406,0.5652
spot_dealer_net,正才進場,2019,29,517.1067,17.8313,0.7241
spot_dealer_net,正才進場,2020,20,271.4425,13.5721,0.6500
spot_dealer_net,正才進場,2021,22,-329.7013,-14.9864,0.4091
spot_dealer_net,正才進場,2022,20,72.9917,3.6496,0.6500
spot_dealer_net,負才進場,2017,18,25.0889,1.3938,0.5556
spot_dealer_net,負才進場,2018,28,130.1916,4.6497,0.5357
spot_dealer_net,負才進場,2019,23,-198.6834,-8.6384,0.3478
spot_dealer_net,負才進場,2020,19,761.9311,40.1016,0.7368
spot_dealer_net,負才進場,2021,26,-799.0293,-30.7319,0.3077
spot_dealer_net,負才進場,2022,29,612.5800,21.1234,0.6207
