indicator,date,prev_date,reason
fut_foreign_oi_chg,2017-05-17,2017-05-16,prev_date 無資料
fut_foreign_oi_chg,2017-05-24,2017-05-23,prev_date 無資料
fut_foreign_oi_chg,2017-05-31,2017-05-26,prev_date 無資料
fut_foreign_oi_chg,2017-06-07,2017-06-06,prev_date 無資料
fut_foreign_oi_chg,2017-06-14,2017-06-13,prev_date 無資料
fut_foreign_oi_chg,2017-06-21,2017-06-20,prev_date 無資料
fut_foreign_oi_chg,2017-06-28,2017-06-27,prev_date 無資料
fut_foreign_oi_chg,2017-07-05,2017-07-04,prev_date 無資料
fut_foreign_oi_chg,2017-07-12,2017-07-11,prev_date 無資料
fut_foreign_oi_chg,2017-07-19,2017-07-18,prev_date 無資料
fut_foreign_oi_chg,2017-07-26,2017-07-25,prev_date 無資料
fut_foreign_oi_chg,2017-08-02,2017-08-01,prev_date 無資料
fut_foreign_oi_chg,2017-08-09,2017-08-08,prev_date 無資料
fut_foreign_oi_chg,2017-08-16,2017-08-15,prev_date 無資料
fut_foreign_oi_chg,2017-08-23,2017-08-22,prev_date 無資料
fut_foreign_oi_chg,2017-08-30,2017-08-29,prev_date 無資料
fut_foreign_oi_chg,2017-09-06,2017-09-05,prev_date 無資料
fut_foreign_oi_chg,2017-09-13,2017-09-12,prev_date 無資料
fut_foreign_oi_chg,2017-09-20,2017-09-19,prev_date 無資料
fut_foreign_oi_chg,2017-09-27,2017-09-26,prev_date 無資料
fut_foreign_oi_chg,2017-10-05,2017-10-03,prev_date 無資料
fut_foreign_oi_chg,2017-10-11,2017-10-06,prev_date 無資料
fut_foreign_oi_chg,2017-10-18,2017-10-17,prev_date 無資料
fut_foreign_oi_chg,2017-10-25,2017-10-24,prev_date 無資料
fut_foreign_oi_chg,2017-11-01,2017-10-31,prev_date 無資料
fut_foreign_oi_chg,2017-11-08,2017-11-07,prev_date 無資料
fut_foreign_oi_chg,2017-11-15,2017-11-14,prev_date 無資料
fut_foreign_oi_chg,2017-11-22,2017-11-21,prev_date 無資料
fut_foreign_oi_chg,2017-11-29,2017-11-28,prev_date 無資料
fut_foreign_oi_chg,2017-12-06,2017-12-05,prev_date 無資料
fut_foreign_oi_chg,2017-12-13,2017-12-12,prev_date 無資料
fut_foreign_oi_chg,2017-12-20,2017-12-19,prev_date 無資料
fut_foreign_oi_chg,2017-12-27,2017-12-26,prev_date 無資料
fut_foreign_oi_chg,2018-01-03,2018-01-02,prev_date 無資料
fut_foreign_oi_chg,2018-01-10,2018-01-09,prev_date 無資料
fut_foreign_oi_chg,2018-01-17,2018-01-16,prev_date 無資料
fut_foreign_oi_chg,2018-01-24,2018-01-23,prev_date 無資料
fut_foreign_oi_chg,2018-01-31,2018-01-30,prev_date 無資料
fut_foreign_oi_chg,2018-02-07,2018-02-06,prev_date 無資料
fut_foreign_oi_chg,2018-02-21,2018-02-12,prev_date 無資料
fut_foreign_oi_chg,2018-03-01,2018-02-27,prev_date 無資料
fut_foreign_oi_chg,2018-03-07,2018-03-06,prev_date 無資料
fut_foreign_oi_chg,2018-03-14,2018-03-13,prev_date 無資料
fut_foreign_oi_chg,2018-03-21,2018-03-20,prev_date 無資料
fut_foreign_oi_chg,2018-03-28,2018-03-27,prev_date 無資料
fut_foreign_oi_chg,2018-04-09,2018-04-03,prev_date 無資料
fut_foreign_oi_chg,2018-04-11,2018-04-10,prev_date 無資料
fut_foreign_oi_chg,2018-04-18,2018-04-17,prev_date 無資料
fut_foreign_oi_chg,2018-04-25,2018-04-24,prev_date 無資料
fut_foreign_oi_chg,2018-05-02,2018-04-30,prev_date 無資料
fut_foreign_oi_chg,2018-05-09,2018-05-08,prev_date 無資料
fut_foreign_oi_chg,2018-05-16,2018-05-15,prev_date 無資料
fut_foreign_oi_chg,2018-05-23,2018-05-22,prev_date 無資料
fut_foreign_oi_chg,2018-05-30,2018-05-29,prev_date 無資料
fut_foreign_oi_chg,2018-06-06,2018-06-05,有資料但值為 NaN(資料集首日無前值/類別缺)
fut_trust_oi_chg,2017-05-17,2017-05-16,prev_date 無資料
fut_trust_oi_chg,2017-05-24,2017-05-23,prev_date 無資料
fut_trust_oi_chg,2017-05-31,2017-05-26,prev_date 無資料
fut_trust_oi_chg,2017-06-07,2017-06-06,prev_date 無資料
fut_trust_oi_chg,2017-06-14,2017-06-13,prev_date 無資料
fut_trust_oi_chg,2017-06-21,2017-06-20,prev_date 無資料
fut_trust_oi_chg,2017-06-28,2017-06-27,prev_date 無資料
fut_trust_oi_chg,2017-07-05,2017-07-04,prev_date 無資料
fut_trust_oi_chg,2017-07-12,2017-07-11,prev_date 無資料
fut_trust_oi_chg,2017-07-19,2017-07-18,prev_date 無資料
fut_trust_oi_chg,2017-07-26,2017-07-25,prev_date 無資料
fut_trust_oi_chg,2017-08-02,2017-08-01,prev_date 無資料
fut_trust_oi_chg,2017-08-09,2017-08-08,prev_date 無資料
fut_trust_oi_chg,2017-08-16,2017-08-15,prev_date 無資料
fut_trust_oi_chg,2017-08-23,2017-08-22,prev_date 無資料
fut_trust_oi_chg,2017-08-30,2017-08-29,prev_date 無資料
fut_trust_oi_chg,2017-09-06,2017-09-05,prev_date 無資料
fut_trust_oi_chg,2017-09-13,2017-09-12,prev_date 無資料
fut_trust_oi_chg,2017-09-20,2017-09-19,prev_date 無資料
fut_trust_oi_chg,2017-09-27,2017-09-26,prev_date 無資料
fut_trust_oi_chg,2017-10-05,2017-10-03,prev_date 無資料
fut_trust_oi_chg,2017-10-11,2017-10-06,prev_date 無資料
fut_trust_oi_chg,2017-10-18,2017-10-17,prev_date 無資料
fut_trust_oi_chg,2017-10-25,2017-10-24,prev_date 無資料
fut_trust_oi_chg,2017-11-01,2017-10-31,prev_date 無資料
fut_trust_oi_chg,2017-11-08,2017-11-07,prev_date 無資料
fut_trust_oi_chg,2017-11-15,2017-11-14,prev_date 無資料
fut_trust_oi_chg,2017-11-22,2017-11-21,prev_date 無資料
fut_trust_oi_chg,2017-11-29,2017-11-28,prev_date 無資料
fut_trust_oi_chg,2017-12-06,2017-12-05,prev_date 無資料
fut_trust_oi_chg,2017-12-13,2017-12-12,prev_date 無資料
fut_trust_oi_chg,2017-12-20,2017-12-19,prev_date 無資料
fut_trust_oi_chg,2017-12-27,2017-12-26,prev_date 無資料
fut_trust_oi_chg,2018-01-03,2018-01-02,prev_date 無資料
fut_trust_oi_chg,2018-01-10,2018-01-09,prev_date 無資料
fut_trust_oi_chg,2018-01-17,2018-01-16,prev_date 無資料
fut_trust_oi_chg,2018-01-24,2018-01-23,prev_date 無資料
fut_trust_oi_chg,2018-01-31,2018-01-30,prev_date 無資料
fut_trust_oi_chg,2018-02-07,2018-02-06,prev_date 無資料
fut_trust_oi_chg,2018-02-21,2018-02-12,prev_date 無資料
fut_trust_oi_chg,2018-03-01,2018-02-27,prev_date 無資料
fut_trust_oi_chg,2018-03-07,2018-03-06,prev_date 無資料
fut_trust_oi_chg,2018-03-14,2018-03-13,prev_date 無資料
fut_trust_oi_chg,2018-03-21,2018-03-20,prev_date 無資料
fut_trust_oi_chg,2018-03-28,2018-03-27,prev_date 無資料
fut_trust_oi_chg,2018-04-09,2018-04-03,prev_date 無資料
fut_trust_oi_chg,2018-04-11,2018-04-10,prev_date 無資料
fut_trust_oi_chg,2018-04-18,2018-04-17,prev_date 無資料
fut_trust_oi_chg,2018-04-25,2018-04-24,prev_date 無資料
fut_trust_oi_chg,2018-05-02,2018-04-30,prev_date 無資料
fut_trust_oi_chg,2018-05-09,2018-05-08,prev_date 無資料
fut_trust_oi_chg,2018-05-16,2018-05-15,prev_date 無資料
fut_trust_oi_chg,2018-05-23,2018-05-22,prev_date 無資料
fut_trust_oi_chg,2018-05-30,2018-05-29,prev_date 無資料
fut_trust_oi_chg,2018-06-06,2018-06-05,有資料但值為 NaN(資料集首日無前值/類別缺)
fut_dealer_oi_chg,2017-05-17,2017-05-16,prev_date 無資料
fut_dealer_oi_chg,2017-05-24,2017-05-23,prev_date 無資料
fut_dealer_oi_chg,2017-05-31,2017-05-26,prev_date 無資料
fut_dealer_oi_chg,2017-06-07,2017-06-06,prev_date 無資料
fut_dealer_oi_chg,2017-06-14,2017-06-13,prev_date 無資料
fut_dealer_oi_chg,2017-06-21,2017-06-20,prev_date 無資料
fut_dealer_oi_chg,2017-06-28,2017-06-27,prev_date 無資料
fut_dealer_oi_chg,2017-07-05,2017-07-04,prev_date 無資料
fut_dealer_oi_chg,2017-07-12,2017-07-11,prev_date 無資料
fut_dealer_oi_chg,2017-07-19,2017-07-18,prev_date 無資料
fut_dealer_oi_chg,2017-07-26,2017-07-25,prev_date 無資料
fut_dealer_oi_chg,2017-08-02,2017-08-01,prev_date 無資料
fut_dealer_oi_chg,2017-08-09,2017-08-08,prev_date 無資料
fut_dealer_oi_chg,2017-08-16,2017-08-15,prev_date 無資料
fut_dealer_oi_chg,2017-08-23,2017-08-22,prev_date 無資料
fut_dealer_oi_chg,2017-08-30,2017-08-29,prev_date 無資料
fut_dealer_oi_chg,2017-09-06,2017-09-05,prev_date 無資料
fut_dealer_oi_chg,2017-09-13,2017-09-12,prev_date 無資料
fut_dealer_oi_chg,2017-09-20,2017-09-19,prev_date 無資料
fut_dealer_oi_chg,2017-09-27,2017-09-26,prev_date 無資料
fut_dealer_oi_chg,2017-10-05,2017-10-03,prev_date 無資料
fut_dealer_oi_chg,2017-10-11,2017-10-06,prev_date 無資料
fut_dealer_oi_chg,2017-10-18,2017-10-17,prev_date 無資料
fut_dealer_oi_chg,2017-10-25,2017-10-24,prev_date 無資料
fut_dealer_oi_chg,2017-11-01,2017-10-31,prev_date 無資料
fut_dealer_oi_chg,2017-11-08,2017-11-07,prev_date 無資料
fut_dealer_oi_chg,2017-11-15,2017-11-14,prev_date 無資料
fut_dealer_oi_chg,2017-11-22,2017-11-21,prev_date 無資料
fut_dealer_oi_chg,2017-11-29,2017-11-28,prev_date 無資料
fut_dealer_oi_chg,2017-12-06,2017-12-05,prev_date 無資料
fut_dealer_oi_chg,2017-12-13,2017-12-12,prev_date 無資料
fut_dealer_oi_chg,2017-12-20,2017-12-19,prev_date 無資料
fut_dealer_oi_chg,2017-12-27,2017-12-26,prev_date 無資料
fut_dealer_oi_chg,2018-01-03,2018-01-02,prev_date 無資料
fut_dealer_oi_chg,2018-01-10,2018-01-09,prev_date 無資料
fut_dealer_oi_chg,2018-01-17,2018-01-16,prev_date 無資料
fut_dealer_oi_chg,2018-01-24,2018-01-23,prev_date 無資料
fut_dealer_oi_chg,2018-01-31,2018-01-30,prev_date 無資料
fut_dealer_oi_chg,2018-02-07,2018-02-06,prev_date 無資料
fut_dealer_oi_chg,2018-02-21,2018-02-12,prev_date 無資料
fut_dealer_oi_chg,2018-03-01,2018-02-27,prev_date 無資料
fut_dealer_oi_chg,2018-03-07,2018-03-06,prev_date 無資料
fut_dealer_oi_chg,2018-03-14,2018-03-13,prev_date 無資料
fut_dealer_oi_chg,2018-03-21,2018-03-20,prev_date 無資料
fut_dealer_oi_chg,2018-03-28,2018-03-27,prev_date 無資料
fut_dealer_oi_chg,2018-04-09,2018-04-03,prev_date 無資料
fut_dealer_oi_chg,2018-04-11,2018-04-10,prev_date 無資料
fut_dealer_oi_chg,2018-04-18,2018-04-17,prev_date 無資料
fut_dealer_oi_chg,2018-04-25,2018-04-24,prev_date 無資料
fut_dealer_oi_chg,2018-05-02,2018-04-30,prev_date 無資料
fut_dealer_oi_chg,2018-05-09,2018-05-08,prev_date 無資料
fut_dealer_oi_chg,2018-05-16,2018-05-15,prev_date 無資料
fut_dealer_oi_chg,2018-05-23,2018-05-22,prev_date 無資料
fut_dealer_oi_chg,2018-05-30,2018-05-29,prev_date 無資料
fut_dealer_oi_chg,2018-06-06,2018-06-05,有資料但值為 NaN(資料集首日無前值/類別缺)
opt_foreign_dir,2017-05-17,2017-05-16,prev_date 無資料
opt_foreign_dir,2017-05-24,2017-05-23,prev_date 無資料
opt_foreign_dir,2017-05-31,2017-05-26,prev_date 無資料
opt_foreign_dir,2017-06-07,2017-06-06,prev_date 無資料
opt_foreign_dir,2017-06-14,2017-06-13,prev_date 無資料
opt_foreign_dir,2017-06-21,2017-06-20,prev_date 無資料
opt_foreign_dir,2017-06-28,2017-06-27,prev_date 無資料
opt_foreign_dir,2017-07-05,2017-07-04,prev_date 無資料
opt_foreign_dir,2017-07-12,2017-07-11,prev_date 無資料
opt_foreign_dir,2017-07-19,2017-07-18,prev_date 無資料
opt_foreign_dir,2017-07-26,2017-07-25,prev_date 無資料
opt_foreign_dir,2017-08-02,2017-08-01,prev_date 無資料
opt_foreign_dir,2017-08-09,2017-08-08,prev_date 無資料
opt_foreign_dir,2017-08-16,2017-08-15,prev_date 無資料
opt_foreign_dir,2017-08-23,2017-08-22,prev_date 無資料
opt_foreign_dir,2017-08-30,2017-08-29,prev_date 無資料
opt_foreign_dir,2017-09-06,2017-09-05,prev_date 無資料
opt_foreign_dir,2017-09-13,2017-09-12,prev_date 無資料
opt_foreign_dir,2017-09-20,2017-09-19,prev_date 無資料
opt_foreign_dir,2017-09-27,2017-09-26,prev_date 無資料
opt_foreign_dir,2017-10-05,2017-10-03,prev_date 無資料
opt_foreign_dir,2017-10-11,2017-10-06,prev_date 無資料
opt_foreign_dir,2017-10-18,2017-10-17,prev_date 無資料
opt_foreign_dir,2017-10-25,2017-10-24,prev_date 無資料
opt_foreign_dir,2017-11-01,2017-10-31,prev_date 無資料
opt_foreign_dir,2017-11-08,2017-11-07,prev_date 無資料
opt_foreign_dir,2017-11-15,2017-11-14,prev_date 無資料
opt_foreign_dir,2017-11-22,2017-11-21,prev_date 無資料
opt_foreign_dir,2017-11-29,2017-11-28,prev_date 無資料
opt_foreign_dir,2017-12-06,2017-12-05,prev_date 無資料
opt_foreign_dir,2017-12-13,2017-12-12,prev_date 無資料
opt_foreign_dir,2017-12-20,2017-12-19,prev_date 無資料
opt_foreign_dir,2017-12-27,2017-12-26,prev_date 無資料
opt_foreign_dir,2018-01-03,2018-01-02,prev_date 無資料
opt_foreign_dir,2018-01-10,2018-01-09,prev_date 無資料
opt_foreign_dir,2018-01-17,2018-01-16,prev_date 無資料
opt_foreign_dir,2018-01-24,2018-01-23,prev_date 無資料
opt_foreign_dir,2018-01-31,2018-01-30,prev_date 無資料
opt_foreign_dir,2018-02-07,2018-02-06,prev_date 無資料
opt_foreign_dir,2018-02-21,2018-02-12,prev_date 無資料
opt_foreign_dir,2018-03-01,2018-02-27,prev_date 無資料
opt_foreign_dir,2018-03-07,2018-03-06,prev_date 無資料
opt_foreign_dir,2018-03-14,2018-03-13,prev_date 無資料
opt_foreign_dir,2018-03-21,2018-03-20,prev_date 無資料
opt_foreign_dir,2018-03-28,2018-03-27,prev_date 無資料
opt_foreign_dir,2018-04-09,2018-04-03,prev_date 無資料
opt_foreign_dir,2018-04-11,2018-04-10,prev_date 無資料
opt_foreign_dir,2018-04-18,2018-04-17,prev_date 無資料
opt_foreign_dir,2018-04-25,2018-04-24,prev_date 無資料
opt_foreign_dir,2018-05-02,2018-04-30,prev_date 無資料
opt_foreign_dir,2018-05-09,2018-05-08,prev_date 無資料
opt_foreign_dir,2018-05-16,2018-05-15,prev_date 無資料
opt_foreign_dir,2018-05-23,2018-05-22,prev_date 無資料
opt_foreign_dir,2018-05-30,2018-05-29,prev_date 無資料
opt_dealer_dir,2017-05-17,2017-05-16,prev_date 無資料
opt_dealer_dir,2017-05-24,2017-05-23,prev_date 無資料
opt_dealer_dir,2017-05-31,2017-05-26,prev_date 無資料
opt_dealer_dir,2017-06-07,2017-06-06,prev_date 無資料
opt_dealer_dir,2017-06-14,2017-06-13,prev_date 無資料
opt_dealer_dir,2017-06-21,2017-06-20,prev_date 無資料
opt_dealer_dir,2017-06-28,2017-06-27,prev_date 無資料
opt_dealer_dir,2017-07-05,2017-07-04,prev_date 無資料
opt_dealer_dir,2017-07-12,2017-07-11,prev_date 無資料
opt_dealer_dir,2017-07-19,2017-07-18,prev_date 無資料
opt_dealer_dir,2017-07-26,2017-07-25,prev_date 無資料
opt_dealer_dir,2017-08-02,2017-08-01,prev_date 無資料
opt_dealer_dir,2017-08-09,2017-08-08,prev_date 無資料
opt_dealer_dir,2017-08-16,2017-08-15,prev_date 無資料
opt_dealer_dir,2017-08-23,2017-08-22,prev_date 無資料
opt_dealer_dir,2017-08-30,2017-08-29,prev_date 無資料
opt_dealer_dir,2017-09-06,2017-09-05,prev_date 無資料
opt_dealer_dir,2017-09-13,2017-09-12,prev_date 無資料
opt_dealer_dir,2017-09-20,2017-09-19,prev_date 無資料
opt_dealer_dir,2017-09-27,2017-09-26,prev_date 無資料
opt_dealer_dir,2017-10-05,2017-10-03,prev_date 無資料
opt_dealer_dir,2017-10-11,2017-10-06,prev_date 無資料
opt_dealer_dir,2017-10-18,2017-10-17,prev_date 無資料
opt_dealer_dir,2017-10-25,2017-10-24,prev_date 無資料
opt_dealer_dir,2017-11-01,2017-10-31,prev_date 無資料
opt_dealer_dir,2017-11-08,2017-11-07,prev_date 無資料
opt_dealer_dir,2017-11-15,2017-11-14,prev_date 無資料
opt_dealer_dir,2017-11-22,2017-11-21,prev_date 無資料
opt_dealer_dir,2017-11-29,2017-11-28,prev_date 無資料
opt_dealer_dir,2017-12-06,2017-12-05,prev_date 無資料
opt_dealer_dir,2017-12-13,2017-12-12,prev_date 無資料
opt_dealer_dir,2017-12-20,2017-12-19,prev_date 無資料
opt_dealer_dir,2017-12-27,2017-12-26,prev_date 無資料
opt_dealer_dir,2018-01-03,2018-01-02,prev_date 無資料
opt_dealer_dir,2018-01-10,2018-01-09,prev_date 無資料
opt_dealer_dir,2018-01-17,2018-01-16,prev_date 無資料
opt_dealer_dir,2018-01-24,2018-01-23,prev_date 無資料
opt_dealer_dir,2018-01-31,2018-01-30,prev_date 無資料
opt_dealer_dir,2018-02-07,2018-02-06,prev_date 無資料
opt_dealer_dir,2018-02-21,2018-02-12,prev_date 無資料
opt_dealer_dir,2018-03-01,2018-02-27,prev_date 無資料
opt_dealer_dir,2018-03-07,2018-03-06,prev_date 無資料
opt_dealer_dir,2018-03-14,2018-03-13,prev_date 無資料
opt_dealer_dir,2018-03-21,2018-03-20,prev_date 無資料
opt_dealer_dir,2018-03-28,2018-03-27,prev_date 無資料
opt_dealer_dir,2018-04-09,2018-04-03,prev_date 無資料
opt_dealer_dir,2018-04-11,2018-04-10,prev_date 無資料
opt_dealer_dir,2018-04-18,2018-04-17,prev_date 無資料
opt_dealer_dir,2018-04-25,2018-04-24,prev_date 無資料
opt_dealer_dir,2018-05-02,2018-04-30,prev_date 無資料
opt_dealer_dir,2018-05-09,2018-05-08,prev_date 無資料
opt_dealer_dir,2018-05-16,2018-05-15,prev_date 無資料
opt_dealer_dir,2018-05-23,2018-05-22,prev_date 無資料
opt_dealer_dir,2018-05-30,2018-05-29,prev_date 無資料
