indicator,rule,n,mean,median,std,t,win_rate,total,total_ex_top5,mean_pnl_1t,mean_pnl_4t,max_dd,n_zero,n_nan
spot_trust_net,正才進場,159,8.4118,9.6765,83.7586,1.2664,0.5786,1337.4814,248.7911,9.4128,6.4098,944.1643,0.0000,0.0000
opt_dealer_dir,正才進場,138,7.9631,10.1541,83.7020,1.1176,0.5870,1098.9111,85.2953,8.9641,5.9611,827.7075,0.0000,54.0000
fut_dealer_oi_chg,負才進場,116,8.6619,13.5972,87.8417,1.0620,0.5948,1004.7811,29.1212,9.6629,6.6599,880.8823,0.0000,55.0000
fut_trust_oi_chg,正才進場,113,7.0712,4.4771,80.2530,0.9366,0.5575,799.0457,-87.7087,8.0722,5.0692,1070.4307,1.0000,55.0000
opt_foreign_dir,正才進場,93,6.4274,5.6866,68.5529,0.9042,0.5484,597.7476,-104.8751,7.4284,4.4254,688.6697,0.0000,54.0000
fut_foreign_oi_chg,正才進場,107,6.2494,7.5632,83.9656,0.7699,0.5514,668.6901,-282.9708,7.2504,4.2474,674.2299,0.0000,55.0000
all,全部進場,272,2.9784,5.0819,78.5732,0.6252,0.5404,810.1232,-319.5304,3.9794,0.9764,1641.9481,,
spot_foreign_net,負才進場,147,4.5524,7.5632,89.8468,0.6143,0.5510,669.1955,-460.4582,5.5534,2.5504,936.1006,0.0000,0.0000
spot_dealer_net,負才進場,143,3.7208,3.4349,86.3522,0.5153,0.5105,532.0789,-597.5747,4.7218,1.7188,1215.4578,0.0000,0.0000
spot_dealer_net,正才進場,129,2.1554,5.6866,69.2632,0.3534,0.5736,278.0443,-425.7169,3.1564,0.1534,637.6486,0.0000,0.0000
opt_foreign_dir,負才進場,125,2.5698,6.4918,93.1677,0.3084,0.5600,321.2227,-774.3682,3.5708,0.5678,1261.2753,0.0000,54.0000
spot_foreign_net,正才進場,125,1.1274,2.6485,63.0998,0.1998,0.5280,140.9278,-575.0052,2.1284,-0.8746,1018.3053,0.0000,0.0000
fut_foreign_oi_chg,負才進場,110,1.5329,3.1577,83.2229,0.1932,0.5545,168.6213,-766.0924,2.5339,-0.4691,1158.9718,0.0000,55.0000
fut_trust_oi_chg,負才進場,103,0.6563,6.4918,87.3804,0.0762,0.5534,67.5971,-921.8462,1.6573,-1.3457,686.3592,1.0000,55.0000
fut_dealer_oi_chg,正才進場,101,-1.6581,0.6452,78.1255,-0.2133,0.5050,-167.4698,-1031.1978,-0.6571,-3.6601,863.3309,0.0000,55.0000
opt_dealer_dir,負才進場,80,-2.2493,0.0323,83.0119,-0.2424,0.5000,-179.9408,-1038.5477,-1.2483,-4.2513,818.3086,0.0000,54.0000
spot_trust_net,負才進場,113,-4.6669,-1.4117,70.2888,-0.7058,0.4867,-527.3581,-1274.0417,-3.6659,-6.6689,858.8820,0.0000,0.0000
