slot,grp,n,mean%,t
09:00,開盤後漲,160,0.024,0.489
09:00,開盤後跌,110,-0.065,-0.853
09:30,開盤後漲,163,0.036,1.043
09:30,開盤後跌,110,-0.142,-2.101
10:00,開盤後漲,163,0.014,0.388
10:00,開盤後跌,112,-0.098,-1.845
10:30,開盤後漲,160,-0.015,-0.476
10:30,開盤後跌,115,-0.045,-1.069
11:00,開盤後漲,159,0.04,1.495
11:00,開盤後跌,114,-0.059,-1.635
11:30,開盤後漲,167,0.047,2.051
11:30,開盤後跌,106,-0.059,-1.451
12:00,開盤後漲,167,0.036,1.797
12:00,開盤後跌,107,-0.06,-2.129
12:30,開盤後漲,160,0.057,3.554
12:30,開盤後跌,116,-0.012,-0.375
13:00,開盤後漲,162,0.04,3.746
13:00,開盤後跌,112,-0.028,-1.7
