pre,year,n,total,mean,win
NA,2017,1,25.68008,25.68008,1.0
NA,2018,2,72.3665,36.18325,1.0
NA,2020,1,30.602420000000002,30.602420000000002,1.0
NA,2021,2,-18.14034,-9.07017,0.5
盤前漲,2017,12,-48.00811999999999,-4.000676666666666,0.5
盤前漲,2018,26,435.6753,16.756742307692306,0.6153846153846154
盤前漲,2019,24,366.24334,15.260139166666667,0.5833333333333334
盤前漲,2020,18,378.67184000000003,21.037324444444447,0.6666666666666666
盤前漲,2021,21,1.2021200000000292,0.05724380952381091,0.47619047619047616
盤前漲,2022,20,1097.31824,54.865912,0.8
盤前跌,2017,13,-158.03660000000002,-12.15666153846154,0.38461538461538464
盤前跌,2018,16,-256.82777999999996,-16.051736249999998,0.5625
盤前跌,2019,19,-182.53547999999998,-9.607130526315789,0.3157894736842105
盤前跌,2020,14,263.5596,18.825685714285715,0.6428571428571429
盤前跌,2021,9,-74.70797999999998,-8.300886666666663,0.5555555555555556
盤前跌,2022,15,-295.63594,-19.709062666666668,0.4
