date,kind,contract_month,fut_contract,prev_date,F_prev_close,t_fprev,F_open,t_fopen,gap_pct,group,basis_prev,S_est,K,t_entry,trade_px,entry_2t,ssp,payoff,pnl,pnl_1t,pnl_4t,status,night_pct,premkt_pct,night_status,night_truncated,auction_px,auction_vol,pnl_auc,pnl_auc_1t,auc_status
2017-05-17,M,201705,201705,2017-05-16,10022.0,2017-05-16 13:44:59,9993.0,2017-05-17 08:45:00,-0.2893634005188585,gap_down,-6.489999999999782,9999.49,9900.0,2017-05-17 08:45:01,91.0,93.0,10000.0,100.0,5.707,6.708,3.705,ok,-0.0099780482937537,-0.279413232212354,ok,False,92.0,13.5,6.708,5.707,ok
2017-05-24,W,201705W4,201706,2017-05-23,9994.0,2017-05-23 13:45:00,10007.0,2017-05-24 08:45:00,0.1300780468280968,gap_up,-7.8400000000001455,10014.84,9900.0,2017-05-24 08:45:02,115.0,117.0,10046.0,146.0,27.68208,28.68308,25.68008,ok,0.1300780468280968,0.0,ok,False,119.0,1.5,25.68008,24.67908,ok
2017-05-31,W,201705W5,201706,2017-05-26,10093.0,2017-05-26 13:44:59,10085.0,2017-05-31 08:45:00,-0.0792628554443673,gap_down,-7.950000000000728,10092.95,10000.0,2017-05-31 08:45:01,87.0,89.0,10038.0,38.0,-52.28976,-51.28876,-54.29176,ok,-0.0495392846527296,-0.0297383029341792,ok,True,87.0,146.5,-50.287760000000006,-51.28876,ok
2017-06-07,W,201706W1,201706,2017-06-06,10185.0,2017-06-06 13:45:00,10180.0,2017-06-07 08:45:00,-0.0490918016691212,gap_down,-14.180000000000293,10194.18,10100.0,2017-06-07 08:45:01,88.0,90.0,10203.0,103.0,11.70594,12.70694,9.70394,ok,-0.039273441335297,-0.009822217856792,ok,False,88.0,8.5,13.70794,12.70694,ok
2017-06-14,W,201706W2,201706,2017-06-13,10137.0,2017-06-13 13:44:59,10161.0,2017-06-14 08:45:00,0.2367564368156259,gap_up,-3.149999999999636,10164.15,10050.0,2017-06-14 08:45:14,107.0,109.0,10049.0,0.0,-109.609,-108.608,-111.611,ok,0.2071618822136726,0.0295333727111636,ok,False,110.0,8.5,-110.61,-111.611,ok
2017-06-21,M,201706,201706,2017-06-20,10322.0,2017-06-20 13:45:00,10273.0,2017-06-21 08:45:00,-0.4747142026739004,gap_down,1.5400000000008731,10271.46,10150.0,2017-06-21 08:45:01,124.0,126.0,10369.0,219.0,91.66662,92.66762,89.66462,ok,-0.2131369889556287,-0.2621359223300971,ok,False,136.0,0.5,81.65662,80.65562,ok
2017-06-28,W,201706W4,201707,2017-06-27,10368.0,2017-06-27 13:45:00,10303.0,2017-06-28 08:45:00,-0.626929012345679,gap_down,-138.0599999999995,10441.06,10350.0,2017-06-28 08:45:06,92.0,94.0,10401.0,51.0,-44.30202,-43.30102,-46.30402,ok,-0.6847993827160493,0.0582693988540351,ok,False,86.0,10.5,-36.294019999999996,-37.29502,ok
2017-07-05,W,201707W1,201707,2017-07-04,10217.0,2017-07-04 13:45:00,10215.0,2017-07-05 08:45:00,-0.0195752177742977,gap_down,-131.78000000000063,10346.78,10250.0,2017-07-05 08:45:44,89.0,91.0,10390.0,140.0,47.7012,48.7022,45.6992,ok,0.0293628266614466,-0.0489236790606653,ok,False,,,,,no_auction_print
2017-07-12,W,201707W2,201707,2017-07-11,10342.0,2017-07-11 13:45:00,10346.0,2017-07-12 08:45:00,0.038677238445175,gap_up,-62.56999999999971,10408.57,10300.0,2017-07-12 08:45:01,111.0,113.0,10427.0,127.0,12.67846,13.67946,10.67646,ok,0.0966930961129375,-0.0579598145285935,ok,False,113.0,3.0,12.678460000000001,11.67746,ok
2017-07-19,M,201707,201707,2017-07-18,10462.0,2017-07-18 13:44:59,10479.0,2017-07-19 08:45:00,0.1624928311986236,gap_up,-20.26000000000022,10499.26,10400.0,2017-07-19 08:45:02,80.0,82.0,10500.0,100.0,16.708,17.709,14.706,ok,0.1147008220225578,0.0477372541531411,ok,False,80.0,59.5,18.71,17.709,ok
2017-07-26,W,201707W4,201708,2017-07-25,10363.0,2017-07-25 13:45:00,10386.0,2017-07-26 08:45:00,0.2219434526681463,gap_up,-96.14999999999964,10482.15,10400.0,2017-07-26 08:45:03,79.0,81.0,10422.0,22.0,-60.289440000000006,-59.28844,-62.29144,ok,0.2122937373347486,0.0096292729898892,ok,False,79.0,11.5,-58.287440000000004,-59.28844,ok
2017-08-02,W,201708W1,201708,2017-08-01,10367.0,2017-08-01 13:45:00,10420.0,2017-08-02 08:45:00,0.5112375807851838,gap_up,-52.29000000000087,10472.29,10350.0,2017-08-02 08:45:04,120.0,122.0,10500.0,150.0,26.668,27.669,24.666,ok,0.2507957943474486,0.25979024343308,ok,False,117.0,3.5,31.673000000000002,30.672,ok
2017-08-09,W,201708W2,201708,2017-08-08,10526.0,2017-08-08 13:45:00,10466.0,2017-08-09 08:45:00,-0.5700171005130154,gap_down,-44.96999999999935,10510.97,10400.0,2017-08-09 08:46:02,117.0,119.0,10468.0,68.0,-52.32836,-51.32736,-54.33036,ok,-0.1710051301539046,-0.3996954701180052,ok,False,,,,,no_auction_print
2017-08-16,M,201708,201708,2017-08-15,10309.0,2017-08-15 13:45:00,10277.0,2017-08-16 08:45:00,-0.3104083810262877,gap_down,-15.159999999999854,10292.16,10200.0,2017-08-16 08:45:02,83.0,85.0,10254.0,54.0,-32.29008,-31.28908,-34.292080000000006,ok,-0.3007081191192162,-0.0097295193617435,ok,False,79.0,10.5,-26.28408,-27.285079999999997,ok
2017-08-23,W,201708W4,201709,2017-08-22,10350.0,2017-08-22 13:45:00,10401.0,2017-08-23 08:45:00,0.4927536231884057,gap_up,-42.06999999999971,10443.07,10350.0,2017-08-23 08:45:03,85.0,87.0,10393.0,43.0,-45.29486,-44.29386,-47.29686,ok,0.6376811594202898,-0.1440092165898617,ok,False,90.0,25.5,-48.29786,-49.29886,ok
2017-08-30,W,201708W5,201709,2017-08-29,10463.0,2017-08-29 13:45:00,10508.0,2017-08-30 08:45:00,0.4300869731434579,gap_up,-30.56999999999971,10538.57,10450.0,2017-08-30 08:45:02,86.0,88.0,10557.0,107.0,17.70086,18.70186,15.69886,ok,0.2962821370543821,0.1334095673718315,ok,False,79.0,66.5,26.70986,25.70886,ok
2017-09-06,W,201709W1,201709,2017-09-05,10582.0,2017-09-05 13:45:00,10540.0,2017-09-06 08:45:00,-0.3969003969003968,gap_down,-40.84000000000015,10580.84,10500.0,2017-09-06 08:45:04,70.0,72.0,10550.0,50.0,-23.283,-22.282,-25.285,ok,-0.5481005481005481,0.1520334473584188,ok,False,70.0,47.5,-21.281,-22.282,ok
2017-09-13,W,201709W2,201709,2017-09-12,10590.0,2017-09-12 13:45:00,10595.0,2017-09-13 08:45:00,0.0472143531633616,gap_up,-23.350000000000364,10618.35,10500.0,2017-09-13 08:45:26,112.0,114.0,10543.0,43.0,-72.32486,-71.32386,-74.32686,ok,0.0661000944287063,-0.0188732660186845,ok,False,114.0,0.5,-72.32486,-73.32585999999999,ok
2017-09-20,M,201709,201709,2017-09-19,10580.0,2017-09-19 13:45:00,10572.0,2017-09-20 08:45:00,-0.0756143667296786,gap_down,-3.139999999999418,10575.14,10450.0,2017-09-20 08:45:01,124.0,126.0,10510.0,60.0,-67.3362,-66.3352,-69.3382,ok,-0.0094517958412098,-0.0661688250307212,ok,False,,,,,no_auction_print
2017-09-27,W,201709W4,201710,2017-09-26,10264.0,2017-09-26 13:45:00,10300.0,2017-09-27 08:45:00,0.3507404520654715,gap_up,7.979999999999563,10292.02,10200.0,2017-09-27 08:45:01,106.0,108.0,10335.0,135.0,25.6853,26.6863,23.6833,ok,0.3117692907248636,0.0388500388500388,ok,False,105.0,12.0,28.688299999999998,27.687299999999997,ok
2017-10-05,W,201710W1,201710,2017-10-03,10462.0,2017-10-03 13:44:59,10460.0,2017-10-05 08:45:00,-0.0191168036704263,gap_down,-10.350000000000364,10470.35,10350.0,2017-10-05 08:45:57,119.0,121.0,10522.0,172.0,49.66856,50.66956,47.66656,ok,-0.0286752055056394,0.0095611435127641,ok,True,121.0,2.5,49.66856,48.66756,ok
2017-10-11,W,201710W2,201710,2017-10-06,10524.0,2017-10-06 13:45:00,10556.0,2017-10-11 08:45:00,0.3040668947168377,gap_up,-16.80999999999949,10572.81,10450.0,2017-10-11 08:45:26,120.0,122.0,10641.0,191.0,67.66518,68.66618000000001,65.66318000000001,ok,-0.1045229950589129,0.4090174070198802,ok,True,119.0,39.5,70.66818,69.66718,ok
2017-10-18,M,201710,201710,2017-10-17,10724.0,2017-10-17 13:45:00,10745.0,2017-10-18 08:45:00,0.1958224543080939,gap_up,-0.1499999999996362,10745.15,10650.0,2017-10-18 08:45:09,93.0,95.0,10728.0,78.0,-18.30956,-17.30856,-20.31156,ok,0.0839239089891831,0.1118047144321252,ok,False,91.0,7.0,-14.30556,-15.306560000000001,ok
2017-10-25,W,201710W4,201711,2017-10-24,10744.0,2017-10-24 13:45:00,10769.0,2017-10-25 08:45:00,0.2326880119136262,gap_up,1.2199999999993452,10767.78,10650.0,2017-10-25 08:45:24,126.0,128.0,10749.0,99.0,-30.34298,-29.34198,-32.34498,ok,0.2606105733432614,-0.0278499814333457,ok,False,126.0,9.0,-28.340980000000002,-29.34198,ok
2017-11-01,W,201711W1,201711,2017-10-31,10783.0,2017-10-31 13:45:00,10820.0,2017-11-01 08:45:00,0.3431327088936288,gap_up,-10.799999999999272,10830.8,10700.0,2017-11-01 08:45:14,135.0,137.0,10800.0,100.0,-38.353,-37.352,-40.355,ok,0.092738569971251,0.2501621421291577,ok,False,132.0,11.0,-33.348,-34.349000000000004,ok
2017-11-08,W,201711W2,201711,2017-11-07,10825.0,2017-11-07 13:45:00,10810.0,2017-11-08 08:45:00,-0.138568129330254,gap_down,-23.340000000000146,10833.34,10750.0,2017-11-08 08:45:11,73.0,75.0,10816.0,66.0,-10.29132,-9.29032,-12.29332,ok,-0.1108545034642032,-0.027744381762693,ok,False,76.0,4.5,-11.29232,-12.29332,ok
2017-11-15,M,201711,201711,2017-11-14,10684.0,2017-11-14 13:45:00,10645.0,2017-11-15 08:45:00,-0.3650318232871584,gap_down,-2.180000000000291,10647.18,10550.0,2017-11-15 08:45:21,97.0,99.0,10638.0,88.0,-12.31176,-11.31076,-14.313759999999998,ok,-0.2339947585174092,-0.1313444037902242,ok,False,,,,,no_auction_print
2017-11-22,W,201711W4,201712,2017-11-21,10788.0,2017-11-21 13:45:00,10825.0,2017-11-22 08:45:00,0.342973674453096,gap_up,1.7600000000002185,10823.24,10700.0,2017-11-22 08:45:03,126.0,128.0,10817.0,117.0,-12.34434,-11.34334,-14.34634,ok,0.3707823507601038,-0.0277059475434059,ok,False,129.0,7.0,-13.34534,-14.346340000000001,ok
2017-11-29,W,201711W5,201712,2017-11-28,10708.0,2017-11-28 13:45:00,10747.0,2017-11-29 08:45:00,0.3642136720209189,gap_up,1.930000000000291,10745.07,10650.0,2017-11-29 08:45:05,100.0,102.0,10709.0,59.0,-44.31618,-43.31518,-46.31818,ok,0.4109077325364214,-0.0465029761904761,ok,False,100.0,12.0,-42.31418,-43.31518,ok
2017-12-06,W,201712W1,201712,2017-12-05,10573.0,2017-12-05 13:45:00,10540.0,2017-12-06 08:45:00,-0.3121157665752388,gap_down,-1.850000000000364,10541.85,10450.0,2017-12-06 08:45:46,102.0,104.0,10393.0,0.0,-104.604,-103.603,-106.606,ok,-0.2080771777168258,-0.1042555208037153,ok,False,,,,,no_auction_print
2017-12-13,W,201712W2,201712,2017-12-12,10432.0,2017-12-12 13:44:59,10433.0,2017-12-13 08:45:00,0.0095858895705521,gap_up,-14.280000000000657,10447.28,10350.0,2017-12-13 08:45:01,95.0,97.0,10462.0,112.0,13.69376,14.69476,11.69176,ok,0.0191717791411042,-0.0095840521372436,ok,False,91.0,1.0,19.699759999999998,18.69876,ok
2017-12-20,M,201712,201712,2017-12-19,10459.0,2017-12-19 13:45:00,10457.0,2017-12-20 08:45:00,-0.0191222870255282,gap_down,-9.340000000000146,10466.34,10350.0,2017-12-20 08:45:33,119.0,121.0,10497.0,147.0,24.66906,25.67006,22.66706,ok,-0.1338560091786977,0.1148875059837242,ok,False,,,,,no_auction_print
2017-12-27,W,201712W4,201801,2017-12-26,10416.0,2017-12-26 13:44:59,10398.0,2017-12-27 08:45:00,-0.1728110599078341,gap_down,0.0900000000001455,10397.91,10300.0,2017-12-27 08:45:49,109.0,111.0,10479.0,179.0,66.67942,67.68042,64.67742,ok,-0.1344086021505376,-0.038454143433955,ok,False,,,,,no_auction_print
2018-01-03,W,201801W1,201801,2018-01-02,10709.0,2018-01-02 13:45:00,10748.0,2018-01-03 08:45:00,0.3641796619665701,gap_up,-11.729999999999563,10759.73,10650.0,2018-01-03 08:45:01,97.0,99.0,10792.0,142.0,41.68516,42.68616,39.68316,ok,0.3361658418152955,0.0279199627733829,ok,False,97.0,18.0,43.68716,42.68616,ok
2018-01-10,W,201801W2,201801,2018-01-09,10881.0,2018-01-09 13:45:00,10885.0,2018-01-10 08:45:00,0.0367613270839077,gap_up,-28.88999999999941,10913.89,10800.0,2018-01-10 08:45:01,106.0,108.0,10825.0,25.0,-84.3245,-83.3235,-86.3265,ok,0.1378549765646539,-0.1009544787077826,ok,False,106.0,4.5,-82.32249999999999,-83.3235,ok
2018-01-17,M,201801,201801,2018-01-16,10983.0,2018-01-16 13:45:00,10955.0,2018-01-17 08:45:00,-0.2549394518801784,gap_down,-5.110000000000582,10960.11,10850.0,2018-01-17 08:45:07,99.0,101.0,11020.0,170.0,67.6786,68.67960000000001,65.67660000000001,ok,-0.2549394518801784,0.0,ok,False,99.0,4.5,69.6806,68.67960000000001,ok
2018-01-24,W,201801W4,201802,2018-01-23,11225.0,2018-01-23 13:44:59,11199.0,2018-01-24 08:45:00,-0.2316258351893095,gap_down,-26.110000000000586,11225.11,11100.0,2018-01-24 08:45:20,110.0,112.0,11129.0,29.0,-84.33457999999999,-83.33358,-86.33658,ok,-0.2048997772828507,-0.0267809319764327,ok,False,120.0,0.5,-92.34258,-93.34357999999999,ok
2018-01-31,W,201801W5,201802,2018-01-30,11064.0,2018-01-30 13:45:00,11050.0,2018-01-31 08:45:00,-0.1265365148228489,gap_down,0.2199999999993451,11049.78,10950.0,2018-01-31 08:45:25,111.0,113.0,11139.0,189.0,74.66422,75.66522,72.66222,ok,-0.3615328994938539,0.2358490566037736,ok,False,110.0,0.5,77.66722,76.66622,ok
2018-02-07,W,201802W1,201802,2018-02-06,10399.0,2018-02-06 13:44:59,10600.0,2018-02-07 08:45:00,1.9328781613616692,gap_up,-28.0,10628.0,10500.0,2018-02-07 08:45:01,125.0,127.0,10579.0,79.0,-49.33858,-48.33758,-51.34058,ok,2.1348206558322915,-0.1977214951511157,ok,False,145.0,23.5,-67.35658,-68.35758,ok
2018-02-21,M,201802,201802,2018-02-12,10410.0,2018-02-12 13:45:00,10630.0,2018-02-21 08:45:00,2.1133525456292026,gap_up,-11.090000000000146,10641.09,10550.0,2018-02-21 08:45:03,86.0,88.0,10705.0,155.0,65.6979,66.6989,63.6959,ok,0.0384245917387127,2.074130977530248,ok,True,86.0,24.0,67.6999,66.6989,ok
2018-03-01,W,201802W4,201803,2018-02-27,10791.0,2018-02-27 13:45:00,10604.0,2018-03-01 08:45:00,-1.7329255861365953,gap_down,-23.469999999999345,10627.47,10500.0,2018-03-01 08:47:28,101.0,103.0,10797.0,297.0,192.68106,193.68206,190.67906,ok,-0.250208507089241,-1.4864362690449646,ok,True,,,,,no_auction_print
2018-03-07,W,201803W1,201803,2018-03-06,10787.0,2018-03-06 13:44:59,10712.0,2018-03-07 08:45:00,-0.6952813571892092,gap_down,-12.340000000000146,10724.34,10600.0,2018-03-07 08:45:09,126.0,128.0,10761.0,161.0,31.65678,32.657779999999995,29.65478,ok,0.0834337628627051,-0.7780659503519822,ok,False,,,,,no_auction_print
2018-03-14,W,201803W2,201803,2018-03-13,11100.0,2018-03-13 13:45:00,11048.0,2018-03-14 08:45:00,-0.4684684684684684,gap_down,-1.6299999999991996,11049.63,10950.0,2018-03-14 08:45:01,101.0,103.0,11044.0,94.0,-10.32388,-9.32288,-12.32588,ok,-0.6666666666666667,0.1995283874478505,ok,False,102.0,7.5,-9.32288,-10.323879999999999,ok
2018-03-21,M,201803,201803,2018-03-20,11012.0,2018-03-20 13:44:59,11030.0,2018-03-21 08:45:00,0.1634580457682528,gap_up,5.159999999999855,11024.84,10900.0,2018-03-21 08:45:02,133.0,135.0,11045.0,145.0,8.6441,9.6451,6.642099999999999,ok,0.1997820559389756,-0.0362515860068878,ok,False,129.0,1.5,14.6501,13.649099999999999,ok
2018-03-28,W,201803W4,201804,2018-03-27,10989.0,2018-03-27 13:45:00,10879.0,2018-03-28 08:45:00,-1.001001001001001,gap_down,-12.790000000000871,10891.79,10800.0,2018-03-28 08:45:20,111.0,113.0,10862.0,62.0,-52.33024,-51.32924,-54.33224,ok,-0.9737009737009736,-0.0275684616798382,ok,False,,,,,no_auction_print
2018-04-09,W,201804W1,201804,2018-04-03,10784.0,2018-04-03 13:44:59,10838.0,2018-04-09 08:45:00,0.5007418397626113,gap_up,-33.530000000000655,10871.53,10750.0,2018-04-09 08:45:03,120.0,122.0,10896.0,146.0,22.66008,23.66108,20.65808,ok,0.2040059347181009,0.2961317786414955,ok,True,117.0,6.5,27.66508,26.664080000000002,ok
2018-04-11,W,201804W2,201804,2018-04-10,10949.0,2018-04-10 13:44:59,10959.0,2018-04-11 08:45:00,0.0913325417846378,gap_up,8.819999999999709,10950.18,10850.0,2018-04-11 08:45:05,126.0,128.0,10975.0,125.0,-4.3475,-3.3465,-6.3495,ok,0.3287971504246963,-0.2366863905325444,ok,False,118.0,1.0,5.6625,4.6615,ok
2018-04-18,M,201804,201804,2018-04-17,10806.0,2018-04-17 13:45:00,10849.0,2018-04-18 08:45:00,0.3979270775495095,gap_up,1.5499999999992724,10847.45,10750.0,2018-04-18 08:45:02,105.0,107.0,10846.0,96.0,-12.32392,-11.32292,-14.32592,ok,0.1758282435683879,0.2217090069284064,ok,False,95.0,104.0,-0.31192,-1.31292,ok
2018-04-25,W,201804W4,201805,2018-04-24,10583.0,2018-04-24 13:45:00,10487.0,2018-04-25 08:45:00,-0.9071151847302276,gap_down,19.5,10467.5,10350.0,2018-04-25 08:47:57,147.0,149.0,10566.0,216.0,65.63968,66.64068,63.63768,ok,-1.1622413304356043,0.2581261950286806,ok,False,,,,,no_auction_print
2018-05-02,W,201805W1,201805,2018-04-30,10655.0,2018-04-30 13:44:59,10631.0,2018-05-02 08:45:00,-0.2252463632097606,gap_down,-13.8799999999992,10644.88,10550.0,2018-05-02 08:45:01,89.0,91.0,10611.0,61.0,-31.30322,-30.30222,-33.305220000000006,ok,-0.2721726888784608,0.0470543948804818,ok,True,89.0,4.0,-29.301219999999997,-30.30222,ok
2018-05-09,W,201805W2,201805,2018-05-08,10669.0,2018-05-08 13:45:00,10685.0,2018-05-09 08:45:00,0.1499671946761646,gap_up,-31.3799999999992,10716.38,10600.0,2018-05-09 08:45:04,97.0,99.0,10722.0,122.0,21.68656,22.68756,19.68456,ok,0.1874589933452057,-0.037421648423613,ok,False,98.0,11.5,22.68756,21.68656,ok
2018-05-16,M,201805,201805,2018-05-15,10869.0,2018-05-15 13:44:59,10845.0,2018-05-16 08:45:00,-0.2208114821970742,gap_down,-6.729999999999563,10851.73,10750.0,2018-05-16 08:45:03,95.0,97.0,10872.0,122.0,23.68556,24.68656,21.68356,ok,-0.2576133958965866,0.0368969652246102,ok,False,95.0,1.0,25.68756,24.68656,ok
2018-05-23,W,201805W4,201806,2018-05-22,10922.0,2018-05-22 13:44:59,10933.0,2018-05-23 08:45:00,0.1007141549166819,gap_up,-21.729999999999563,10954.73,10850.0,2018-05-23 08:45:18,105.0,107.0,10919.0,69.0,-39.32538,-38.324380000000005,-41.327380000000005,ok,-0.1556491485075993,0.2567629527739569,ok,False,87.0,8.5,-19.30538,-20.30638,ok
2018-05-30,W,201805W5,201806,2018-05-29,10928.0,2018-05-29 13:44:59,10833.0,2018-05-30 08:45:00,-0.8693265007320644,gap_down,-32.1200000000008,10865.12,10750.0,2018-05-30 08:45:01,115.0,117.0,10835.0,85.0,-33.3337,-32.3327,-35.3357,ok,-0.5856515373352855,-0.2853460972017673,ok,False,116.0,1.0,-32.3327,-33.3337,ok
2018-06-06,W,201806W1,201806,2018-06-05,11069.0,2018-06-05 13:44:59,11095.0,2018-06-06 08:45:00,0.23489023398681,gap_up,-31.110000000000586,11126.11,11000.0,2018-06-06 08:45:01,115.0,117.0,11200.0,200.0,81.65899999999999,82.66,79.657,ok,0.1355135965308519,0.0992421508480693,ok,False,112.0,13.0,86.664,85.663,ok
2018-06-13,W,201806W2,201806,2018-06-12,11141.0,2018-06-12 13:45:00,11152.0,2018-06-13 08:45:00,0.098734404452024,gap_up,-8.790000000000873,11160.79,11050.0,2018-06-13 08:45:09,114.0,116.0,11169.0,119.0,1.6606199999999998,2.66162,-0.34138,ok,-0.026927564850552,0.1256958161249775,ok,False,111.0,0.5,6.6656200000000005,5.66462,ok
2018-06-20,M,201806,201806,2018-06-19,10874.0,2018-06-19 13:44:59,10904.0,2018-06-20 08:45:00,0.2758874379253265,gap_up,-16.19000000000051,10920.19,10800.0,2018-06-20 08:45:01,107.0,109.0,10936.0,136.0,25.67228,26.67328,23.67028,ok,-0.1011587272392863,0.377427966491761,ok,False,102.0,13.5,32.679280000000006,31.678279999999997,ok
2018-06-27,W,201806W4,201807,2018-06-26,10592.0,2018-06-26 13:44:59,10585.0,2018-06-27 08:45:00,-0.0660876132930513,gap_down,-159.17000000000007,10744.17,10650.0,2018-06-27 08:45:15,102.0,104.0,10728.0,78.0,-27.31856,-26.31756,-29.32056,ok,-0.1604984894259818,0.0945626477541371,ok,False,97.0,2.0,-20.31156,-21.312559999999998,ok
2018-07-04,W,201807W1,201807,2018-07-03,10622.0,2018-07-03 13:44:59,10598.0,2018-07-04 08:45:00,-0.2259461495010356,gap_down,-126.71999999999936,10724.72,10600.0,2018-07-04 08:45:32,117.0,119.0,10729.0,129.0,8.66642,9.66742,6.66442,ok,-0.2636038410845415,0.0377572210685293,ok,False,,,,,no_auction_print
2018-07-11,W,201807W2,201807,2018-07-10,10709.0,2018-07-10 13:44:59,10608.0,2018-07-11 08:45:00,-0.9431319450929124,gap_down,-47.88999999999942,10655.89,10550.0,2018-07-11 08:45:04,104.0,106.0,10655.0,105.0,-2.3191,-1.3181,-4.3211,ok,,,missing,False,101.0,15.5,2.6859,1.6849,ok
2018-07-18,M,201807,201807,2018-07-17,10768.0,2018-07-17 13:44:59,10829.0,2018-07-18 08:45:00,0.5664933135215453,gap_up,-6.989999999999782,10835.99,10750.0,2018-07-18 08:45:01,80.0,82.0,10844.0,94.0,10.70112,11.70212,8.69912,ok,0.4550520059435364,0.1109364888601275,ok,False,73.0,105.5,19.71012,18.70912,ok
2018-07-25,W,201807W4,201808,2018-07-24,10871.0,2018-07-24 13:44:59,10860.0,2018-07-25 08:45:00,-0.101186643363076,gap_down,-118.38999999999942,10978.39,10850.0,2018-07-25 08:45:45,116.0,118.0,10970.0,120.0,0.6626000000000001,1.6636,-1.3394,ok,0.0367951430411185,-0.1379310344827586,ok,False,116.0,3.5,2.6646,1.6636,ok
2018-08-01,W,201808W1,201808,2018-07-31,10989.0,2018-07-31 13:44:59,11034.0,2018-08-01 08:45:00,0.4095004095004095,gap_up,-67.51000000000022,11101.51,11000.0,2018-08-01 08:45:05,78.0,80.0,11085.0,85.0,3.6983,4.6993,1.6963,ok,0.3185003185003185,0.0907111756168359,ok,False,78.0,27.5,5.7002999999999995,4.6993,ok
2018-08-08,W,201808W2,201808,2018-08-07,10968.0,2018-08-07 13:44:59,11000.0,2018-08-08 08:45:00,0.2917578409919766,gap_up,-21.44000000000051,11021.44,10900.0,2018-08-08 08:45:04,122.0,124.0,11056.0,156.0,30.65488,31.655880000000003,28.65288,ok,0.2279358132749817,0.0636768852906394,ok,False,116.0,1.5,38.66288,37.661880000000004,ok
2018-08-15,M,201808,201808,2018-08-14,10820.0,2018-08-14 13:44:59,10835.0,2018-08-15 08:45:00,0.1386321626617375,gap_up,-12.229999999999563,10847.23,10750.0,2018-08-15 08:45:01,88.0,90.0,10737.0,0.0,-90.59,-89.589,-92.592,ok,0.1848428835489833,-0.0461254612546125,ok,False,89.0,6.5,-89.589,-90.59,ok
2018-08-22,W,201808W4,201809,2018-08-21,10767.0,2018-08-21 13:44:59,10752.0,2018-08-22 08:45:00,-0.139314572304263,gap_down,-23.200000000000728,10775.2,10650.0,2018-08-22 08:45:07,137.0,139.0,10791.0,141.0,0.64518,1.6461800000000002,-1.35682,ok,0.018575276307235,-0.157860525582691,ok,False,130.0,1.0,9.654179999999998,8.653179999999999,ok
2018-08-29,W,201808W5,201809,2018-08-28,10954.0,2018-08-28 13:44:59,10977.0,2018-08-29 08:45:00,0.2099689611100967,gap_up,-37.54999999999927,11014.55,10900.0,2018-08-29 08:45:03,94.0,96.0,11061.0,161.0,63.68278,64.68378,61.68078,ok,0.1643235347818148,0.0455705432008749,ok,False,99.0,4.5,60.67978,59.678779999999996,ok
2018-09-05,W,201809W1,201809,2018-09-04,11002.0,2018-09-04 13:44:59,10973.0,2018-09-05 08:45:00,-0.2635884384657335,gap_down,-23.3799999999992,10996.38,10900.0,2018-09-05 08:45:18,97.0,99.0,11000.0,100.0,-0.3189999999999999,0.6820000000000002,-2.321,ok,-0.1545173604799127,-0.109239872553482,ok,False,96.0,4.0,2.684,1.683,ok
2018-09-12,W,201809W2,201809,2018-09-11,10740.0,2018-09-11 13:44:59,10762.0,2018-09-12 08:45:00,0.2048417132216015,gap_up,-10.299999999999272,10772.3,10650.0,2018-09-12 08:45:31,122.0,124.0,10724.0,74.0,-51.33848,-50.33748,-53.34048,ok,0.3165735567970205,-0.1113792463337664,ok,False,124.0,12.0,-51.338480000000004,-52.33948,ok
2018-09-19,M,201809,201809,2018-09-18,10781.0,2018-09-18 13:44:59,10836.0,2018-09-19 08:45:00,0.5101567572581394,gap_up,19.79000000000088,10816.21,10700.0,2018-09-19 08:45:01,139.0,141.0,10872.0,172.0,29.64156,30.64256,27.63956,ok,0.5843613764956869,-0.0737735153080044,ok,False,135.0,4.0,35.64756,34.646559999999994,ok
2018-09-26,W,201809W4,201810,2018-09-25,10981.0,2018-09-25 13:44:59,10963.0,2018-09-26 08:45:00,-0.1639194973135415,gap_down,3.149999999999636,10959.85,10850.0,2018-09-26 08:46:18,118.0,120.0,10962.0,112.0,-9.339239999999998,-8.338239999999999,-11.34124,ok,-0.1092796648756943,-0.0546996079861427,ok,False,,,,,no_auction_print
2018-10-03,W,201810W1,201810,2018-10-02,10879.0,2018-10-02 13:44:59,10880.0,2018-10-03 08:45:00,0.0091920213254894,gap_up,-41.6299999999992,10921.63,10800.0,2018-10-03 08:45:05,109.0,111.0,10852.0,52.0,-60.32804,-59.32704,-62.33004,ok,-0.0275760639764684,0.0367782272894446,ok,False,107.0,1.0,-56.32404,-57.325039999999994,ok
2018-10-11,W,201810W2,201810,2018-10-09,10460.0,2018-10-09 13:44:59,10026.0,2018-10-11 08:45:00,-4.149139579349905,gap_down,4.170000000000073,10021.83,9900.0,2018-10-11 08:49:08,116.0,118.0,9819.0,0.0,-118.618,-117.617,-120.62,ok,0.0669216061185468,-4.213241616509028,ok,True,,,,,no_auction_print
2018-10-17,M,201810,201810,2018-10-16,9951.0,2018-10-16 13:44:59,10082.0,2018-10-17 08:45:00,1.3164506079790976,gap_up,-20.100000000000364,10102.1,10000.0,2018-10-17 08:45:01,99.0,101.0,9994.0,0.0,-101.601,-100.6,-103.603,ok,1.3666968143905136,-0.0495687518588282,ok,False,97.0,62.5,-97.597,-98.598,ok
2018-10-24,W,201810W4,201811,2018-10-23,9728.0,2018-10-23 13:44:59,9753.0,2018-10-24 08:45:00,0.2569901315789474,gap_up,-45.20000000000073,9798.2,9700.0,2018-10-24 08:45:01,100.0,102.0,9774.0,74.0,-29.29748,-28.29648,-31.29948,ok,0.2158717105263158,0.0410298492153041,ok,False,105.0,18.5,-32.30048,-33.301480000000005,ok
2018-10-31,W,201810W5,201811,2018-10-30,9524.0,2018-10-30 13:44:59,9595.0,2018-10-31 08:45:00,0.745485090298194,gap_up,0.8899999999994179,9594.11,9500.0,2018-10-31 08:45:01,115.0,117.0,9733.0,233.0,114.68834,115.68934,112.68634,ok,1.0499790004199916,-0.3013300083125519,ok,False,115.0,7.0,116.69034,115.68934,ok
2018-11-07,W,201811W1,201811,2018-11-06,9774.0,2018-11-06 13:44:59,9785.0,2018-11-07 08:45:00,0.1125434827092285,gap_up,-55.95000000000073,9840.95,9750.0,2018-11-07 08:45:03,92.0,94.0,9889.0,139.0,43.70822,44.70922,41.70622,ok,0.3171679967260077,-0.2039775624681285,ok,False,92.0,10.0,45.71022,44.709219999999995,ok
2018-11-14,W,201811W2,201811,2018-11-13,9728.0,2018-11-13 13:44:59,9768.0,2018-11-14 08:45:00,0.4111842105263157,gap_up,-26.840000000000146,9794.84,9700.0,2018-11-14 08:45:03,95.0,97.0,9788.0,88.0,-10.29276,-9.29176,-12.29476,ok,0.2364309210526315,0.174341093221208,ok,False,95.0,2.0,-8.29076,-9.29176,ok
2018-11-21,M,201811,201811,2018-11-20,9732.0,2018-11-20 13:44:59,9661.0,2018-11-21 08:45:00,-0.7295519934237567,gap_down,-1.9899999999997813,9662.99,9550.0,2018-11-21 08:45:01,121.0,123.0,9743.0,193.0,68.68213999999999,69.68314,66.68014,ok,-0.8117550349362926,0.0828757899098725,ok,False,123.0,0.5,68.68213999999999,67.68114,ok
2018-11-28,W,201811W4,201812,2018-11-27,9741.0,2018-11-27 13:44:59,9780.0,2018-11-28 08:45:00,0.4003695719125347,gap_up,-31.6200000000008,9811.62,9700.0,2018-11-28 08:45:06,100.0,102.0,9874.0,174.0,70.70052,71.70152,68.69852,ok,0.2361153885638024,0.1638672675133142,ok,False,99.0,6.5,73.70352,72.70252,ok
2018-12-05,W,201812W1,201812,2018-12-04,10042.0,2018-12-04 13:44:59,9900.0,2018-12-05 08:45:00,-1.414060944035053,gap_down,-44.54000000000087,9944.54,9850.0,2018-12-05 08:45:01,87.0,89.0,9904.0,54.0,-36.28708,-35.28608,-38.28908,ok,-1.4837681736705834,0.0707571009804912,ok,False,93.0,0.5,-40.29108,-41.29208,ok
2018-12-12,W,201812W2,201812,2018-12-11,9687.0,2018-12-11 13:45:00,9759.0,2018-12-12 08:45:00,0.7432641684732115,gap_up,-24.04000000000088,9783.04,9700.0,2018-12-12 08:45:01,84.0,86.0,9829.0,129.0,41.71742,42.71842,39.71542,ok,0.237431609373387,0.5046343975283214,ok,False,72.0,35.0,55.73142,54.73042,ok
2018-12-19,M,201812,201812,2018-12-18,9718.0,2018-12-18 13:44:59,9758.0,2018-12-19 08:45:00,0.4116073266104136,gap_up,-6.819999999999709,9764.82,9650.0,2018-12-19 08:45:01,103.0,105.0,9768.0,118.0,11.69964,12.70064,9.69764,ok,0.2984153117925499,0.1128552375089771,ok,False,103.0,2.0,13.701640000000001,12.70064,ok
2018-12-26,W,201812W4,201901,2018-12-25,9477.0,2018-12-25 13:44:59,9523.0,2018-12-26 08:45:00,0.4853856705708558,gap_up,-51.09000000000015,9574.09,9500.0,2018-12-26 08:45:01,58.0,60.0,9489.0,0.0,-60.56,-59.559,-62.562,ok,0.0211037248074285,0.4641839856524949,ok,False,53.0,79.5,-53.553,-54.554,ok
2019-01-02,W,201901W1,201901,2018-12-28,9671.0,2018-12-28 13:44:59,9760.0,2019-01-02 08:45:00,0.9202771171543792,gap_up,-49.409999999999854,9809.41,9700.0,2019-01-02 08:45:01,74.0,76.0,9550.0,0.0,-76.576,-75.575,-78.578,ok,0.0413607693103091,0.8785529715762275,ok,True,71.0,64.0,-71.571,-72.572,ok
2019-01-09,W,201901W2,201901,2019-01-08,9561.0,2019-01-08 13:44:59,9608.0,2019-01-09 08:45:00,0.491580378621483,gap_up,3.399999999999636,9604.6,9500.0,2019-01-09 08:45:09,120.0,122.0,9735.0,235.0,111.6833,112.6843,109.6813,ok,0.4602029076456437,0.0312337324310255,ok,False,115.0,2.5,118.69030000000001,117.6893,ok
2019-01-16,M,201901,201901,2019-01-15,9793.0,2019-01-15 13:45:00,9781.0,2019-01-16 08:45:00,-0.1225365056673133,gap_down,-12.040000000000871,9793.04,9700.0,2019-01-16 08:45:03,88.0,90.0,9784.0,84.0,-7.28568,-6.284680000000001,-9.28768,ok,0.0204227509445522,-0.1429300663603879,ok,False,87.0,5.0,-4.28268,-5.28368,ok
2019-01-23,W,201901W4,201902,2019-01-22,9847.0,2019-01-22 13:44:59,9830.0,2019-01-23 08:45:00,-0.1726414136285163,gap_down,-47.659999999999854,9877.66,9800.0,2019-01-23 08:45:01,58.0,60.0,9837.0,37.0,-24.25674,-23.25574,-26.25874,ok,-0.4062150908906266,0.2345263587233608,ok,False,56.0,21.0,-20.25274,-21.253739999999997,ok
2019-01-30,W,201901W5,201902,2019-01-29,9923.0,2019-01-29 13:44:59,9925.0,2019-01-30 08:45:00,0.0201551950015116,gap_up,-21.590000000000146,9946.59,9850.0,2019-01-30 08:45:01,96.0,98.0,9930.0,80.0,-19.2966,-18.2956,-21.2986,ok,-0.1410863650105814,0.1614693712786356,ok,False,94.0,3.5,-15.2926,-16.2936,ok
2019-02-11,W,201902W1,201902,2019-01-30,9926.0,2019-01-30 13:44:59,10010.0,2019-02-11 08:45:00,0.846262341325811,gap_up,-9.260000000000218,10019.26,9900.0,2019-02-11 08:45:16,111.0,113.0,10020.0,120.0,5.6866,6.6876,3.6846,ok,-0.0100745516824501,0.8564231738035265,ok,True,131.0,4.5,-12.3314,-13.3324,ok
2019-02-13,W,201902W2,201902,2019-02-12,10084.0,2019-02-12 13:45:00,10125.0,2019-02-13 08:45:00,0.4065846886156287,gap_up,-13.739999999999782,10138.74,10050.0,2019-02-13 08:45:01,83.0,85.0,10100.0,50.0,-36.287,-35.286,-38.289,ok,0.4363347877826259,-0.0296208530805687,ok,False,94.0,19.5,-45.296,-46.297,ok
2019-02-20,M,201902,201902,2019-02-19,10142.0,2019-02-19 13:45:00,10183.0,2019-02-20 08:45:00,0.4042595148885821,gap_up,-9.260000000000218,10192.26,10100.0,2019-02-20 08:45:01,81.0,83.0,10256.0,156.0,71.71188000000001,72.71288000000001,69.70988000000001,ok,0.3648195622165253,0.0392965910207289,ok,False,84.0,33.0,70.71088,69.70988000000001,ok
2019-02-27,W,201902W4,201903,2019-02-26,10355.0,2019-02-26 13:44:59,10375.0,2019-02-27 08:45:00,0.1931434089811685,gap_up,-22.549999999999272,10397.55,10300.0,2019-02-27 08:45:01,96.0,98.0,10376.0,76.0,-23.30552,-22.30452,-25.30752,ok,0.0482858522452921,0.1447876447876447,ok,False,96.0,5.0,-21.30352,-22.30452,ok
2019-03-06,W,201903W1,201903,2019-03-05,10274.0,2019-03-05 13:44:59,10283.0,2019-03-06 08:45:00,0.0875997664006229,gap_up,-24.26000000000022,10307.26,10200.0,2019-03-06 08:45:03,111.0,113.0,10340.0,140.0,25.6802,26.6812,23.6782,ok,0.2433326844461747,-0.1553548888241576,ok,False,114.0,0.5,24.679199999999998,23.6782,ok
2019-03-13,W,201903W2,201903,2019-03-12,10348.0,2019-03-12 13:45:00,10325.0,2019-03-13 08:45:00,-0.2222651720139157,gap_down,6.670000000000073,10318.33,10200.0,2019-03-13 08:45:20,135.0,137.0,10365.0,165.0,26.6557,27.6567,24.6537,ok,-0.154619250096637,-0.067750677506775,ok,False,,,,,no_auction_print
2019-03-20,M,201903,201903,2019-03-19,10501.0,2019-03-19 13:44:59,10493.0,2019-03-20 08:45:00,-0.0761832206456527,gap_down,-7.319999999999709,10500.32,10400.0,2019-03-20 08:45:20,99.0,101.0,10545.0,145.0,42.6881,43.6891,40.6861,ok,0.0952290258070659,-0.1712491675387689,ok,False,107.0,2.5,36.6821,35.6811,ok
2019-03-27,W,201903W4,201904,2019-03-26,10522.0,2019-03-26 13:44:59,10506.0,2019-03-27 08:45:00,-0.1520623455616803,gap_down,-38.20000000000073,10544.2,10450.0,2019-03-27 08:45:03,95.0,97.0,10541.0,91.0,-7.307819999999999,-6.30682,-9.30982,ok,0.1520623455616803,-0.3036629341431011,ok,False,95.0,1.0,-5.30582,-6.30682,ok
2019-04-03,W,201904W1,201904,2019-04-02,10676.0,2019-04-02 13:44:59,10688.0,2019-04-03 08:45:00,0.1124016485575121,gap_up,-10.299999999999272,10698.3,10600.0,2019-04-03 08:45:01,103.0,105.0,10724.0,124.0,17.68052,18.68152,15.67852,ok,-0.1311352566504308,0.243856687300694,ok,False,98.0,3.0,24.68752,23.68652,ok
2019-04-10,W,201904W2,201904,2019-04-09,10843.0,2019-04-09 13:44:59,10820.0,2019-04-10 08:45:00,-0.2121184174121553,gap_down,-9.600000000000364,10829.6,10700.0,2019-04-10 08:45:08,131.0,133.0,10866.0,166.0,31.64968,32.65068,29.64768,ok,-0.2951212763995204,0.0832485431504948,ok,False,131.0,0.5,33.65168,32.65068,ok
2019-04-17,M,201904,201904,2019-04-16,10931.0,2019-04-16 13:44:59,10954.0,2019-04-17 08:45:00,0.2104107583935596,gap_up,-4.850000000000364,10958.85,10850.0,2019-04-17 08:45:01,105.0,107.0,11005.0,155.0,46.6729,47.6739,44.6709,ok,0.1829658768639648,0.0273947584695461,ok,False,101.0,1.0,52.6789,51.6779,ok
2019-04-24,W,201904W4,201905,2019-04-23,11024.0,2019-04-23 13:44:59,11050.0,2019-04-24 08:45:00,0.2358490566037736,gap_up,-13.680000000000293,11063.68,10950.0,2019-04-24 08:45:16,115.0,117.0,11002.0,52.0,-66.33704,-65.33604,-68.33904,ok,0.2993468795355588,-0.0633083114768924,ok,False,112.0,1.5,-61.33204,-62.33304,ok
2019-05-02,W,201905W1,201905,2019-04-30,10952.0,2019-04-30 13:45:00,10947.0,2019-05-02 08:45:00,-0.045653761869978,gap_down,-19.729999999999563,10966.73,10850.0,2019-05-02 08:45:28,108.0,110.0,10999.0,149.0,37.67002,38.67102,35.66802,ok,-0.0365230094959824,-0.0091340884179758,ok,True,115.0,0.5,32.66502,31.66402,ok
2019-05-08,W,201905W2,201905,2019-05-07,10970.0,2019-05-07 13:44:59,10849.0,2019-05-08 08:45:00,-1.1030082041932543,gap_down,-20.13999999999941,10869.14,10750.0,2019-05-08 08:46:16,145.0,147.0,10935.0,185.0,36.6343,37.6353,34.6323,ok,-0.9024612579762992,-0.2023732867261521,ok,False,,,,,no_auction_print
2019-05-15,M,201905,201905,2019-05-14,10532.0,2019-05-14 13:44:59,10539.0,2019-05-15 08:45:00,0.0664641093809343,gap_up,8.75,10530.25,10400.0,2019-05-15 08:45:13,142.0,144.0,10580.0,180.0,34.644400000000005,35.6454,32.6424,ok,0.1993923281428029,-0.1326636975267696,ok,False,144.0,6.0,34.644400000000005,33.6434,ok
2019-05-22,W,201905W4,201906,2019-05-21,10487.0,2019-05-21 13:44:59,10471.0,2019-05-22 08:45:00,-0.1525698483837131,gap_down,22.5,10448.5,10350.0,2019-05-22 08:45:33,125.0,127.0,10474.0,124.0,-4.33648,-3.33548,-6.33848,ok,0.2193191570515877,-0.3710751665080875,ok,False,127.0,0.5,-4.33648,-5.33748,ok
2019-05-29,W,201905W5,201906,2019-05-28,10340.0,2019-05-28 13:44:59,10220.0,2019-05-29 08:45:00,-1.160541586073501,gap_down,11.69000000000051,10208.31,10100.0,2019-05-29 08:47:24,141.0,143.0,10290.0,190.0,45.6512,46.65219999999999,43.64919999999999,ok,-0.5996131528046422,-0.5643121229811248,ok,False,,,,,no_auction_print
2019-06-05,W,201906W1,201906,2019-06-04,10416.0,2019-06-04 13:44:59,10495.0,2019-06-05 08:45:00,0.7584485407066052,gap_up,-17.1200000000008,10512.12,10400.0,2019-06-05 08:45:06,111.0,113.0,10461.0,61.0,-53.32222,-52.32122,-55.32422,ok,0.6624423963133641,0.0953743443013829,ok,False,107.0,1.0,-47.31622,-48.31722,ok
2019-06-12,W,201906W2,201906,2019-06-11,10592.0,2019-06-11 13:44:59,10587.0,2019-06-12 08:45:00,-0.0472054380664652,gap_down,-19.76000000000022,10606.76,10500.0,2019-06-12 08:45:17,101.0,103.0,10620.0,120.0,15.684599999999998,16.6856,13.6826,ok,-0.1321752265861027,0.0850822461712989,ok,False,105.0,0.5,13.682599999999999,12.6816,ok
2019-06-19,M,201906,201906,2019-06-18,10553.0,2019-06-18 13:44:59,10680.0,2019-06-19 08:45:00,1.203449256135696,gap_up,-17.73999999999978,10697.74,10600.0,2019-06-19 08:45:01,85.0,87.0,10770.0,170.0,81.6976,82.6986,79.6956,ok,0.9949777314507724,0.2064177143929442,ok,False,75.0,101.5,93.7096,92.7086,ok
2019-06-26,W,201906W4,201907,2019-06-25,10540.0,2019-06-25 13:44:59,10525.0,2019-06-26 08:45:00,-0.1423149905123339,gap_down,-160.71999999999937,10685.72,10600.0,2019-06-26 08:45:01,76.0,78.0,10665.0,65.0,-14.2913,-13.2903,-16.2933,ok,-0.3036053130929791,0.1617814998096688,ok,False,72.0,6.5,-8.2853,-9.2863,ok
2019-07-03,W,201907W1,201907,2019-07-02,10749.0,2019-07-02 13:44:59,10733.0,2019-07-03 08:45:00,-0.1488510559121778,gap_down,-118.1200000000008,10851.12,10750.0,2019-07-03 08:45:04,85.0,87.0,10729.0,0.0,-87.587,-86.586,-89.589,ok,0.0930319099451111,-0.2416581466679059,ok,False,98.0,0.5,-98.598,-99.599,ok
2019-07-10,W,201907W2,201907,2019-07-09,10650.0,2019-07-09 13:44:59,10699.0,2019-07-10 08:45:00,0.460093896713615,gap_up,-57.780000000000655,10756.78,10650.0,2019-07-10 08:45:02,100.0,102.0,10792.0,142.0,38.68216,39.68316,36.68016,ok,0.3568075117370892,0.1029191616766467,ok,False,90.0,5.0,50.69416,49.69316,ok
2019-07-17,M,201907,201907,2019-07-16,10876.0,2019-07-16 13:44:59,10837.0,2019-07-17 08:45:00,-0.3585877160720853,gap_down,-6.049999999999272,10843.05,10750.0,2019-07-17 08:45:11,91.0,93.0,10831.0,81.0,-13.30962,-12.30862,-15.31162,ok,-0.2206693637366679,-0.1382233689642462,ok,False,93.0,4.0,-13.30962,-14.31062,ok
2019-07-24,W,201907W4,201908,2019-07-23,10803.0,2019-07-23 13:45:00,10817.0,2019-07-24 08:45:00,0.1295936313986855,gap_up,-148.26000000000022,10965.26,10850.0,2019-07-24 08:45:15,110.0,112.0,10923.0,73.0,-40.33046,-39.32946,-42.33246,ok,0.1851337591409793,-0.055437494225261,ok,False,106.0,1.5,-34.32446,-35.32546,ok
2019-07-31,W,201907W5,201908,2019-07-30,10752.0,2019-07-30 13:45:00,10721.0,2019-07-31 08:45:00,-0.2883184523809524,gap_down,-72.89999999999964,10793.9,10700.0,2019-07-31 08:45:05,97.0,99.0,10814.0,114.0,13.68472,14.68572,11.682720000000002,ok,-0.3162202380952381,0.0279902966971449,ok,False,94.0,0.5,18.689719999999998,17.68872,ok
2019-08-07,W,201908W1,201908,2019-08-06,10331.0,2019-08-06 13:44:59,10330.0,2019-08-07 08:45:00,-0.009679605072113,gap_down,-48.75,10378.75,10250.0,2019-08-07 08:46:02,134.0,136.0,10383.0,133.0,-4.34366,-3.3426599999999995,-6.34566,ok,0.3000677572355048,-0.308820690986296,ok,False,,,,,no_auction_print
2019-08-14,W,201908W2,201908,2019-08-13,10342.0,2019-08-13 13:45:00,10457.0,2019-08-14 08:45:00,1.1119706052987817,gap_up,-14.659999999999854,10471.66,10350.0,2019-08-14 08:45:12,124.0,126.0,10444.0,94.0,-33.33488,-32.33388,-35.33688,ok,1.150647843743957,-0.0382372622120256,ok,False,126.0,11.0,-33.33488,-34.33588,ok
2019-08-21,M,201908,201908,2019-08-20,10527.0,2019-08-20 13:44:59,10514.0,2019-08-21 08:45:00,-0.1234919730217535,gap_down,-4.5,10518.5,10400.0,2019-08-21 08:45:01,113.0,115.0,10528.0,128.0,11.67444,12.675439999999998,9.672439999999998,ok,-0.2849814762040467,0.1619510336286558,ok,False,106.0,0.5,20.683439999999997,19.68244,ok
2019-08-28,W,201908W4,201909,2019-08-27,10364.0,2019-08-27 13:44:59,10390.0,2019-08-28 08:45:00,0.2508683905827866,gap_up,-30.229999999999563,10420.23,10300.0,2019-08-28 08:45:07,113.0,115.0,10426.0,126.0,9.67648,10.67748,7.674479999999999,ok,0.1157854110382091,0.1349267540478026,ok,False,106.0,3.5,18.68548,17.68448,ok
2019-09-04,W,201909W1,201909,2019-09-03,10543.0,2019-09-03 13:44:59,10563.0,2019-09-04 08:45:00,0.1896993265673907,gap_up,-12.209999999999129,10575.21,10450.0,2019-09-04 08:45:19,124.0,126.0,10657.0,207.0,79.66086,80.66186,77.65886,ok,0.1138195959404344,0.0757934628138323,ok,False,121.0,5.0,84.66586000000001,83.66486,ok
2019-09-11,W,201909W2,201909,2019-09-10,10743.0,2019-09-10 13:44:59,10795.0,2019-09-11 08:45:00,0.4840361165410034,gap_up,-9.579999999999927,10804.58,10700.0,2019-09-11 08:45:01,98.0,100.0,10753.0,53.0,-48.31506,-47.31406,-50.31706,ok,0.4002606348319836,0.0834414982384572,ok,False,90.0,36.0,-38.305060000000005,-39.30606,ok
2019-09-18,M,201909,201909,2019-09-17,10863.0,2019-09-17 13:44:59,10912.0,2019-09-18 08:45:00,0.4510724477584461,gap_up,-10.5,10922.5,10800.0,2019-09-18 08:45:01,110.0,112.0,10960.0,160.0,46.6688,47.6698,44.6668,ok,0.4326613274417748,0.0183318056828597,ok,False,107.0,7.5,51.6738,50.6728,ok
2019-09-25,W,201909W4,201910,2019-09-24,10908.0,2019-09-24 13:44:59,10865.0,2019-09-25 08:45:00,-0.3942060872753942,gap_down,-15.010000000000218,10880.01,10750.0,2019-09-25 08:48:22,134.0,136.0,10841.0,91.0,-46.35282,-45.35182,-48.35482,ok,-0.3483681701503484,-0.045998160073597,ok,False,140.0,1.0,-50.35682,-51.35782,ok
2019-10-02,W,201910W1,201910,2019-10-01,10954.0,2019-10-01 13:44:59,10916.0,2019-10-02 08:45:00,-0.3469052400949425,gap_down,-7.649999999999636,10923.65,10800.0,2019-10-02 08:45:36,125.0,127.0,10953.0,153.0,24.65394,25.65494,22.65194,ok,-0.4655833485484755,0.119233238558195,ok,False,123.0,1.0,28.65794,27.656940000000002,ok
2019-10-09,W,201910W2,201910,2019-10-08,11001.0,2019-10-08 13:44:59,10963.0,2019-10-09 08:45:00,-0.3454231433506045,gap_down,-20.30999999999949,10983.31,10850.0,2019-10-09 08:45:03,119.0,121.0,10911.0,61.0,-61.339220000000005,-60.33822,-63.34122,ok,-0.436323970548132,0.0912991874372318,ok,False,119.0,0.5,-59.33722,-60.33822,ok
2019-10-16,M,201910,201910,2019-10-15,11108.0,2019-10-15 13:44:59,11158.0,2019-10-16 08:45:00,0.4501260352898811,gap_up,-8.799999999999272,11166.8,11050.0,2019-10-16 08:45:12,113.0,115.0,11146.0,96.0,-20.33792,-19.33692,-22.33992,ok,0.549153763053655,-0.09848688333781,ok,False,113.0,7.5,-18.335919999999998,-19.33692,ok
2019-10-23,W,201910W4,201911,2019-10-22,11242.0,2019-10-22 13:45:00,11225.0,2019-10-23 08:45:00,-0.1512186443693293,gap_down,-32.25,11257.25,11150.0,2019-10-23 08:45:10,98.0,100.0,11217.0,67.0,-34.32434,-33.323339999999995,-36.32634,ok,-0.1156377868706635,-0.0356220500489803,ok,False,101.0,1.5,-35.32534,-36.326339999999995,ok
2019-10-30,W,201910W5,201911,2019-10-29,11326.0,2019-10-29 13:45:00,11312.0,2019-10-30 08:45:00,-0.1236093943139678,gap_down,-6.8700000000008,11318.87,11200.0,2019-10-30 08:45:24,117.0,119.0,11368.0,168.0,47.65364,48.65464,45.65164,ok,-0.0529754547059862,-0.0706713780918728,ok,False,,,,,no_auction_print
2019-11-06,W,201911W1,201911,2019-11-05,11645.0,2019-11-05 13:44:59,11644.0,2019-11-06 08:45:00,-0.008587376556462,gap_down,-8.030000000000655,11652.03,11550.0,2019-11-06 08:45:02,98.0,100.0,11655.0,105.0,3.6669,4.6679,1.6649,ok,0.025762129669386,-0.0343406593406593,ok,False,,,,,no_auction_print
2019-11-13,W,201911W2,201911,2019-11-12,11523.0,2019-11-12 13:44:59,11463.0,2019-11-13 08:45:00,-0.5206977349648528,gap_down,1.6299999999991996,11461.37,11350.0,2019-11-13 08:45:05,120.0,122.0,11476.0,126.0,2.64848,3.64948,0.6464799999999998,ok,-0.364488414475397,-0.1567807682257643,ok,False,,,,,no_auction_print
2019-11-20,M,201911,201911,2019-11-19,11644.0,2019-11-19 13:44:59,11621.0,2019-11-20 08:45:00,-0.1975266231535555,gap_down,-5.399999999999636,11626.4,11500.0,2019-11-20 08:45:26,126.0,128.0,11608.0,108.0,-21.36016,-20.35916,-23.36216,ok,-0.1374098248024733,-0.0601995184038527,ok,False,126.0,0.5,-19.35816,-20.35916,ok
2019-11-27,W,201911W4,201912,2019-11-26,11618.0,2019-11-26 13:45:00,11613.0,2019-11-27 08:45:00,-0.0430366672404889,gap_down,36.18000000000029,11576.82,11450.0,2019-11-27 08:46:02,166.0,168.0,11641.0,191.0,21.59918,22.60018,19.59718,ok,0.07746600103288,-0.1204093919325707,ok,False,,,,,no_auction_print
2019-12-04,W,201912W1,201912,2019-12-03,11524.0,2019-12-03 13:44:59,11492.0,2019-12-04 08:45:00,-0.2776813606386671,gap_down,-19.579999999999927,11511.58,11400.0,2019-12-04 08:45:01,100.0,102.0,11474.0,74.0,-29.33148,-28.33048,-31.33348,ok,-0.3731343283582089,0.0958104694713004,ok,False,94.0,4.5,-21.32348,-22.324479999999998,ok
2019-12-11,W,201912W2,201912,2019-12-10,11625.0,2019-12-10 13:44:59,11600.0,2019-12-11 08:45:00,-0.2150537634408602,gap_down,-2.840000000000145,11602.84,11500.0,2019-12-11 08:45:07,97.0,99.0,11680.0,180.0,79.6674,80.6684,77.6654,ok,-0.086021505376344,-0.1291433491175204,ok,False,106.0,0.5,72.66040000000001,71.6594,ok
2019-12-18,M,201912,201912,2019-12-17,12100.0,2019-12-17 13:45:00,12077.0,2019-12-18 08:45:00,-0.1900826446280991,gap_down,-11.010000000000218,12088.01,11950.0,2019-12-18 08:45:14,122.0,124.0,12119.0,169.0,43.63362,44.634620000000005,41.631620000000005,ok,-0.1818181818181818,-0.0082795164762377,ok,False,128.0,5.0,39.62962,38.628620000000005,ok
2019-12-25,W,201912W4,202001,2019-12-24,11983.0,2019-12-24 13:44:59,11989.0,2019-12-25 08:45:00,0.0500709338229158,gap_up,13.6200000000008,11975.38,11850.0,2019-12-25 08:45:11,127.0,129.0,12016.0,166.0,35.630680000000005,36.63168,33.62868,ok,0.0417257781857631,0.0083416750083416,ok,False,,,,,no_auction_print
2020-01-02,W,202001W1,202001,2019-12-31,11995.0,2019-12-31 13:45:00,12044.0,2020-01-02 08:45:00,0.4085035431429762,gap_up,4.860000000000582,12039.14,11900.0,2020-01-02 08:45:03,147.0,149.0,12102.0,202.0,51.60896,52.60996,49.60696,ok,-0.0083368070029178,0.416875104218776,ok,True,140.0,5.0,60.61796,59.61696,ok
2020-01-08,W,202001W2,202001,2020-01-07,11871.0,2020-01-07 13:44:59,11728.0,2020-01-08 08:45:00,-1.204616291803555,gap_down,6.680000000000291,11721.32,11600.0,2020-01-08 08:47:27,141.0,143.0,11840.0,240.0,95.6202,96.6212,93.6182,ok,0.3116839356414792,-1.5115888478333892,ok,False,,,,,no_auction_print
2020-01-15,M,202001,202001,2020-01-14,12181.0,2020-01-14 13:44:59,12159.0,2020-01-15 08:45:00,-0.180609145390362,gap_down,-2.8099999999994907,12161.81,12050.0,2020-01-15 08:45:16,111.0,113.0,12063.0,13.0,-101.35426,-100.35326,-103.35626,ok,-0.0492570396519169,-0.1314168377823408,ok,False,107.0,10.5,-95.34826,-96.34926,ok
2020-01-30,W,202001W4,202002,2020-01-20,12111.0,2020-01-20 13:44:59,11770.0,2020-01-30 08:45:00,-2.815622161671208,gap_down,-7.709999999999127,11777.71,11650.0,,,,11436.0,0.0,,,,no_fill,-0.1238543472875897,-2.69510582010582,ok,True,,,,,no_auction_print
2020-02-05,W,202002W1,202002,2020-02-04,11534.0,2020-02-04 13:44:59,11603.0,2020-02-05 08:45:00,0.5982313161088955,gap_up,-28.92000000000008,11631.92,11500.0,2020-02-05 08:45:08,124.0,126.0,11560.0,60.0,-67.3572,-66.3562,-69.3592,ok,0.7629616785156927,-0.1634830493890896,ok,False,130.0,0.5,-71.3612,-72.3622,ok
2020-02-12,W,202002W2,202002,2020-02-11,11666.0,2020-02-11 13:44:59,11663.0,2020-02-12 08:45:00,-0.0257157551860106,gap_down,-3.040000000000873,11666.04,11550.0,2020-02-12 08:45:16,128.0,130.0,11793.0,243.0,111.63414,112.63514,109.63214,ok,0.068575347162695,-0.0942264862086688,ok,False,128.0,0.5,113.63614,112.63513999999999,ok
2020-02-19,M,202002,202002,2020-02-18,11640.0,2020-02-18 13:44:59,11678.0,2020-02-19 08:45:00,0.3264604810996563,gap_up,-11.979999999999563,11689.98,11550.0,2020-02-19 08:45:01,132.0,134.0,11760.0,210.0,74.6308,75.6318,72.6288,ok,-0.0085910652920962,0.3350803333619727,ok,False,125.0,5.5,83.6398,82.63879999999999,ok
2020-02-26,W,202002W4,202003,2020-02-25,11542.0,2020-02-25 13:44:59,11383.0,2020-02-26 08:45:00,-1.3775775428868482,gap_down,-2.2299999999995634,11385.23,11250.0,2020-02-26 08:46:18,181.0,183.0,11433.0,183.0,-1.41166,-0.41066,-3.41366,ok,-1.7328019407381736,0.3614882736730735,ok,False,,,,,no_auction_print
2020-03-04,W,202003W1,202003,2020-03-03,11324.0,2020-03-03 13:44:59,11348.0,2020-03-04 08:45:00,0.2119392440833628,gap_up,-18.719999999999345,11366.72,11250.0,2020-03-04 08:45:10,119.0,121.0,11379.0,129.0,6.65142,7.652420000000001,4.64942,ok,-0.6093253267396679,0.8262994224788983,ok,False,100.0,0.5,27.67242,26.67142,ok
2020-03-11,W,202003W2,202003,2020-03-10,10984.0,2020-03-10 13:44:59,10979.0,2020-03-11 08:45:00,-0.0455207574654042,gap_down,-26.54000000000088,11005.54,10900.0,2020-03-11 08:45:13,104.0,106.0,10907.0,7.0,-100.32414,-99.32314,-102.32614,ok,0.5553532410779315,-0.5975554549569941,ok,False,123.0,0.5,-117.34114000000001,-118.34214,ok
2020-03-18,M,202003,202003,2020-03-17,9363.0,2020-03-17 13:44:59,9366.0,2020-03-18 08:45:00,0.0320410124959948,gap_up,-23.6299999999992,9389.63,9300.0,2020-03-18 08:45:03,135.0,137.0,9264.0,0.0,-137.637,-136.636,-139.639,ok,1.1427961123571504,-1.0982048574445618,ok,False,125.0,0.5,-125.625,-126.626,ok
2020-03-25,W,202003W4,202004,2020-03-24,9193.0,2020-03-24 13:44:59,9410.0,2020-03-25 08:45:00,2.3604916784509955,gap_up,-121.6200000000008,9531.62,9450.0,2020-03-25 08:45:01,120.0,122.0,9625.0,175.0,51.6855,52.6865,49.6835,ok,2.7194604590449254,-0.3494652123265911,ok,False,120.0,0.5,53.6875,52.686499999999995,ok
2020-04-01,W,202004W1,202004,2020-03-31,9596.0,2020-03-31 13:45:00,9588.0,2020-04-01 08:45:00,-0.0833680700291788,gap_down,-125.05999999999948,9713.06,9600.0,2020-04-01 08:45:08,92.0,94.0,9684.0,84.0,-11.28768,-10.28668,-13.28968,ok,-0.2188411838265944,0.1357702349869451,ok,False,95.0,4.0,-12.288680000000001,-13.28968,ok
2020-04-08,W,202004W2,202004,2020-04-07,9997.0,2020-04-07 13:44:59,9950.0,2020-04-08 08:45:00,-0.4701410423126938,gap_down,-18.38999999999941,9968.39,9850.0,2020-04-08 08:45:22,131.0,133.0,10131.0,281.0,146.66438,147.66538,144.66238,ok,-0.0300090027008102,-0.4402641584950971,ok,False,131.0,1.0,148.66638,147.66538,ok
2020-04-15,M,202004,202004,2020-04-14,10346.0,2020-04-14 13:44:59,10347.0,2020-04-15 08:45:00,0.00966557123526,gap_up,-0.9400000000005092,10347.94,10250.0,2020-04-15 08:45:01,110.0,112.0,10451.0,201.0,87.67898000000001,88.67998,85.67698,ok,0.4156195631161801,-0.4042737510828761,ok,False,105.0,0.5,94.68598,93.68498000000001,ok
2020-04-22,W,202004W4,202005,2020-04-21,10198.0,2020-04-21 13:45:00,10145.0,2020-04-22 08:45:00,-0.5197097470092175,gap_down,-95.42000000000009,10240.42,10150.0,2020-04-22 08:45:03,85.0,87.0,10285.0,135.0,46.7073,47.7083,44.7053,ok,-0.6766032555403021,0.1579622865040971,ok,False,88.0,10.5,45.7063,44.7053,ok
2020-04-29,W,202004W5,202005,2020-04-28,10582.0,2020-04-28 13:44:59,10655.0,2020-04-29 08:45:00,0.6898506898506899,gap_up,-32.05999999999949,10687.06,10600.0,2020-04-29 08:45:01,86.0,88.0,10764.0,164.0,74.69672,75.69771999999999,72.69471999999999,ok,0.189000189000189,0.4999056781739295,ok,False,81.0,1.5,81.70371999999999,80.70272,ok
2020-05-06,W,202005W1,202005,2020-05-05,10725.0,2020-05-05 13:44:59,10658.0,2020-05-06 08:45:00,-0.6247086247086248,gap_down,-57.61000000000058,10715.61,10600.0,2020-05-06 08:45:25,132.0,134.0,10757.0,157.0,21.65086,22.65186,19.64886,ok,-0.4662004662004662,-0.1592505854800937,ok,False,,,,,no_auction_print
2020-05-13,W,202005W2,202005,2020-05-12,10865.0,2020-05-12 13:45:00,10783.0,2020-05-13 08:45:00,-0.7547169811320755,gap_down,-13.469999999999343,10796.47,10700.0,2020-05-13 08:45:07,125.0,127.0,10924.0,224.0,95.65452,96.65552,93.65252,ok,-0.9203865623561897,0.1672085462145843,ok,False,121.0,0.5,101.66052,100.65952,ok
2020-05-27,W,202005W4,202006,2020-05-26,10984.0,2020-05-26 13:45:00,10962.0,2020-05-27 08:45:00,-0.2002913328477786,gap_down,-15.209999999999129,10977.21,10850.0,2020-05-27 08:45:41,146.0,148.0,11010.0,160.0,10.6318,11.6328,8.6298,ok,-0.1365622723962126,-0.0638162093171665,ok,False,150.0,0.5,8.6298,7.6288,ok
2020-06-03,W,202006W1,202006,2020-06-02,11106.0,2020-06-02 13:44:59,11250.0,2020-06-03 08:45:00,1.2965964343598055,gap_up,-26.93000000000029,11276.93,11150.0,2020-06-03 08:45:03,102.0,104.0,11321.0,171.0,65.66958,66.67058,63.66758000000001,ok,0.9634431838645776,0.3299741371622224,ok,False,100.0,1.0,69.67358,68.67258,ok
2020-06-10,W,202006W2,202006,2020-06-09,11609.0,2020-06-09 13:45:00,11634.0,2020-06-10 08:45:00,0.2153501593591179,gap_up,-28.110000000000586,11662.11,11550.0,2020-06-10 08:45:08,107.0,109.0,11714.0,164.0,53.65672,54.657720000000005,51.654720000000005,ok,-0.0086140063743647,0.2239834596829772,ok,False,105.0,0.5,57.660720000000005,56.65972,ok
2020-06-24,W,202006W4,202007,2020-06-23,11455.0,2020-06-23 13:45:00,11541.0,2020-06-24 08:45:00,0.7507638585770405,gap_up,-152.36000000000058,11693.36,11600.0,2020-06-24 08:45:01,88.0,90.0,11652.0,52.0,-39.323040000000006,-38.32204,-41.32504,ok,0.4539502400698385,0.2954723211957938,ok,False,89.0,0.5,-38.32204,-39.323040000000006,ok
2020-07-01,W,202007W1,202007,2020-06-30,11469.0,2020-06-30 13:45:00,11482.0,2020-07-01 08:45:00,0.1133490278141075,gap_up,-139.23999999999978,11621.24,11500.0,2020-07-01 08:45:04,108.0,110.0,11702.0,202.0,90.65596,91.65696,88.65396000000001,ok,0.0959107158427064,0.0174216027874564,ok,False,108.0,5.0,92.65796,91.65696000000001,ok
2020-07-08,W,202007W2,202007,2020-07-07,12027.0,2020-07-07 13:45:00,12041.0,2020-07-08 08:45:00,0.1164047559657437,gap_up,-48.96999999999935,12089.97,11950.0,2020-07-08 08:45:16,138.0,140.0,12180.0,230.0,88.6164,89.6174,86.6144,ok,-0.2826972644882348,0.4002334695238889,ok,False,,,,,no_auction_print
2020-07-15,M,202007,202007,2020-07-14,12188.0,2020-07-14 13:44:59,12305.0,2020-07-15 08:45:00,0.9599606170003282,gap_up,-21.01000000000022,12326.01,12200.0,2020-07-15 08:45:01,113.0,115.0,12220.0,20.0,-96.3594,-95.3584,-98.3614,ok,0.6071545782737119,0.3506768879465013,ok,False,100.0,0.5,-81.3444,-82.3454,ok
2020-09-16,M,202009,202009,2020-09-15,12840.0,2020-09-15 13:44:59,12945.0,2020-09-16 08:45:00,0.8177570093457943,gap_up,-4.649999999999636,12949.65,12800.0,2020-09-16 08:45:01,141.0,143.0,12969.0,169.0,24.59762,25.59862,22.59562,ok,0.8255451713395638,-0.0077243936350996,ok,False,141.0,2.0,26.59962,25.59862,ok
2020-09-30,W,202009W5,202010,2020-09-29,12421.0,2020-09-29 13:44:59,12456.0,2020-09-30 08:45:00,0.2817808550036229,gap_up,-41.72999999999956,12497.73,12350.0,2020-09-30 08:45:18,136.0,138.0,12529.0,179.0,39.61142,40.61242,37.60942,ok,0.2817808550036229,0.0,ok,False,147.0,0.5,30.602420000000002,29.60142,ok
2020-10-07,W,202010W1,202010,2020-10-06,12675.0,2020-10-06 13:44:59,12620.0,2020-10-07 08:45:00,-0.4339250493096647,gap_down,-40.22999999999956,12660.23,12550.0,2020-10-07 08:45:03,108.0,110.0,12759.0,209.0,97.63482,98.63582,95.63282,ok,-0.591715976331361,0.1587301587301587,ok,False,103.0,0.5,104.64182000000001,103.64082,ok
2020-10-14,W,202010W2,202010,2020-10-13,12919.0,2020-10-13 13:44:59,12940.0,2020-10-14 08:45:00,0.1625512810589054,gap_up,-27.1299999999992,12967.13,12850.0,2020-10-14 08:45:12,111.0,113.0,12900.0,50.0,-64.371,-63.370000000000005,-66.37299999999999,ok,-0.1006269835126557,0.2634433596776693,ok,False,121.0,10.0,-72.37899999999999,-73.38,ok
2020-10-21,M,202010,202010,2020-10-20,12856.0,2020-10-20 13:44:59,12906.0,2020-10-21 08:45:00,0.3889234598630989,gap_up,-6.3700000000008,12912.37,12800.0,2020-10-21 08:45:03,106.0,108.0,12860.0,60.0,-49.3652,-48.3642,-51.3672,ok,0.1711263223397635,0.2174250660040379,ok,False,102.0,1.0,-43.359199999999994,-44.3602,ok
2020-10-28,W,202010W4,202011,2020-10-27,12807.0,2020-10-27 13:44:59,12780.0,2020-10-28 08:45:00,-0.2108222066057624,gap_down,-62.01000000000022,12842.01,12700.0,2020-10-28 08:45:01,143.0,145.0,12771.0,71.0,-75.40042,-74.39942,-77.40242,ok,-0.0858905286171625,-0.1250390747108471,ok,False,150.0,0.5,-80.40542,-81.40642,ok
2020-11-04,W,202011W1,202011,2020-11-03,12685.0,2020-11-03 13:44:59,12770.0,2020-11-04 08:45:00,0.6700827749310209,gap_up,-50.01000000000022,12820.01,12700.0,2020-11-04 08:45:06,136.0,138.0,12865.0,165.0,25.6047,26.6057,23.6027,ok,0.7016160819865984,-0.0313136057617034,ok,False,138.0,0.5,25.604699999999998,24.6037,ok
2020-11-11,W,202011W2,202011,2020-11-10,13071.0,2020-11-10 13:44:59,13101.0,2020-11-11 08:45:00,0.2295157218269451,gap_up,-5.719999999999345,13106.72,13000.0,2020-11-11 08:45:01,114.0,116.0,13249.0,249.0,131.61901999999998,132.62001999999998,129.61702,ok,0.1606610052788616,0.0687442713107241,ok,False,,,,,no_auction_print
2020-11-18,M,202011,202011,2020-11-17,13625.0,2020-11-17 13:44:59,13632.0,2020-11-18 08:45:00,0.0513761467889908,gap_up,21.98999999999978,13610.01,13450.0,2020-11-18 08:46:28,185.0,187.0,13756.0,306.0,117.53788,118.53888,115.53588,ok,0.1541284403669724,-0.1025941667888025,ok,False,,,,,no_auction_print
2020-11-25,W,202011W4,202012,2020-11-24,13804.0,2020-11-24 13:44:59,13886.0,2020-11-25 08:45:00,0.5940307157345697,gap_up,-12.1299999999992,13898.13,13750.0,2020-11-25 08:45:12,152.0,154.0,13753.0,3.0,-152.42906,-151.42806,-154.43106,ok,0.478122283396117,0.1153568853640951,ok,False,145.0,1.0,-143.42006,-144.42105999999998,ok
2020-12-02,W,202012W1,202012,2020-12-01,13877.0,2020-12-01 13:45:00,13932.0,2020-12-02 08:45:00,0.3963392664120487,gap_up,-16.670000000000073,13948.67,13800.0,2020-12-02 08:45:12,145.0,147.0,13981.0,181.0,32.57338,33.57438,30.57138,ok,0.3458960870505152,0.0502692998204667,ok,False,145.0,0.5,34.575379999999996,33.57438,ok
2020-12-09,W,202012W2,202012,2020-12-08,14342.0,2020-12-08 13:45:00,14372.0,2020-12-09 08:45:00,0.209175847162181,gap_up,-24.39999999999964,14396.4,14250.0,2020-12-09 08:45:05,137.0,139.0,14398.0,148.0,7.573040000000001,8.57404,5.57104,ok,0.0418351694324362,0.1672706997490939,ok,False,137.0,0.5,9.57504,8.57404,ok
2020-12-16,M,202012,202012,2020-12-15,14085.0,2020-12-15 13:44:59,14198.0,2020-12-16 08:45:00,0.8022719204827831,gap_up,-7.520000000000437,14205.52,14050.0,2020-12-16 08:45:01,148.0,150.0,14323.0,273.0,121.56354,122.56454,119.56154,ok,0.8306709265175719,-0.028165047176454,ok,False,152.0,1.5,119.56154,118.56053999999999,ok
2020-12-30,W,202012W5,202101,2020-12-29,14459.0,2020-12-29 13:45:00,14451.0,2020-12-30 08:45:00,-0.0553288609170758,gap_down,-34.04999999999927,14485.05,14350.0,2020-12-30 08:45:48,141.0,143.0,14652.0,302.0,157.56396,158.56496,155.56196,ok,0.0207483228439034,-0.0760614022956714,ok,False,138.0,0.5,162.56896,161.56796,ok
2021-01-13,W,202101W2,202101,2021-01-12,15493.0,2021-01-12 13:45:00,15557.0,2021-01-13 08:45:00,0.4130897824824114,gap_up,-20.700000000000728,15577.7,15400.0,2021-01-13 08:45:07,179.0,181.0,15760.0,360.0,177.50379999999998,178.5048,175.5018,ok,0.2839992254566578,0.1287249790821908,ok,False,177.0,3.5,181.5078,180.5068,ok
2021-01-20,M,202101,202101,2021-01-19,15888.0,2021-01-19 13:44:59,15899.0,2021-01-20 08:45:00,0.0692346424974823,gap_up,30.6299999999992,15868.37,15700.0,2021-01-20 08:45:26,193.0,195.0,15766.0,66.0,-130.51032,-129.50932,-132.51232000000002,ok,-0.1132930513595166,0.1827347195967233,ok,False,,,,,no_auction_print
2021-01-27,W,202101W4,202102,2021-01-26,15626.0,2021-01-26 13:44:59,15725.0,2021-01-27 08:45:00,0.6335594521950596,gap_up,-20.850000000000364,15745.85,15600.0,2021-01-27 08:45:19,180.0,182.0,15749.0,149.0,-34.49698,-33.49598,-36.49898,ok,0.460770510687316,0.1719964326665817,ok,False,177.0,3.0,-29.491979999999998,-30.49298,ok
2021-02-03,W,202102W1,202102,2021-02-02,15755.0,2021-02-02 13:45:00,15864.0,2021-02-03 08:45:00,0.6918438590923517,gap_up,-29.049999999999272,15893.05,15750.0,2021-02-03 08:45:01,148.0,150.0,15767.0,17.0,-134.46534,-133.46434,-136.46733999999998,ok,0.437956204379562,0.2527805864509606,ok,False,143.0,6.0,-127.45834,-128.45934,ok
2021-02-17,M,202102,202102,2021-02-05,15804.0,2021-02-05 13:44:59,16261.0,2021-02-17 08:45:00,2.891672994178689,gap_up,0.6000000000003638,16260.4,16100.0,2021-02-17 08:45:01,170.0,172.0,16326.0,226.0,52.50148,53.50248,50.49948,ok,-0.0632751202227284,2.9568190452070406,ok,True,172.0,64.0,52.50148,51.500479999999996,ok
2021-03-03,W,202103W1,202103,2021-03-02,15907.0,2021-03-02 13:45:00,16000.0,2021-03-03 08:45:00,0.5846482680580877,gap_up,-67.8799999999992,16067.88,15900.0,2021-03-03 08:45:08,141.0,143.0,16183.0,283.0,138.53334,139.53434,136.53134,ok,0.4274847551392469,0.1564945226917058,ok,False,160.0,1.0,121.51634,120.51534,ok
2021-03-10,W,202103W2,202103,2021-03-09,15822.0,2021-03-09 13:44:59,15977.0,2021-03-10 08:45:00,0.9796485905700922,gap_up,-35.090000000000146,16012.09,15850.0,2021-03-10 08:45:01,165.0,167.0,15877.0,27.0,-141.48454,-140.48354,-143.48654000000002,ok,0.9164454556946025,0.062629172668629,ok,False,161.0,2.0,-135.47854,-136.47954000000001,ok
2021-03-17,M,202103,202103,2021-03-16,16305.0,2021-03-16 13:44:59,16304.0,2021-03-17 08:45:00,-0.0061330880098129,gap_down,-14.159999999999854,16318.16,16150.0,2021-03-17 08:45:58,162.0,164.0,16177.0,27.0,-138.48754,-137.48654000000002,-140.48954,ok,0.1226617601962588,-0.1286370597243491,ok,False,168.0,0.5,-142.49154000000001,-143.49254000000002,ok
2021-03-24,W,202103W4,202104,2021-03-23,16120.0,2021-03-23 13:45:00,16019.0,2021-03-24 08:45:00,-0.6265508684863524,gap_down,-68.59000000000015,16087.59,15950.0,2021-03-24 08:45:20,140.0,142.0,16029.0,79.0,-64.46258,-63.46158,-66.46458000000001,ok,-0.4528535980148883,-0.1744874431357886,ok,False,136.0,0.5,-58.45658,-59.45758,ok
2021-03-31,W,202103W5,202104,2021-03-30,16519.0,2021-03-30 13:44:59,16540.0,2021-03-31 08:45:00,0.1271263393667897,gap_up,-32.900000000001455,16572.9,16400.0,2021-03-31 08:45:23,161.0,163.0,16444.0,44.0,-120.49188,-119.49088,-122.49388,ok,0.0363218112476542,0.0907715582450832,ok,False,,,,,no_auction_print
2021-04-07,W,202104W1,202104,2021-04-06,16731.0,2021-04-06 13:45:00,16777.0,2021-04-07 08:45:00,0.274938736477198,gap_up,1.1300000000010186,16775.87,16600.0,2021-04-07 08:46:00,185.0,187.0,16793.0,193.0,4.47714,5.47814,2.47514,ok,0.0836770067539298,0.1911018214392356,ok,False,177.0,4.0,14.48714,13.486139999999999,ok
2021-04-14,W,202104W2,202104,2021-04-13,16795.0,2021-04-13 13:45:00,16860.0,2021-04-14 08:45:00,0.3870199464126228,gap_up,-5.909999999999855,16865.91,16700.0,2021-04-14 08:45:39,179.0,181.0,16816.0,116.0,-66.51732,-65.51632000000001,-68.51932000000001,ok,0.3989282524560881,-0.0118609892064998,ok,False,,,,,no_auction_print
2021-04-21,M,202104,202104,2021-04-20,17319.0,2021-04-20 13:45:00,17225.0,2021-04-21 08:45:00,-0.5427565101911196,gap_down,-10.86999999999898,17235.87,17050.0,2021-04-21 08:45:03,177.0,179.0,17232.0,182.0,1.4763599999999997,2.47736,-0.5256400000000001,ok,-0.4619204342052081,-0.0812112071465862,ok,False,180.0,1.0,0.47536,-0.5256400000000001,ok
2021-04-28,W,202104W4,202105,2021-04-27,17571.0,2021-04-27 13:44:59,17548.0,2021-04-28 08:45:00,-0.1308975015650788,gap_down,-41.900000000001455,17589.9,17400.0,2021-04-28 08:46:11,171.0,173.0,17544.0,144.0,-30.52388,-29.52288,-32.52588,ok,-0.1707358716066245,0.0399065047602759,ok,False,187.0,2.5,-44.53788,-45.538880000000006,ok
2021-05-12,W,202105W2,202105,2021-05-11,16556.0,2021-05-11 13:44:59,16503.0,2021-05-12 08:45:00,-0.3201256342111621,gap_down,-65.13000000000102,16568.13,16400.0,2021-05-12 08:45:39,180.0,182.0,15901.0,0.0,-182.682,-181.681,-184.684,ok,0.1389224450350326,-0.4584112431389106,ok,False,195.0,5.5,-195.695,-196.696,ok
2021-05-19,M,202105,202105,2021-05-18,16147.0,2021-05-18 13:44:59,16122.0,2021-05-19 08:45:00,-0.1548275221403356,gap_down,15.020000000000437,16106.98,15950.0,2021-05-19 08:45:48,209.0,211.0,16137.0,187.0,-25.53374,-24.53274,-27.53574,ok,0.0990896141698148,-0.2536657798675988,ok,False,,,,,no_auction_print
2021-05-26,W,202105W4,202106,2021-05-25,16585.0,2021-05-25 13:45:00,16616.0,2021-05-26 08:45:00,0.1869158878504673,gap_up,-12.669999999998254,16628.67,16450.0,2021-05-26 08:45:21,200.0,202.0,16636.0,186.0,-17.534719999999997,-16.53372,-19.53672,ok,-0.1145613506180283,0.3018230109863576,ok,False,181.0,1.0,3.48628,2.48528,ok
2021-06-02,W,202106W1,202106,2021-06-01,17130.0,2021-06-01 13:44:59,17171.0,2021-06-02 08:45:00,0.2393461762988908,gap_up,-28.38000000000102,17199.38,17050.0,2021-06-02 08:45:04,158.0,160.0,17178.0,128.0,-33.50355999999999,-32.50256,-35.50556,ok,0.2218330414477524,0.0174743709226467,ok,False,156.0,1.5,-29.49956,-30.50056,ok
2021-06-09,W,202106W2,202106,2021-06-08,17090.0,2021-06-08 13:44:59,16997.0,2021-06-09 08:45:00,-0.5441778818022236,gap_down,-11.209999999999129,17008.21,16850.0,2021-06-09 08:46:01,205.0,207.0,16947.0,97.0,-111.54594,-110.54494,-113.54794,ok,-0.3276770040959625,-0.2172126335564165,ok,False,,,,,no_auction_print
2021-06-16,M,202106,202106,2021-06-15,17398.0,2021-06-15 13:44:59,17324.0,2021-06-16 08:45:00,-0.425336245545465,gap_down,20.709999999999127,17303.29,17150.0,2021-06-16 08:45:49,201.0,203.0,17346.0,196.0,-8.54992,-7.54892,-10.55192,ok,-0.3965973100356363,-0.0288533671879508,ok,False,,,,,no_auction_print
2021-06-23,W,202106W4,202107,2021-06-22,17028.0,2021-06-22 13:44:59,17100.0,2021-06-23 08:45:00,0.4228329809725158,gap_up,-79.54999999999927,17179.55,17000.0,2021-06-23 08:45:49,192.0,194.0,17347.0,347.0,151.45906000000002,152.46006,149.45706,ok,0.4345783415550857,-0.0116945386504502,ok,False,194.0,1.0,151.45906000000002,150.45806000000002,ok
2021-06-30,W,202106W5,202107,2021-06-29,17529.0,2021-06-29 13:44:59,17610.0,2021-06-30 08:45:00,0.462091391408523,gap_up,-79.18999999999869,17689.19,17500.0,2021-06-30 08:45:06,173.0,175.0,17776.0,276.0,99.46948,100.47048,97.46748,ok,0.3422899195618689,0.1193928023196315,ok,False,173.0,16.5,101.47148,100.47048,ok
2021-07-07,W,202107W1,202107,2021-07-06,17878.0,2021-07-06 13:44:59,17821.0,2021-07-07 08:45:00,-0.3188276093522765,gap_down,-15.069999999999707,17836.07,17650.0,2021-07-07 08:46:32,212.0,214.0,17799.0,149.0,-66.56998,-65.56898,-68.57198,ok,-0.1510236044300257,-0.1680578118872892,ok,False,,,,,no_auction_print
2021-07-14,W,202107W2,202107,2021-07-13,17869.0,2021-07-13 13:44:59,17846.0,2021-07-14 08:45:00,-0.1287145335497229,gap_down,11.479999999999563,17834.52,17650.0,2021-07-14 08:46:24,220.0,222.0,17796.0,146.0,-77.57791999999999,-76.57692,-79.57992,ok,-0.0279814203368963,-0.1007613076578593,ok,False,,,,,no_auction_print
2021-07-21,M,202107,202107,2021-07-20,17558.0,2021-07-20 13:44:59,17655.0,2021-07-21 08:45:00,0.5524547214944754,gap_up,11.2599999999984,17643.74,17450.0,2021-07-21 08:45:01,218.0,220.0,17431.0,0.0,-220.72,-219.719,-222.722,ok,0.5296730834947033,0.0226616055747549,ok,False,201.0,0.5,-201.701,-202.702,ok
2021-07-28,W,202107W4,202108,2021-07-27,17173.0,2021-07-27 13:45:00,17062.0,2021-07-28 08:45:00,-0.6463634775519711,gap_down,-92.86999999999898,17154.87,17000.0,2021-07-28 08:45:14,209.0,211.0,17074.0,74.0,-138.55248,-137.55148,-140.55447999999998,ok,-0.8094101205380541,0.1643771280967476,ok,False,205.0,2.5,-132.54648,-133.54747999999998,ok
2021-08-04,W,202108W1,202108,2021-08-03,17484.0,2021-08-03 13:45:00,17491.0,2021-08-04 08:45:00,0.0400366048959048,gap_up,-58.7599999999984,17549.76,17350.0,2021-08-04 08:45:20,221.0,223.0,17601.0,251.0,26.42498,27.42598,24.42298,ok,0.0400366048959048,0.0,ok,False,222.0,1.0,27.42598,26.42498,ok
2021-08-11,W,202108W2,202108,2021-08-10,17299.0,2021-08-10 13:44:59,17217.0,2021-08-11 08:45:00,-0.4740158390658419,gap_down,-40.63999999999942,17257.64,17100.0,2021-08-11 08:45:05,173.0,175.0,17170.0,70.0,-106.5184,-105.5174,-108.5204,ok,-0.3121567720677496,-0.1623659031603363,ok,False,,,,,no_auction_print
2021-08-18,M,202108,202108,2021-08-17,16580.0,2021-08-17 13:45:00,16440.0,2021-08-18 08:45:00,-0.8443908323281062,gap_down,-38.36000000000058,16478.36,16300.0,2021-08-18 08:45:10,175.0,177.0,16785.0,485.0,306.4873,307.48830000000004,304.48530000000005,ok,-1.158021712907117,0.3173053453746643,ok,False,161.0,2.5,322.5033,321.50230000000005,ok
2021-08-25,W,202108W4,202109,2021-08-24,16784.0,2021-08-24 13:44:59,16794.0,2021-08-25 08:45:00,0.0595805529075309,gap_up,-52.72999999999956,16846.73,16700.0,2021-08-25 08:45:26,153.0,155.0,17010.0,310.0,153.5048,154.5058,151.50279999999998,ok,0.1608674928503336,-0.1011242638748438,ok,False,152.0,1.0,156.5078,155.5068,ok
2021-09-01,W,202109W1,202109,2021-08-31,17457.0,2021-08-31 13:44:59,17408.0,2021-09-01 08:45:00,-0.2806896946783525,gap_down,-53.29000000000087,17461.29,17300.0,2021-09-01 08:45:30,151.0,153.0,17484.0,184.0,29.49732,30.49832,27.49532,ok,-0.3666151114166237,0.0862415914448341,ok,False,150.0,0.5,32.50032,31.499319999999997,ok
2021-09-08,W,202109W2,202109,2021-09-07,17422.0,2021-09-07 13:44:59,17395.0,2021-09-08 08:45:00,-0.1549764665365629,gap_down,-14.86999999999898,17409.87,17250.0,2021-09-08 08:45:33,173.0,175.0,17192.0,0.0,-175.675,-174.674,-177.677,ok,0.0172196073929514,-0.1721664275466284,ok,False,,,,,no_auction_print
2021-09-15,M,202109,202109,2021-09-14,17461.0,2021-09-14 13:44:59,17403.0,2021-09-15 08:45:00,-0.3321688334001489,gap_down,24.099999999998545,17378.9,17200.0,2021-09-15 08:46:20,214.0,216.0,17382.0,182.0,-35.56364,-34.56264,-37.56564,ok,-0.349349979955329,0.0172413793103448,ok,False,,,,,no_auction_print
2021-09-22,W,202109W4,202110,2021-09-17,17298.0,2021-09-17 13:44:59,16835.0,2021-09-22 08:45:00,-2.6766100127182333,gap_down,42.20999999999913,16792.79,16600.0,2021-09-22 08:48:42,315.0,317.0,16916.0,316.0,-2.65532,-1.65432,-4.65732,ok,-0.4856052722858134,-2.2016962937144187,ok,True,,,,,no_auction_print
2021-09-29,W,202109W5,202110,2021-09-28,17170.0,2021-09-28 13:44:59,16926.0,2021-09-29 08:45:00,-1.421083284799068,gap_down,-35.43999999999869,16961.44,16800.0,2021-09-29 08:45:20,164.0,166.0,16823.0,23.0,-144.50246,-143.50145999999998,-146.50446,ok,-1.6482236458940012,0.23094688221709,ok,False,148.0,1.0,-126.48446,-127.48546,ok
2021-10-06,W,202110W1,202110,2021-10-05,16398.0,2021-10-05 13:45:00,16470.0,2021-10-06 08:45:00,0.4390779363336992,gap_up,-54.75,16524.75,16350.0,2021-10-06 08:45:09,145.0,147.0,16364.0,14.0,-134.47428,-133.47328,-136.47628,ok,0.3476033662641785,0.0911577028258887,ok,False,143.0,0.5,-130.47028,-131.47128,ok
2021-10-13,W,202110W2,202110,2021-10-12,16418.0,2021-10-12 13:44:59,16520.0,2021-10-13 08:45:00,0.6212693385308807,gap_up,-23.840000000000146,16543.84,16400.0,2021-10-13 08:45:01,155.0,157.0,16370.0,0.0,-157.657,-156.656,-159.659,ok,0.0548178828115483,0.5661411091495708,ok,False,108.0,18.0,-108.608,-109.609,ok
2021-10-20,M,202110,202110,2021-10-19,16902.0,2021-10-19 13:45:00,16973.0,2021-10-20 08:45:00,0.4200686309312507,gap_up,10.330000000001746,16962.67,16800.0,2021-10-20 08:45:07,183.0,185.0,16882.0,82.0,-104.52264,-103.52164,-106.52464,ok,0.4437344692935747,-0.0235612888024974,ok,False,180.0,0.5,-99.51764,-100.51863999999999,ok
2021-10-27,W,202110W4,202111,2021-10-26,17048.0,2021-10-26 13:44:59,16944.0,2021-10-27 08:45:00,-0.6100422336931018,gap_down,-3.340000000000145,16947.34,16800.0,2021-10-27 08:45:17,165.0,167.0,17059.0,259.0,90.49182,91.49282,88.48982000000001,ok,-0.3988737681839512,-0.2120141342756183,ok,False,160.0,0.5,97.49882000000001,96.49782,ok
2021-11-03,W,202111W1,202111,2021-11-02,17047.0,2021-11-02 13:44:59,17081.0,2021-11-03 08:45:00,0.1994485833284449,gap_up,-40.97000000000117,17121.97,16950.0,2021-11-03 08:45:20,146.0,148.0,17113.0,163.0,13.50974,14.51074,11.50774,ok,0.3812987622455564,-0.181159420289855,ok,False,146.0,0.5,15.51174,14.51074,ok
2021-11-10,W,202111W2,202111,2021-11-09,17555.0,2021-11-09 13:44:59,17550.0,2021-11-10 08:45:00,-0.0284819139846197,gap_down,10.639999999999418,17539.36,17350.0,2021-11-10 08:46:24,206.0,208.0,17554.0,204.0,-5.55908,-4.55808,-7.56108,ok,-0.0113927655938479,-0.017091095539224,ok,False,,,,,no_auction_print
2021-11-17,M,202111,202111,2021-11-16,17701.0,2021-11-16 13:44:59,17711.0,2021-11-17 08:45:00,0.0564939833907688,gap_up,-7.130000000001019,17718.13,17550.0,2021-11-17 08:45:51,181.0,183.0,17723.0,173.0,-11.53746,-10.53646,-13.53946,ok,0.2316253319021524,-0.1747266373576823,ok,False,,,,,no_auction_print
2021-11-24,W,202111W4,202112,2021-11-23,17659.0,2021-11-23 13:44:59,17604.0,2021-11-24 08:45:00,-0.3114559148309644,gap_down,-4.119999999998981,17608.12,17450.0,2021-11-24 08:46:00,167.0,169.0,17650.0,200.0,29.478,30.479,27.476,ok,-0.2265133926043377,-0.0851353652307168,ok,False,,,,,no_auction_print
2021-12-01,W,202112W1,202112,2021-11-30,17327.0,2021-11-30 13:45:00,17350.0,2021-12-01 08:45:00,0.1327408091418018,gap_up,-87.7599999999984,17437.76,17250.0,2021-12-01 08:45:06,124.0,126.0,17615.0,365.0,237.5217,238.5227,235.5197,ok,-0.1615975067813239,0.2948147291750968,ok,False,115.0,3.0,248.53269999999998,247.53169999999997,ok
2021-12-08,W,202112W2,202112,2021-12-07,17795.0,2021-12-07 13:44:59,17945.0,2021-12-08 08:45:00,0.8429334082607475,gap_up,-20.919999999998254,17965.92,17800.0,2021-12-08 08:45:09,151.0,153.0,17881.0,81.0,-73.51062,-72.50962,-75.51262,ok,0.7417813992694577,0.1004072070061917,ok,False,139.0,12.5,-59.49662,-60.49762,ok
2021-12-15,M,202112,202112,2021-12-14,17605.0,2021-12-14 13:44:59,17588.0,2021-12-15 08:45:00,-0.0965634762851462,gap_down,0.6300000000010186,17587.37,17400.0,2021-12-15 08:45:31,182.0,184.0,17629.0,229.0,43.46342,44.46442,41.46142,ok,-0.3067310423175234,0.2108141986211612,ok,False,179.0,1.0,48.468419999999995,47.46742,ok
2021-12-22,W,202112W4,202201,2021-12-21,17796.0,2021-12-21 13:44:59,17847.0,2021-12-22 08:45:00,0.2865812542144302,gap_up,14.729999999999563,17832.27,17650.0,2021-12-22 08:45:47,199.0,201.0,17816.0,166.0,-36.55732,-35.55632,-38.55932,ok,0.2865812542144302,0.0,ok,False,210.0,1.0,-45.56632,-46.567319999999995,ok
2021-12-29,W,202112W5,202201,2021-12-28,18207.0,2021-12-28 13:45:00,18195.0,2021-12-29 08:45:00,-0.0659087164277475,gap_down,-5.81000000000131,18200.81,18000.0,2021-12-29 08:45:13,219.0,221.0,18271.0,271.0,48.41358,49.41458,46.41158,ok,-0.0768935024990388,0.0109932391579178,ok,False,,,,,no_auction_print
2022-01-05,W,202201W1,202201,2022-01-04,18516.0,2022-01-04 13:44:59,18480.0,2022-01-05 08:45:00,-0.1944264419961114,gap_down,-11.349999999998545,18491.35,18300.0,2022-01-05 08:46:00,210.0,212.0,18466.0,166.0,-47.581320000000005,-46.58032,-49.58332,ok,0.0216029379995679,-0.2159827213822894,ok,False,202.0,2.0,-37.57132,-38.572320000000005,ok
2022-01-12,W,202201W2,202201,2022-01-11,18280.0,2022-01-11 13:44:59,18403.0,2022-01-12 08:45:00,0.6728665207877462,gap_up,-41.20999999999913,18444.21,18250.0,2022-01-12 08:45:01,159.0,161.0,18317.0,67.0,-95.52734,-94.52634,-97.52934,ok,0.5415754923413567,0.1305838184884923,ok,False,126.0,18.0,-60.49234,-61.49334,ok
2022-01-19,M,202201,202201,2022-01-18,18349.0,2022-01-18 13:44:59,18261.0,2022-01-19 08:45:00,-0.4795901684015478,gap_down,12.360000000000582,18248.64,18050.0,,,,18217.0,167.0,,,,no_fill,-0.5068396097879994,0.0273882559158632,ok,False,,,,,no_auction_print
2022-01-26,W,202201W4,202202,2022-01-25,17678.0,2022-01-25 13:44:59,17683.0,2022-01-26 08:45:00,0.0282837425048082,gap_up,-31.11999999999898,17714.12,17550.0,2022-01-26 08:46:23,152.0,154.0,17712.0,162.0,6.49176,7.49276,4.48976,ok,-0.2998076705509673,0.3290780141843971,ok,False,,,,,no_auction_print
2022-02-07,W,202202W1,202202,2022-01-26,17625.0,2022-01-26 13:44:58,17797.0,2022-02-07 08:45:00,0.975886524822695,gap_up,-45.400000000001455,17842.4,17650.0,2022-02-07 08:45:05,200.0,202.0,17882.0,232.0,28.44036,29.44136,26.43836,ok,0.2496453900709219,0.7244326221065143,ok,True,200.0,1.0,30.44236,29.44136,ok
2022-02-09,W,202202W2,202202,2022-02-08,17942.0,2022-02-08 13:44:59,18068.0,2022-02-09 08:45:00,0.7022628469512875,gap_up,-3.5600000000013097,18071.56,17900.0,2022-02-09 08:45:07,164.0,166.0,18146.0,246.0,78.47108,79.47207999999999,76.46907999999999,ok,0.6019395831011035,0.0997229916897507,ok,False,164.0,3.5,80.47308,79.47207999999999,ok
2022-02-16,M,202202,202202,2022-02-15,17953.0,2022-02-15 13:44:59,18184.0,2022-02-16 08:45:00,1.2866930318052694,gap_up,-2.8100000000013097,18186.81,18000.0,2022-02-16 08:45:03,199.0,201.0,18206.0,206.0,3.43488,4.43588,1.4328799999999997,ok,1.281122932100485,0.0054996425232359,ok,False,180.0,11.5,24.45588,23.45488,ok
2022-02-23,W,202202W4,202203,2022-02-22,17878.0,2022-02-22 13:44:59,17954.0,2022-02-23 08:45:00,0.4251034791363687,gap_up,-64.29000000000087,18018.29,17850.0,2022-02-23 08:45:31,142.0,144.0,18077.0,227.0,81.49445999999999,82.49546,79.49246,ok,0.0223738673229667,0.4026395257801141,ok,False,162.0,13.5,63.476459999999996,62.475460000000005,ok
2022-03-02,W,202203W1,202203,2022-03-01,17911.0,2022-03-01 13:44:59,17788.0,2022-03-02 08:45:00,-0.6867288258612025,gap_down,-4.25,17792.25,17600.0,2022-03-02 08:46:07,229.0,231.0,17897.0,297.0,64.41106,65.41206,62.40906,ok,-0.8653899838088326,0.1802207704437936,ok,False,,,,,no_auction_print
2022-03-09,W,202203W2,202203,2022-03-08,16702.0,2022-03-08 13:44:59,16890.0,2022-03-09 08:45:00,1.1256136989582086,gap_up,-89.25,16979.25,16800.0,2022-03-09 08:45:14,151.0,153.0,17026.0,226.0,71.50648,72.50748,69.50448,ok,0.8501975811280087,0.2730942768938494,ok,False,133.0,3.5,91.52648,90.52548,ok
2022-03-16,M,202203,202203,2022-03-15,16882.0,2022-03-15 13:45:00,17080.0,2022-03-16 08:45:00,1.1728468190972634,gap_up,-27.06000000000131,17107.06,16950.0,2022-03-16 08:45:01,144.0,146.0,16937.0,0.0,-146.646,-145.645,-148.648,ok,1.2557753820637363,-0.0819000819000819,ok,False,150.0,3.5,-150.65,-151.651,ok
2022-03-23,W,202203W4,202204,2022-03-22,17520.0,2022-03-22 13:44:59,17644.0,2022-03-23 08:45:00,0.7077625570776256,gap_up,-39.70999999999913,17683.71,17500.0,2022-03-23 08:45:03,160.0,162.0,17706.0,206.0,42.48388,43.48488,40.48188,ok,0.547945205479452,0.1589464123524069,ok,False,163.0,2.0,41.48288,40.48188,ok
2022-03-30,W,202203W5,202204,2022-03-29,17545.0,2022-03-29 13:44:59,17671.0,2022-03-30 08:45:00,0.7181533200341977,gap_up,-11.659999999999854,17682.66,17500.0,2022-03-30 08:45:12,190.0,192.0,17759.0,259.0,65.45282,66.45382,63.45082,ok,0.8378455400398974,-0.1186977164820257,ok,False,184.0,1.0,73.46082,72.45982,ok
2022-04-06,W,202204W1,202204,2022-04-01,17554.0,2022-04-01 13:44:59,17439.0,2022-04-06 08:45:00,-0.6551213398655578,gap_down,-70.59000000000015,17509.59,17350.0,2022-04-06 08:46:17,96.0,98.0,17513.0,163.0,63.55174,64.55274,61.54974,ok,-0.3418024381907257,-0.3143935063450326,ok,True,,,,,no_auction_print
2022-04-13,W,202204W2,202204,2022-04-12,16999.0,2022-04-12 13:44:59,17080.0,2022-04-13 08:45:00,0.4764986175657392,gap_up,7.0900000000001455,17072.91,16900.0,2022-04-13 08:45:12,192.0,194.0,17311.0,411.0,215.45978,216.46078,213.45778,ok,0.1941290664156715,0.2818224518553311,ok,False,198.0,0.5,211.45578,210.45478,ok
2022-04-20,M,202204,202204,2022-04-19,17000.0,2022-04-19 13:44:59,17071.0,2022-04-20 08:45:00,0.4176470588235294,gap_up,23.599999999998545,17047.4,16900.0,2022-04-20 08:45:01,180.0,182.0,17125.0,225.0,41.4755,42.4765,39.4735,ok,0.6,-0.1812653490819787,ok,False,178.0,1.0,45.4795,44.4785,ok
2022-04-27,W,202204W4,202205,2022-04-26,16586.0,2022-04-26 13:44:59,16221.0,2022-04-27 08:45:00,-2.200651151573616,gap_down,-69.79000000000087,16290.79,16150.0,2022-04-27 08:47:43,160.0,162.0,16304.0,154.0,-9.48808,-8.487079999999999,-11.49008,ok,-2.297118051368624,0.0987349583461894,ok,False,,,,,no_auction_print
2022-05-04,W,202205W1,202205,2022-05-03,16470.0,2022-05-03 13:44:59,16505.0,2022-05-04 08:45:00,0.2125075895567698,gap_up,-24.90000000000145,16529.9,16350.0,2022-05-04 08:45:50,185.0,187.0,16541.0,191.0,2.48218,3.48318,0.4801799999999999,ok,-0.0182149362477231,0.230764559421874,ok,False,,,,,no_auction_print
2022-05-11,W,202205W2,202205,2022-05-10,16039.0,2022-05-10 13:44:59,15989.0,2022-05-11 08:45:00,-0.3117401334247771,gap_down,-39.70000000000073,16028.7,15850.0,2022-05-11 08:48:57,160.0,162.0,16028.0,178.0,14.51744,15.518439999999998,12.51544,ok,-0.448905792131679,0.1377841798709839,ok,False,,,,,no_auction_print
2022-05-18,M,202205,202205,2022-05-17,16075.0,2022-05-17 13:45:00,16180.0,2022-05-18 08:45:00,0.6531881804043546,gap_up,19.90999999999985,16160.09,16000.0,2022-05-18 08:45:01,185.0,187.0,16302.0,302.0,113.48696,114.48796,111.48496,ok,0.6780715396578538,-0.0247157686604053,ok,False,189.0,2.0,111.48496,110.48396,ok
2022-05-25,W,202205W4,202206,2022-05-24,15926.0,2022-05-24 13:45:00,15996.0,2022-05-25 08:45:00,0.4395328393821424,gap_up,-26.6299999999992,16022.63,15850.0,2022-05-25 08:45:11,186.0,188.0,16155.0,305.0,115.4889,116.4899,113.4869,ok,0.37046339319352,0.068814513606506,ok,False,,,,,no_auction_print
2022-06-01,W,202206W1,202206,2022-05-31,16682.0,2022-05-31 13:45:00,16647.0,2022-06-01 08:45:00,-0.2098069775806258,gap_down,-124.77000000000044,16771.77,16600.0,2022-06-01 08:45:01,99.0,101.0,16717.0,117.0,14.56466,15.565659999999998,12.56266,ok,-0.503536746193502,0.2952162911194119,ok,False,92.0,39.5,23.57366,22.57266,ok
2022-06-08,W,202206W2,202206,2022-06-07,16462.0,2022-06-07 13:44:59,16560.0,2022-06-08 08:45:00,0.5953104118576115,gap_up,-51.88000000000102,16611.88,16450.0,2022-06-08 08:45:12,143.0,145.0,16659.0,209.0,62.52182,63.52282,60.51982,ok,0.5770866237395214,0.0181192244971915,ok,False,129.0,1.0,78.53782,77.53682,ok
2022-06-15,M,202206,202206,2022-06-14,16055.0,2022-06-14 13:44:59,16052.0,2022-06-15 08:45:00,-0.0186857676736219,gap_down,-1.3700000000008004,16053.37,15900.0,2022-06-15 08:45:09,156.0,158.0,16061.0,161.0,1.52078,2.52178,-0.4812200000000001,ok,-0.0062285892245406,-0.0124579544038868,ok,False,160.0,3.0,-0.4812200000000001,-1.48222,ok
2022-06-22,W,202206W4,202207,2022-06-21,15334.0,2022-06-21 13:44:59,15316.0,2022-06-22 08:45:00,-0.1173862005999739,gap_down,-373.6399999999994,15689.64,15550.0,2022-06-22 08:45:54,135.0,137.0,15388.0,0.0,-137.637,-136.636,-139.639,ok,0.4238946132776836,-0.538996038703812,ok,False,173.0,0.5,-173.673,-174.674,ok
2022-06-29,W,202206W5,202207,2022-06-28,15192.0,2022-06-28 13:44:59,15020.0,2022-06-29 08:45:00,-1.1321748288572933,gap_down,-260.9200000000001,15280.92,15150.0,2022-06-29 08:45:18,124.0,126.0,15261.0,111.0,-16.43122,-15.43022,-18.43322,ok,-0.9083728278041072,-0.2258535937292414,ok,False,,,,,no_auction_print
2022-07-06,W,202207W1,202207,2022-07-05,14231.0,2022-07-05 13:45:00,14213.0,2022-07-06 08:45:00,-0.1264844353875342,gap_down,-116.20000000000071,14329.2,14200.0,2022-07-06 08:45:01,140.0,142.0,14015.0,0.0,-142.642,-141.641,-144.644,ok,0.1475651746187899,-0.2736458040976705,ok,False,139.0,1.5,-139.639,-140.64,ok
2022-07-13,W,202207W2,202207,2022-07-12,13914.0,2022-07-12 13:45:00,14240.0,2022-07-13 08:45:00,2.342963921230416,gap_up,-42.6200000000008,14282.62,14150.0,2022-07-13 08:45:05,155.0,157.0,14384.0,234.0,75.55532000000001,76.55632,73.55332,ok,2.2926548799770017,0.0491814796599452,ok,False,152.0,4.0,80.56032,79.55932,ok
2022-07-20,M,202207,202207,2022-07-19,14678.0,2022-07-19 13:44:59,14845.0,2022-07-20 08:45:00,1.137757187627742,gap_up,-14.079999999999927,14859.08,14700.0,2022-07-20 08:45:01,155.0,157.0,14713.0,13.0,-145.45126000000002,-144.45026,-147.45326,ok,1.0696280147159014,0.0674081563869228,ok,False,150.0,30.0,-138.44426,-139.44526000000002,ok
2022-07-27,W,202207W4,202208,2022-07-26,14705.0,2022-07-26 13:44:59,14670.0,2022-07-27 08:45:00,-0.2380142808568514,gap_down,-99.78000000000064,14769.78,14600.0,2022-07-27 08:45:02,184.0,186.0,14887.0,287.0,99.51626,100.51726,97.51426,ok,-0.4420265215912954,0.2049180327868852,ok,False,180.0,1.0,105.52225999999999,104.52126,ok
2022-08-03,W,202208W1,202208,2022-08-02,14643.0,2022-08-02 13:44:59,14627.0,2022-08-03 08:45:00,-0.1092672266612033,gap_down,-94.22999999999956,14721.23,14550.0,2022-08-03 08:45:24,156.0,158.0,14707.0,157.0,-2.45214,-1.45114,-4.454140000000001,ok,-0.0546336133306016,-0.0546634779637854,ok,False,156.0,0.5,-0.4501400000000001,-1.45114,ok
2022-08-10,W,202208W2,202208,2022-08-09,15016.0,2022-08-09 13:44:59,14874.0,2022-08-10 08:45:00,-0.9456579648375066,gap_down,-42.280000000000655,14916.28,14750.0,2022-08-10 08:45:07,150.0,152.0,14945.0,195.0,41.5491,42.55009999999999,39.54709999999999,ok,-0.6992541289291422,-0.2481389578163771,ok,False,174.0,0.5,19.5271,18.5261,ok
2022-08-17,M,202208,202208,2022-08-16,15422.0,2022-08-16 13:45:00,15404.0,2022-08-17 08:45:00,-0.1167163791985475,gap_down,-15.569999999999707,15419.57,15250.0,2022-08-17 08:46:33,166.0,168.0,15452.0,202.0,32.52296,33.523959999999995,30.52096,ok,-0.0259369731552327,-0.0908029575820469,ok,False,,,,,no_auction_print
2022-08-24,W,202208W4,202209,2022-08-23,15028.0,2022-08-23 13:44:59,15080.0,2022-08-24 08:45:00,0.3460207612456747,gap_up,-57.88999999999942,15137.89,15000.0,2022-08-24 08:45:05,138.0,140.0,15097.0,97.0,-44.44194,-43.440940000000005,-46.443940000000005,ok,0.3926004791056694,-0.0463975608139457,ok,False,130.0,1.0,-34.431940000000004,-35.43294,ok
2022-08-31,W,202208W5,202209,2022-08-30,14948.0,2022-08-30 13:44:59,14849.0,2022-08-31 08:45:00,-0.6622959593256623,gap_down,-17.6299999999992,14866.63,14700.0,2022-08-31 08:45:01,200.0,202.0,15078.0,378.0,174.49644,175.49744,172.49444,ok,-0.8496119882258495,0.1889211254301329,ok,False,196.0,1.5,180.50244,179.50144,ok
2022-09-07,W,202209W1,202209,2022-09-06,14634.0,2022-09-06 13:44:59,14445.0,2022-09-07 08:45:00,-1.2915129151291511,gap_down,-47.20000000000073,14492.2,14350.0,,,,14416.0,66.0,,,,no_fill,-0.6423397567309006,-0.6533700137551582,ok,False,,,,,no_auction_print
2022-09-14,W,202209W2,202209,2022-09-13,14875.0,2022-09-13 13:44:59,14458.0,2022-09-14 08:45:00,-2.803361344537815,gap_down,-24.40999999999985,14482.41,14350.0,2022-09-14 08:45:04,158.0,160.0,14667.0,317.0,155.54666,156.54766,153.54466,ok,-2.715966386554622,-0.089834842097989,ok,False,,,,,no_auction_print
2022-09-21,M,202209,202209,2022-09-20,14561.0,2022-09-20 13:44:59,14476.0,2022-09-21 08:45:00,-0.5837511159947806,gap_down,2.700000000000728,14473.3,14350.0,2022-09-21 08:45:18,147.0,149.0,14402.0,52.0,-98.43704,-97.43604,-100.43904,ok,-0.5219421743012156,-0.0621332412840869,ok,False,136.0,0.5,-85.42403999999999,-86.42504,ok
2022-09-28,W,202209W4,202210,2022-09-27,13818.0,2022-09-27 13:44:59,13796.0,2022-09-28 08:45:00,-0.1592126212187002,gap_down,-16.590000000000146,13812.59,13650.0,2022-09-28 08:45:54,172.0,174.0,13502.0,0.0,-174.674,-173.673,-176.676,ok,-0.1953973078593139,0.0362555289681676,ok,False,,,,,no_auction_print
2022-10-05,W,202210W1,202210,2022-10-04,13597.0,2022-10-04 13:44:59,13740.0,2022-10-05 08:45:00,1.0517025814517909,gap_up,9.479999999999563,13730.52,13600.0,2022-10-05 08:45:05,146.0,148.0,13823.0,223.0,73.57554,74.57654,71.57354,ok,1.706258733544164,-0.6435750958131463,ok,False,144.0,16.0,77.57954,76.57854,ok
2022-10-12,W,202210W2,202210,2022-10-11,13091.0,2022-10-11 13:44:59,13049.0,2022-10-12 08:45:00,-0.3208311053395463,gap_down,-7.030000000000655,13056.03,12950.0,,,,13090.0,140.0,,,,no_fill,-0.5499961805820793,0.2304324448882402,ok,False,,,,,no_auction_print
2022-10-19,M,202210,202210,2022-10-18,13103.0,2022-10-18 13:44:59,13125.0,2022-10-19 08:45:00,0.1679004808059223,gap_up,-4.680000000000291,13129.68,13000.0,2022-10-19 08:45:01,138.0,140.0,12999.0,0.0,-140.64,-139.639,-142.642,ok,-0.1831641608791879,0.3517088462420674,ok,False,129.0,23.5,-129.629,-130.63,ok
2022-10-26,W,202210W4,202211,2022-10-25,12682.0,2022-10-25 13:44:59,12722.0,2022-10-26 08:45:00,0.315407664406245,gap_up,31.8799999999992,12690.12,12550.0,2022-10-26 08:45:54,180.0,182.0,12741.0,191.0,7.563179999999999,8.564179999999999,5.56118,ok,1.0408452925406086,-0.7179647260808492,ok,False,180.0,0.5,9.56518,8.564179999999999,ok
2022-11-02,W,202211W1,202211,2022-11-01,13031.0,2022-11-01 13:44:59,13033.0,2022-11-02 08:45:00,0.0153480162688972,gap_up,-3.209999999999127,13036.21,12900.0,2022-11-02 08:45:01,135.0,137.0,13087.0,187.0,48.60126,49.60226,46.59926,ok,-0.1918502033612155,0.2075964939258803,ok,False,135.0,6.0,50.60326,49.602259999999994,ok
2022-11-09,W,202211W2,202211,2022-11-08,13334.0,2022-11-08 13:44:59,13467.0,2022-11-09 08:45:00,0.9974501274936252,gap_up,-13.760000000000218,13480.76,13350.0,2022-11-09 08:45:09,100.0,102.0,13615.0,265.0,161.6257,162.6267,159.6237,ok,0.9224538773061348,0.0743107676302296,ok,False,114.0,2.5,149.6137,148.6127,ok
2022-11-16,M,202211,202211,2022-11-15,14530.0,2022-11-15 13:44:59,14620.0,2022-11-16 08:45:00,0.6194081211286993,gap_up,2.6900000000005093,14617.31,14450.0,2022-11-16 08:46:20,182.0,184.0,14499.0,49.0,-136.47398,-135.47298,-138.47598000000002,ok,1.1699931176875429,-0.5442176870748299,ok,False,,,,,no_auction_print
2022-11-23,W,202211W4,202212,2022-11-22,14505.0,2022-11-22 13:44:59,14615.0,2022-11-23 08:45:00,0.7583591864874182,gap_up,-48.20000000000073,14663.2,14500.0,2022-11-23 08:45:04,143.0,145.0,14621.0,121.0,-25.43742,-24.43642,-27.43942,ok,0.7100999655291279,0.0479189485213581,ok,False,142.0,5.5,-22.43442,-23.43542,ok
2022-11-30,W,202211W5,202212,2022-11-29,14658.0,2022-11-29 13:44:59,14640.0,2022-11-30 08:45:00,-0.1227998362668849,gap_down,-46.63999999999942,14686.64,14550.0,2022-11-30 08:45:01,143.0,145.0,14831.0,281.0,134.55838,135.55938,132.55638000000002,ok,-0.2865329512893982,0.1642036124794745,ok,False,138.0,5.0,141.56538,140.56438,ok
2022-12-07,W,202212W1,202212,2022-12-06,14675.0,2022-12-06 13:44:59,14603.0,2022-12-07 08:45:00,-0.4906303236797274,gap_down,-39.8799999999992,14642.88,14500.0,2022-12-07 08:47:12,188.0,190.0,14669.0,169.0,-22.48338,-21.48238,-24.48538,ok,-0.5519591141396933,0.0616691791147046,ok,False,,,,,no_auction_print
2022-12-14,W,202212W2,202212,2022-12-13,14519.0,2022-12-13 13:44:59,14609.0,2022-12-14 08:45:00,0.6198774020249328,gap_up,0.0400000000008731,14608.96,14450.0,2022-12-14 08:46:21,195.0,197.0,14725.0,275.0,76.5085,77.5095,74.5065,ok,0.5578896618224396,0.0616438356164383,ok,False,179.0,0.5,94.5265,93.5255,ok
2022-12-21,M,202212,202212,2022-12-20,14154.0,2022-12-20 13:45:00,14210.0,2022-12-21 08:45:00,0.3956478733926805,gap_up,-31.03000000000065,14241.03,14100.0,2022-12-21 08:45:03,126.0,128.0,14219.0,119.0,-10.41238,-9.41138,-12.41438,ok,0.4451038575667655,-0.0492368291482028,ok,False,128.0,6.5,-10.41238,-11.41338,ok
2022-12-28,W,202212W4,202301,2022-12-27,14303.0,2022-12-27 13:44:59,14190.0,2022-12-28 08:45:00,-0.7900440467034888,gap_down,-26.43000000000029,14216.43,14050.0,2022-12-28 08:47:48,163.0,165.0,14130.0,80.0,-86.44760000000001,-85.4466,-88.4496,ok,-0.4474585751240998,-0.3441252896973102,ok,False,,,,,no_auction_print
