date,kind,contract,basis_prev,t_fopen,F_open,S_est,itm_K,itm_n_ticks_day,itm_first_trade_strict,itm_status,itm_t_first,itm_sec_after_fopen,itm_trade,itm_bid,itm_ask,itm_tick_type,itm_first_vol,itm_tick,itm_ask_minus_trade,itm_spread_first,itm_ask_minus_trade_ticks,itm_spread_first_ticks,itm_trade_outside_quote,itm_t_quote_084530,itm_bid_084530,itm_ask_084530,itm_spread_084530,itm_t_quote_0846,itm_bid_0846,itm_ask_0846,itm_spread_0846,itm_t_quote_0847,itm_bid_0847,itm_ask_0847,itm_spread_0847,itm_t_quote_0850,itm_bid_0850,itm_ask_0850,itm_spread_0850,itm_t_quote_0900,itm_bid_0900,itm_ask_0900,itm_spread_0900,itm_t_quote_1000,itm_bid_1000,itm_ask_1000,itm_spread_1000,itm_t_quote_1200,itm_bid_1200,itm_ask_1200,itm_spread_1200,itm_n_trades_0845_0850,itm_vol_0845_0850,itm_spread_med_0845_0850,itm_spread_mean_0845_0850,itm_fm_first_trade,itm_fm_t_first,itm_fm_match,itm_fm_match_vs_strict,itm_fm_first_trade_plus1s,itm_fm_match_plus1s,atm_K,atm_n_ticks_day,atm_first_trade_strict,atm_status,atm_t_first,atm_sec_after_fopen,atm_trade,atm_bid,atm_ask,atm_tick_type,atm_first_vol,atm_tick,atm_ask_minus_trade,atm_spread_first,atm_ask_minus_trade_ticks,atm_spread_first_ticks,atm_trade_outside_quote,atm_t_quote_084530,atm_bid_084530,atm_ask_084530,atm_spread_084530,atm_t_quote_0846,atm_bid_0846,atm_ask_0846,atm_spread_0846,atm_t_quote_0847,atm_bid_0847,atm_ask_0847,atm_spread_0847,atm_t_quote_0850,atm_bid_0850,atm_ask_0850,atm_spread_0850,atm_t_quote_0900,atm_bid_0900,atm_ask_0900,atm_spread_0900,atm_t_quote_1000,atm_bid_1000,atm_ask_1000,atm_spread_1000,atm_t_quote_1200,atm_bid_1200,atm_ask_1200,atm_spread_1200,atm_n_trades_0845_0850,atm_vol_0845_0850,atm_spread_med_0845_0850,atm_spread_mean_0845_0850,atm_fm_first_trade,atm_fm_t_first,atm_fm_match,atm_fm_match_vs_strict,atm_fm_first_trade_plus1s,atm_fm_match_plus1s,status
2025-10-29,W,202511,86.88999999999942,08:45:00,28225.0,28138.11,27850.0,73,304.0,traded,08:45:19.726,19.726,304.0,304.0,334.0,2.0,2.0,1.0,30.0,30.0,30.0,30.0,0.0,08:45:19,304.0,334.0,30.0,08:45:19,304.0,334.0,30.0,08:45:19,304.0,334.0,30.0,08:48:05,344.0,347.0,3.0,08:59:46,347.0,349.0,2.0,09:37:25,415.0,427.0,12.0,11:57:51,500.0,520.0,20.0,13,14,6.0,7.461538461538462,304.0,08:45:19,1.0,1.0,304.0,1.0,28150.0,5938,70.0,traded,08:45:01.410,1.41,70.0,70.0,79.0,2,1,1.0,9.0,9.0,9.0,9.0,0.0,08:45:29,76.0,78.0,2.0,08:45:58,83.0,85.0,2.0,08:46:59,83.0,84.0,1.0,08:49:56,87.0,89.0,2.0,08:59:59,88.0,89.0,1.0,09:59:59,88.0,89.0,1.0,11:59:32,215.0,218.0,3.0,286,567,1.0,1.4842105263157894,70.0,08:45:00,1.0,1.0,70.0,1.0,ok
2025-10-31,F,202511,117.47000000000116,08:45:00,28478.0,28360.53,28100.0,598,332.0,traded,08:46:07.429,67.429,315.0,313.0,330.0,2.0,2.0,1.0,15.0,17.0,15.0,17.0,0.0,08:45:00,211.0,335.0,124.0,08:45:00,211.0,335.0,124.0,08:46:59,348.0,352.0,4.0,08:49:55,330.0,332.0,2.0,08:59:21,352.0,355.0,3.0,09:55:38,353.0,372.0,19.0,11:57:32,256.0,259.0,3.0,30,40,3.0,10.862068965517242,332.0,08:45:00,0.0,1.0,315.0,1.0,28350.0,10805,117.0,traded,08:45:02.167,2.167,111.0,109.0,130.0,2,1,1.0,19.0,21.0,19.0,21.0,0.0,08:45:29,94.0,99.0,5.0,08:45:59,98.0,100.0,2.0,08:46:58,128.0,129.0,1.0,08:49:59,111.0,113.0,2.0,08:59:57,126.0,129.0,3.0,09:59:59,128.0,129.0,1.0,11:59:53,31.0,32.0,1.0,368,977,2.0,2.9700272479564034,117.0,08:45:00,0.0,1.0,111.0,1.0,ok
2025-11-05,W,202511,17.43999999999869,08:45:00,27710.0,27692.56,27400.0,3542,350.0,traded,08:47:38.711,158.711,350.0,141.0,3490.0,1.0,1.0,1.0,3140.0,3349.0,3140.0,3349.0,0.0,,,,,,,,,,,,,08:49:26,284.0,298.0,14.0,08:59:52,269.0,271.0,2.0,09:59:58,128.0,129.0,1.0,11:58:55,373.0,376.0,3.0,4,5,11.0,844.75,350.0,08:47:38,1.0,1.0,350.0,1.0,27700.0,21929,128.0,traded,08:45:16.419,16.419,121.0,121.0,191.0,2,1,1.0,70.0,70.0,70.0,70.0,0.0,08:45:28,121.0,194.0,73.0,08:45:54,100.0,122.0,22.0,08:46:59,126.0,128.0,2.0,08:49:59,87.0,89.0,2.0,08:59:56,83.0,85.0,2.0,09:59:59,15.5,16.5,1.0,11:59:50,90.0,91.0,1.0,475,905,2.0,5.789029535864979,128.0,08:45:00,0.0,1.0,121.0,1.0,ok
2025-11-07,F,202511,156.54999999999927,08:45:00,27777.0,27620.45,27350.0,15,399.0,no_trade_before_0850,,,,,,,,,,,,,,08:45:00,111.0,343.0,232.0,08:45:00,111.0,343.0,232.0,08:45:00,111.0,343.0,232.0,08:45:00,111.0,343.0,232.0,08:50:53,416.0,438.0,22.0,09:16:23,404.0,412.0,8.0,10:38:21,358.0,363.0,5.0,1,1,232.0,232.0,399.0,08:45:00,,1.0,,,27600.0,7752,169.0,traded,08:45:02.724,2.724,203.0,165.0,203.0,1,1,1.0,0.0,38.0,0.0,38.0,0.0,08:45:13,186.0,215.0,29.0,08:45:59,193.0,197.0,4.0,08:46:43,198.0,201.0,3.0,08:49:48,211.0,216.0,5.0,08:59:47,157.0,159.0,2.0,09:59:54,105.0,107.0,2.0,11:59:25,150.0,152.0,2.0,78,169,3.0,5.578947368421052,169.0,08:45:00,0.0,1.0,203.0,1.0,ok
2025-11-12,W,202511,48.04999999999927,08:45:00,27889.0,27840.95,27550.0,77,384.0,traded,08:46:31.813,91.813,384.0,323.0,413.0,1.0,1.0,1.0,29.0,90.0,29.0,90.0,0.0,,,,,,,,,08:46:31,323.0,413.0,90.0,08:49:11,371.0,407.0,36.0,08:57:41,368.0,379.0,11.0,09:57:30,359.0,363.0,4.0,11:57:45,452.0,482.0,30.0,4,4,36.5,49.5,384.0,08:46:31,1.0,1.0,384.0,1.0,27850.0,5999,85.0,traded,08:45:01.533,1.533,93.0,85.0,93.0,1,10,1.0,0.0,8.0,0.0,8.0,0.0,08:45:29,95.0,98.0,3.0,08:45:57,90.0,92.0,2.0,08:46:59,125.0,127.0,2.0,08:49:59,125.0,128.0,3.0,08:59:59,110.0,112.0,2.0,09:59:42,81.0,82.0,1.0,11:59:54,181.0,183.0,2.0,280,601,2.0,1.7777777777777777,85.0,08:45:00,0.0,1.0,93.0,1.0,ok
2025-11-14,F,202511,68.43999999999869,08:45:00,27510.0,27441.56,27150.0,87,341.0,traded,08:45:12.524,12.524000000000001,341.0,341.0,348.0,1.0,1.0,1.0,7.0,7.0,7.0,7.0,0.0,08:45:12,341.0,348.0,7.0,08:45:12,341.0,348.0,7.0,08:45:12,341.0,348.0,7.0,08:49:26,328.0,336.0,8.0,08:58:34,308.0,314.0,6.0,09:53:32,347.0,359.0,12.0,11:52:46,374.0,412.0,38.0,2,2,7.5,7.5,341.0,08:45:12,1.0,1.0,341.0,1.0,27450.0,14034,115.0,traded,08:45:32.501,32.501,115.0,110.0,138.0,1,1,1.0,23.0,28.0,23.0,28.0,0.0,,,,,08:45:55,106.0,110.0,4.0,08:46:46,112.0,113.0,1.0,08:49:59,107.0,109.0,2.0,08:59:59,79.0,81.0,2.0,09:59:58,79.0,81.0,2.0,11:59:54,104.0,106.0,2.0,136,297,1.5,2.2794117647058822,115.0,08:45:32,1.0,1.0,115.0,1.0,ok
2025-11-19,M,202511,77.88000000000102,08:45:00,26807.0,26729.12,26450.0,397,,no_trade_before_0850,,,,,,,,,,,,,,,,,,,,,,,,,,,,,,,,,,09:57:42,314.0,318.0,4.0,11:59:48,137.0,140.0,3.0,0,0,,,,,,,,,26750.0,7440,147.0,traded,08:45:15.004,15.004,173.0,154.0,173.0,1,1,1.0,0.0,19.0,0.0,19.0,0.0,08:45:27,170.0,194.0,24.0,08:45:59,177.0,179.0,2.0,08:46:43,158.0,160.0,2.0,08:49:58,149.0,155.0,6.0,08:59:59,102.0,103.0,1.0,09:59:59,80.0,81.0,1.0,11:59:49,3.7,3.9,0.19999999999999973,85,125,2.0,3.841463414634146,147.0,08:45:00,0.0,1.0,173.0,1.0,ok
2025-11-21,F,202512,41.63999999999942,08:45:00,26750.0,26708.36,26450.0,7861,316.0,traded,08:46:08.599,68.599,316.0,304.0,319.0,1.0,1.0,1.0,3.0,15.0,3.0,15.0,0.0,,,,,,,,,08:46:08,304.0,319.0,15.0,08:46:08,304.0,319.0,15.0,08:57:22,324.0,327.0,3.0,09:59:55,255.0,260.0,5.0,11:59:51,104.0,105.0,1.0,1,1,15.0,15.0,316.0,08:46:08,1.0,1.0,316.0,1.0,26700.0,10943,185.0,traded,08:45:03.732,3.732,145.0,145.0,157.0,2,1,1.0,12.0,12.0,12.0,12.0,0.0,08:45:20,134.0,159.0,25.0,08:45:57,124.0,127.0,3.0,08:46:55,142.0,143.0,1.0,08:49:57,132.0,134.0,2.0,09:00:00,114.0,116.0,2.0,09:59:58,70.0,72.0,2.0,11:59:59,3.5,3.8,0.2999999999999998,188,570,2.0,3.305084745762712,185.0,08:45:00,0.0,1.0,145.0,1.0,ok
2025-11-26,W,202512,-30.169999999998254,08:45:00,27188.0,27218.17,26950.0,1237,222.0,traded,08:45:01.497,1.4969999999999999,211.0,211.0,223.0,2.0,1.0,1.0,12.0,12.0,12.0,12.0,0.0,08:45:24,199.0,210.0,11.0,08:45:54,199.0,201.0,2.0,08:46:58,201.0,204.0,3.0,08:49:58,205.0,207.0,2.0,08:59:53,255.0,258.0,3.0,09:59:06,342.0,345.0,3.0,11:58:47,330.0,332.0,2.0,114,156,2.0,3.2123893805309733,222.0,08:45:00,0.0,1.0,211.0,1.0,27200.0,10629,40.0,traded,08:45:01.493,1.4929999999999999,40.0,40.0,47.0,2,1,0.5,7.0,7.0,14.0,14.0,0.0,08:45:28,34.5,36.0,1.5,08:45:59,34.0,34.5,0.5,08:46:59,36.0,36.5,0.5,08:49:59,36.0,36.5,0.5,08:59:59,62.0,63.0,1.0,09:59:56,109.0,112.0,3.0,11:59:58,84.0,86.0,2.0,578,1797,1.0,1.2183098591549295,40.0,08:45:00,1.0,1.0,40.0,1.0,ok
2025-11-28,F,202512,26.470000000001164,08:45:00,27590.0,27563.53,27300.0,524,265.0,traded,08:45:43.384,43.384,265.0,259.0,312.0,1.0,4.0,1.0,47.0,53.0,47.0,53.0,0.0,,,,,08:45:56,271.0,312.0,41.0,08:45:56,271.0,312.0,41.0,08:49:43,290.0,293.0,3.0,08:58:30,292.0,296.0,4.0,09:59:30,347.0,349.0,2.0,11:58:10,422.0,430.0,8.0,7,29,3.0,15.142857142857142,265.0,08:45:43,1.0,1.0,265.0,1.0,27550.0,4091,78.0,traded,08:45:01.421,1.421,77.0,77.0,84.0,2,1,1.0,7.0,7.0,7.0,7.0,0.0,08:45:20,67.0,71.0,4.0,08:45:59,70.0,72.0,2.0,08:46:56,64.0,65.0,1.0,08:49:59,82.0,83.0,1.0,08:59:59,86.0,88.0,2.0,09:59:54,104.0,106.0,2.0,11:59:55,181.0,184.0,3.0,192,426,1.0,1.869109947643979,78.0,08:45:00,0.0,1.0,77.0,1.0,ok
2025-12-03,W,202512,-2.270000000000437,08:45:00,27808.0,27810.27,27550.0,1278,258.0,traded,08:45:25.641,25.641,258.0,258.0,265.0,2.0,1.0,1.0,7.0,7.0,7.0,7.0,0.0,08:45:25,258.0,265.0,7.0,08:45:56,251.0,255.0,4.0,08:46:58,255.0,256.0,1.0,08:49:49,278.0,280.0,2.0,08:59:53,254.0,255.0,1.0,09:59:51,233.0,236.0,3.0,11:59:28,172.0,173.0,1.0,42,78,2.0,2.9047619047619047,258.0,08:45:25,1.0,1.0,258.0,1.0,27800.0,18340,57.0,traded,08:45:02.245,2.245,60.0,59.0,60.0,1,6,1.0,0.0,1.0,0.0,1.0,0.0,08:45:29,59.0,60.0,1.0,08:45:58,58.0,60.0,2.0,08:46:58,59.0,60.0,1.0,08:49:59,69.0,70.0,1.0,08:59:59,59.0,60.0,1.0,09:59:59,35.0,36.0,1.0,11:59:59,4.2,4.7,0.5,487,1120,1.0,1.2082474226804123,57.0,08:45:00,0.0,1.0,60.0,1.0,ok
2025-12-05,F,202512,-12.709999999999129,08:45:00,27792.0,27804.71,27550.0,338,256.0,traded,08:45:07.822,7.822,256.0,247.0,319.0,1.0,1.0,1.0,63.0,72.0,63.0,72.0,0.0,08:45:16,247.0,293.0,46.0,08:45:16,247.0,293.0,46.0,08:46:52,236.0,239.0,3.0,08:49:35,257.0,259.0,2.0,08:59:48,278.0,281.0,3.0,09:59:31,280.0,281.0,1.0,11:59:48,276.0,279.0,3.0,12,13,3.0,12.0,256.0,08:45:07,1.0,1.0,256.0,1.0,27800.0,15178,53.0,traded,08:45:04.059,4.059,60.0,55.0,60.0,1,11,1.0,0.0,5.0,0.0,5.0,0.0,08:45:28,53.0,54.0,1.0,08:45:59,48.5,50.0,1.5,08:46:54,47.5,48.5,1.0,08:49:59,56.0,57.0,1.0,08:59:59,70.0,72.0,2.0,09:59:58,56.0,58.0,2.0,11:59:59,32.5,33.0,0.5,266,647,1.0,1.5534351145038168,53.0,08:45:00,0.0,1.0,60.0,1.0,ok
2025-12-10,W,202512,43.400000000001455,08:45:00,28279.0,28235.6,27950.0,150,331.0,traded,08:45:32.224,32.224,331.0,304.0,331.0,1.0,2.0,1.0,0.0,27.0,0.0,27.0,0.0,,,,,08:45:32,304.0,331.0,27.0,08:45:32,304.0,331.0,27.0,08:48:52,334.0,339.0,5.0,08:59:58,340.0,344.0,4.0,09:59:04,306.0,308.0,2.0,11:47:15,404.0,420.0,16.0,5,10,5.0,12.8,331.0,08:45:32,1.0,1.0,331.0,1.0,28250.0,10176,65.0,traded,08:45:07.464,7.464,70.0,67.0,73.0,2,3,1.0,3.0,6.0,3.0,6.0,0.0,08:45:29,68.0,71.0,3.0,08:45:58,72.0,73.0,1.0,08:46:59,73.0,75.0,2.0,08:49:55,71.0,72.0,1.0,08:59:58,76.0,78.0,2.0,09:59:52,41.5,42.0,0.5,11:59:57,108.0,109.0,1.0,177,386,1.0,1.8977272727272727,65.0,08:45:00,0.0,1.0,70.0,1.0,ok
2025-12-12,F,202512,68.25,08:45:00,28266.0,28197.75,27900.0,87,,no_trade_before_0850,,,,,,,,,,,,,,,,,,,,,,,,,,,,,,08:57:45,369.0,375.0,6.0,09:59:18,344.0,350.0,6.0,11:59:04,229.0,231.0,2.0,0,0,,,,,,,,,28200.0,11872,110.0,traded,08:45:02.772,2.7720000000000002,82.0,82.0,107.0,1,3,1.0,25.0,25.0,25.0,25.0,0.0,08:45:29,90.0,92.0,2.0,08:45:59,103.0,106.0,3.0,08:46:59,115.0,118.0,3.0,08:49:58,106.0,107.0,1.0,08:59:59,91.0,92.0,1.0,09:59:59,77.0,79.0,2.0,11:59:57,3.0,3.3,0.2999999999999998,287,712,2.0,3.611940298507463,110.0,08:45:00,0.0,1.0,82.0,1.0,ok
2025-12-17,M,202512,78.34000000000015,08:45:00,27625.0,27546.66,27250.0,14,,no_trade_before_0850,,,,,,,,,,,,,,,,,,,,,,,,,,,,,,,,,,,,,,10:02:28,438.0,474.0,36.0,0,0,,,,,,,,,27550.0,9013,112.0,traded,08:45:04.437,4.437,112.0,112.0,144.0,2,1,1.0,32.0,32.0,32.0,32.0,0.0,08:45:27,113.0,127.0,14.0,08:45:55,130.0,133.0,3.0,08:46:59,147.0,149.0,2.0,08:49:57,131.0,133.0,2.0,08:59:59,134.0,136.0,2.0,09:59:55,178.0,180.0,2.0,11:59:56,196.0,199.0,3.0,95,151,2.0,2.9574468085106385,112.0,08:45:00,1.0,1.0,112.0,1.0,ok
2025-12-19,F,202601,123.47000000000116,08:45:00,27800.0,27676.53,27400.0,221,335.0,traded,08:45:32.086,32.086,335.0,,,1.0,1.0,1.0,,,,,,,,,,08:45:32,,,,08:46:29,,,,08:49:30,,,,08:59:58,,,,09:58:13,,,,11:33:42,,,,19,26,,,335.0,08:45:32,1.0,1.0,335.0,1.0,27700.0,13903,81.0,traded,08:45:14.606,14.606,69.0,,,2,2,1.0,,,,,,08:45:28,,,,08:45:59,,,,08:46:55,,,,08:49:59,,,,08:59:58,,,,09:59:38,,,,11:59:59,,,,337,804,,,81.0,08:45:00,0.0,1.0,69.0,1.0,ok
2025-12-24,W,202601,89.52999999999884,08:45:00,28565.0,28475.47,28200.0,2940,235.0,traded,08:45:30.313,30.313,216.0,,,2.0,1.0,1.0,,,,,,08:45:00,,,,08:45:58,,,,08:46:58,,,,08:49:37,,,,08:59:34,,,,09:59:57,,,,11:59:51,,,,66,122,,,235.0,08:45:00,0.0,1.0,216.0,1.0,28500.0,6282,20.0,traded,08:45:01.105,1.105,16.0,,,2,1,0.5,,,,,,08:45:29,,,,08:45:57,,,,08:46:59,,,,08:49:59,,,,08:59:58,,,,09:59:59,,,,11:58:53,,,,456,1436,,,20.0,08:45:00,0.0,1.0,16.0,1.0,ok
2025-12-26,F,202601,59.02000000000044,08:45:00,28595.0,28535.98,28250.0,244,242.0,traded,08:46:17.953,77.953,236.0,,,2.0,1.0,1.0,,,,,,08:45:00,,,,08:45:00,,,,08:46:55,,,,08:49:42,,,,08:58:36,,,,09:59:46,,,,11:50:49,,,,29,47,,,242.0,08:45:00,0.0,1.0,236.0,1.0,28550.0,12349,16.0,traded,08:45:02.581,2.581,19.5,,,2,1,0.5,,,,,,08:45:29,,,,08:45:59,,,,08:46:59,,,,08:49:59,,,,08:59:59,,,,09:59:59,,,,11:59:58,,,,408,1153,,,16.0,08:45:00,0.0,1.0,19.5,1.0,ok
2025-12-31,W,202601,186.86999999999895,08:45:00,28842.0,28655.13,28350.0,31,361.0,traded,08:48:02.824,182.824,361.0,361.0,395.0,2.0,1.0,1.0,34.0,34.0,34.0,34.0,0.0,,,,,,,,,,,,,08:48:02,361.0,395.0,34.0,08:53:46,359.0,365.0,6.0,09:55:18,500.0,510.0,10.0,11:58:47,610.0,630.0,20.0,1,1,34.0,34.0,361.0,08:48:02,1.0,1.0,361.0,1.0,28650.0,2162,102.0,traded,08:45:19.906,19.906,100.0,94.0,174.0,2,1,1.0,74.0,80.0,74.0,80.0,0.0,08:45:23,93.0,100.0,7.0,08:45:59,98.0,100.0,2.0,08:46:59,90.0,91.0,1.0,08:49:59,87.0,89.0,2.0,08:59:58,75.0,76.0,1.0,09:59:54,212.0,214.0,2.0,11:59:26,317.0,320.0,3.0,154,360,1.0,2.4313725490196076,102.0,08:45:00,0.0,1.0,100.0,1.0,ok
2026-01-02,F,202601,21.40000000000145,08:45:00,29047.0,29025.6,28750.0,374,255.0,traded,08:45:28.031,28.031,255.0,227.0,255.0,1.0,1.0,1.0,0.0,28.0,0.0,28.0,0.0,08:45:28,227.0,255.0,28.0,08:45:28,227.0,255.0,28.0,08:46:30,275.0,276.0,1.0,08:49:58,277.0,278.0,1.0,08:56:18,283.0,286.0,3.0,09:59:50,359.0,362.0,3.0,11:33:28,483.0,500.0,17.0,25,32,2.0,3.48,255.0,08:45:28,1.0,1.0,255.0,1.0,29050.0,6280,41.5,traded,08:45:09.342,9.342,31.0,31.0,43.5,2,1,0.5,12.5,12.5,25.0,25.0,0.0,08:45:29,33.0,34.0,1.0,08:45:59,38.5,39.5,1.0,08:46:59,43.5,44.5,1.0,08:49:52,46.0,46.5,0.5,08:59:59,59.0,60.0,1.0,09:59:59,80.0,81.0,1.0,11:59:13,232.0,233.0,1.0,280,717,0.5,1.2037735849056603,41.5,08:45:00,0.0,1.0,31.0,1.0,ok
2026-01-07,W,202601,65.70000000000073,08:45:00,30609.0,30543.3,30250.0,1785,248.0,traded,08:45:14.102,14.102,248.0,246.0,257.0,1.0,1.0,1.0,9.0,11.0,9.0,11.0,0.0,08:45:14,246.0,257.0,11.0,08:45:46,264.0,279.0,15.0,08:46:33,282.0,284.0,2.0,08:49:30,274.0,277.0,3.0,08:59:55,249.0,252.0,3.0,09:59:49,156.0,158.0,2.0,11:57:59,254.0,259.0,5.0,27,29,3.0,3.074074074074074,248.0,08:45:14,1.0,1.0,248.0,1.0,30550.0,12296,56.0,traded,08:45:06.422,6.422,56.0,52.0,56.0,1,1,1.0,0.0,4.0,0.0,4.0,0.0,08:45:24,49.5,51.0,1.5,08:45:57,59.0,60.0,1.0,08:46:58,59.0,61.0,2.0,08:49:58,60.0,61.0,1.0,08:59:59,45.0,46.0,1.0,09:59:59,9.9,10.0,0.09999999999999964,11:59:57,9.1,9.3,0.20000000000000107,186,457,1.0,1.3064516129032258,56.0,08:45:06,1.0,1.0,56.0,1.0,ok
2026-01-09,F,202601,133.45000000000073,08:45:00,30450.0,30316.55,30000.0,2398,322.0,traded,08:46:38.950,98.95,322.0,322.0,367.0,1.0,1.0,1.0,45.0,45.0,45.0,45.0,0.0,,,,,,,,,08:46:38,322.0,367.0,45.0,08:49:35,347.0,349.0,2.0,08:58:06,330.0,335.0,5.0,09:59:49,183.0,186.0,3.0,11:55:58,434.0,479.0,45.0,22,24,5.0,22.136363636363637,322.0,08:46:38,1.0,1.0,322.0,1.0,30300.0,16628,111.0,traded,08:45:09.630,9.63,126.0,114.0,126.0,1,1,1.0,0.0,12.0,0.0,12.0,0.0,08:45:25,119.0,129.0,10.0,08:45:50,112.0,122.0,10.0,08:46:54,82.0,84.0,2.0,08:49:49,94.0,95.0,1.0,08:59:59,78.0,79.0,1.0,09:59:57,13.5,14.0,0.5,11:59:56,145.0,148.0,3.0,171,473,2.0,2.8362573099415203,111.0,08:45:00,0.0,1.0,126.0,1.0,ok
2026-01-14,W,202601,130.77999999999884,08:45:00,31000.0,30869.22,30550.0,97,,no_trade_before_0850,,,,,,,,,,,,,,,,,,,,,,,,,,,,,,08:59:57,348.0,355.0,7.0,09:54:14,382.0,390.0,8.0,11:33:22,416.0,428.0,12.0,0,0,,,,,,,,,30850.0,7908,115.0,traded,08:45:19.603,19.603,123.0,109.0,123.0,1,2,1.0,0.0,14.0,0.0,14.0,0.0,08:45:29,116.0,120.0,4.0,08:45:58,143.0,145.0,2.0,08:46:58,158.0,160.0,2.0,08:49:50,145.0,147.0,2.0,08:59:57,101.0,103.0,2.0,09:59:41,109.0,111.0,2.0,11:59:51,71.0,72.0,1.0,143,263,2.0,3.3333333333333335,115.0,08:45:00,0.0,1.0,123.0,1.0,ok
2026-01-16,F,202601,168.41999999999825,08:45:00,31382.0,31213.58,30900.0,248,381.0,traded,08:45:01.299,1.299,381.0,381.0,443.0,2.0,1.0,1.0,62.0,62.0,62.0,62.0,0.0,08:45:06,380.0,443.0,63.0,08:45:06,380.0,443.0,63.0,08:45:06,380.0,443.0,63.0,08:49:13,404.0,416.0,12.0,08:56:56,410.0,416.0,6.0,09:58:57,297.0,304.0,7.0,11:14:59,453.0,458.0,5.0,7,8,32.0,39.42857142857143,381.0,08:45:01,1.0,1.0,381.0,1.0,31200.0,7009,165.0,traded,08:45:06.496,6.496,123.0,122.0,160.0,2,1,1.0,37.0,38.0,37.0,38.0,0.0,08:45:17,102.0,113.0,11.0,08:45:59,125.0,127.0,2.0,08:46:59,156.0,158.0,2.0,08:49:52,137.0,138.0,1.0,08:59:58,134.0,137.0,3.0,09:59:59,54.0,55.0,1.0,11:59:29,169.0,171.0,2.0,165,300,2.0,3.453333333333333,165.0,08:45:00,0.0,1.0,123.0,1.0,ok
2026-01-21,M,202601,-40.9900000000016,08:45:00,31296.0,31336.99,31000.0,451,321.0,traded,08:45:11.107,11.107,335.0,300.0,335.0,1.0,2.0,1.0,0.0,35.0,0.0,35.0,0.0,08:45:11,300.0,335.0,35.0,08:45:56,340.0,361.0,21.0,08:46:46,362.0,365.0,3.0,08:49:21,388.0,391.0,3.0,08:59:08,376.0,379.0,3.0,09:58:10,560.0,575.0,15.0,11:59:33,293.0,300.0,7.0,23,40,4.0,11.478260869565217,321.0,08:45:00,0.0,1.0,335.0,1.0,31350.0,13451,76.0,traded,08:45:12.440,12.44,87.0,77.0,87.0,1,2,1.0,0.0,10.0,0.0,10.0,0.0,08:45:29,91.0,93.0,2.0,08:45:56,91.0,93.0,2.0,08:46:58,97.0,99.0,2.0,08:49:52,106.0,108.0,2.0,08:59:55,107.0,108.0,1.0,09:59:57,207.0,210.0,3.0,11:59:59,32.0,32.5,0.5,284,559,1.0,1.5936395759717314,76.0,08:45:00,0.0,1.0,87.0,1.0,ok
2026-01-23,F,202602,124.91999999999824,08:45:00,31995.0,31870.08,31550.0,214,307.0,traded,08:45:01.178,1.178,306.0,192.0,395.0,2.0,1.0,1.0,89.0,203.0,89.0,203.0,0.0,08:45:02,192.0,392.0,200.0,08:45:02,192.0,392.0,200.0,08:46:53,339.0,387.0,48.0,08:48:51,339.0,371.0,32.0,08:53:44,394.0,401.0,7.0,09:59:38,307.0,312.0,5.0,11:45:01,398.0,420.0,22.0,27,27,203.0,189.92592592592592,307.0,08:45:00,0.0,1.0,306.0,1.0,31850.0,10545,83.0,traded,08:45:01.212,1.212,70.0,70.0,74.0,2,12,1.0,4.0,4.0,4.0,4.0,0.0,08:45:26,91.0,94.0,3.0,08:45:58,99.0,100.0,1.0,08:46:59,115.0,118.0,3.0,08:49:58,105.0,107.0,2.0,08:59:59,116.0,117.0,1.0,09:59:59,60.0,61.0,1.0,11:59:58,107.0,109.0,2.0,153,355,2.0,3.0201342281879193,83.0,08:45:00,0.0,1.0,70.0,1.0,ok
2026-01-28,W,202602,171.08000000000175,08:45:00,32758.0,32586.92,32250.0,266,358.0,traded,08:47:16.364,136.364,358.0,358.0,366.0,2.0,1.0,1.0,8.0,8.0,8.0,8.0,0.0,,,,,,,,,,,,,08:48:59,362.0,365.0,3.0,08:59:09,356.0,364.0,8.0,09:55:20,347.0,355.0,8.0,11:49:21,413.0,420.0,7.0,26,68,8.0,6.538461538461538,358.0,08:47:16,1.0,1.0,358.0,1.0,32600.0,13773,89.0,traded,08:45:02.551,2.551,84.0,81.0,85.0,2,1,1.0,1.0,4.0,1.0,4.0,0.0,08:45:28,80.0,81.0,1.0,08:45:59,87.0,88.0,1.0,08:46:59,78.0,80.0,2.0,08:49:57,74.0,76.0,2.0,08:59:57,71.0,72.0,1.0,09:59:52,62.0,63.0,1.0,11:59:56,60.0,61.0,1.0,413,946,1.0,1.4902912621359223,89.0,08:45:00,0.0,1.0,84.0,1.0,ok
2026-01-30,F,202602,233.7299999999996,08:45:00,32456.0,32222.27,31900.0,334,,no_trade_before_0850,,,,,,,,,,,,,,,,,,,,,,,,,,,,,,08:56:43,482.0,505.0,23.0,09:58:07,219.0,224.0,5.0,11:58:55,323.0,342.0,19.0,0,0,,,,,,,,,32200.0,17980,187.0,traded,08:45:07.187,7.187,238.0,198.0,238.0,1,2,1.0,0.0,40.0,0.0,40.0,0.0,08:45:26,233.0,239.0,6.0,08:45:59,209.0,211.0,2.0,08:46:57,218.0,220.0,2.0,08:49:51,224.0,226.0,2.0,08:59:10,243.0,246.0,3.0,09:59:54,34.5,35.5,1.0,11:59:59,48.5,49.5,1.0,149,263,3.0,8.535714285714286,187.0,08:45:00,0.0,1.0,238.0,1.0,ok
2026-02-04,W,202602,58.63999999999942,08:45:00,32110.0,32051.36,31750.0,226,274.0,traded,08:45:34.363,34.363,274.0,274.0,301.0,2.0,1.0,1.0,27.0,27.0,27.0,27.0,0.0,,,,,08:45:49,283.0,293.0,10.0,08:46:38,299.0,303.0,4.0,08:49:55,274.0,276.0,2.0,08:59:01,248.0,251.0,3.0,09:59:23,471.0,505.0,34.0,11:46:28,545.0,565.0,20.0,26,52,3.0,5.846153846153846,274.0,08:45:34,1.0,1.0,274.0,1.0,32050.0,4764,78.0,traded,08:45:09.508,9.508,94.0,82.0,94.0,1,1,1.0,0.0,12.0,0.0,12.0,0.0,08:45:29,83.0,85.0,2.0,08:45:58,82.0,84.0,2.0,08:46:57,79.0,81.0,2.0,08:49:55,73.0,74.0,1.0,08:59:57,60.0,61.0,1.0,09:59:59,212.0,214.0,2.0,11:59:39,263.0,265.0,2.0,278,545,2.0,2.3333333333333335,78.0,08:45:00,0.0,1.0,94.0,1.0,ok
2026-02-06,F,202602,74.72999999999956,08:45:00,31458.0,31383.27,31050.0,183,,no_trade_before_0850,,,,,,,,,,,,,,,,,,,,,,,,,,,,,,,,,,09:57:18,459.0,467.0,8.0,11:53:22,675.0,710.0,35.0,0,0,,,,,,,,,31400.0,5956,188.0,traded,08:45:01.270,1.27,141.0,127.0,141.0,1,1,1.0,0.0,14.0,0.0,14.0,0.0,08:45:30,152.0,272.0,120.0,08:45:59,173.0,176.0,3.0,08:46:59,193.0,196.0,3.0,08:49:58,188.0,191.0,3.0,08:59:55,202.0,204.0,2.0,09:59:59,169.0,170.0,1.0,11:59:34,330.0,343.0,13.0,88,291,3.0,7.246913580246914,188.0,08:45:00,0.0,1.0,141.0,1.0,ok
2026-02-11,W,202602,110.02999999999884,08:45:00,33349.0,33238.97,32900.0,744,319.0,traded,08:46:20.926,80.926,286.0,286.0,301.0,2.0,1.0,1.0,15.0,15.0,15.0,15.0,0.0,08:45:00,,,,08:45:00,,,,08:46:56,265.0,270.0,5.0,08:49:53,265.0,269.0,4.0,08:59:57,279.0,282.0,3.0,09:59:15,410.0,412.0,2.0,11:53:15,740.0,750.0,10.0,22,39,3.0,4.142857142857143,319.0,08:45:00,0.0,1.0,286.0,1.0,33250.0,6262,70.0,traded,08:45:06.385,6.385,61.0,60.0,61.0,1,1,1.0,0.0,1.0,0.0,1.0,0.0,08:45:29,57.0,59.0,2.0,08:45:58,52.0,53.0,1.0,08:46:59,50.0,51.0,1.0,08:49:59,47.0,48.0,1.0,08:59:59,47.0,47.5,0.5,09:59:56,98.0,100.0,2.0,11:57:47,388.0,391.0,3.0,335,741,1.0,1.2290419161676647,70.0,08:45:00,0.0,1.0,61.0,1.0,ok
2026-02-23,M,202602,48.29000000000087,08:45:00,34269.0,34220.71,33900.0,8152,550.0,traded,08:46:31.729,91.729,550.0,154.0,550.0,1.0,1.0,5.0,0.0,396.0,0.0,79.2,0.0,,,,,,,,,08:46:31,154.0,550.0,396.0,08:49:49,290.0,350.0,60.0,08:59:59,251.0,270.0,19.0,09:59:40,267.0,272.0,5.0,11:59:59,129.0,130.0,1.0,8,8,96.0,153.75,550.0,08:46:31,1.0,1.0,550.0,1.0,34200.0,12317,100.0,traded,08:45:02.266,2.266,283.0,100.0,283.0,1,1,1.0,0.0,183.0,0.0,183.0,0.0,08:45:29,228.0,235.0,7.0,08:45:55,102.0,195.0,93.0,08:46:57,157.0,179.0,22.0,08:49:58,162.0,171.0,9.0,08:59:59,82.0,84.0,2.0,09:59:59,53.0,54.0,1.0,11:59:59,2.6,2.7,0.10000000000000009,220,369,4.0,10.89041095890411,100.0,08:45:00,0.0,1.0,283.0,1.0,ok
2026-02-25,W,202603,106.18000000000028,08:45:00,35243.0,35136.82,34800.0,1176,309.0,traded,08:45:09.021,9.021,309.0,309.0,367.0,2.0,1.0,1.0,58.0,58.0,58.0,58.0,0.0,08:45:21,320.0,349.0,29.0,08:45:50,349.0,358.0,9.0,08:46:56,291.0,293.0,2.0,08:49:54,306.0,309.0,3.0,08:59:43,276.0,279.0,3.0,09:59:48,385.0,388.0,3.0,11:59:53,565.0,580.0,15.0,65,78,3.0,6.969230769230769,309.0,08:45:09,1.0,1.0,309.0,1.0,35150.0,6834,100.0,traded,08:45:16.791,16.791,100.0,100.0,141.0,2,3,1.0,41.0,41.0,41.0,41.0,0.0,08:45:16,100.0,141.0,41.0,08:45:59,106.0,108.0,2.0,08:46:56,81.0,82.0,1.0,08:49:58,86.0,87.0,1.0,08:59:59,67.0,68.0,1.0,09:59:58,101.0,102.0,1.0,11:59:53,224.0,226.0,2.0,144,222,1.0,2.0972222222222223,100.0,08:45:16,1.0,1.0,100.0,1.0,ok
2026-03-02,F,202603,188.51000000000204,08:45:00,34744.0,34555.49,34200.0,2,,no_trade_before_0850,,,,,,,,,,,,,,,,,,,,,,,,,,,,,,,,,,09:19:26,895.0,920.0,25.0,09:19:26,895.0,920.0,25.0,0,0,,,,,,,,,34550.0,64,214.0,traded,08:45:01.383,1.383,214.0,214.0,368.0,1,2,1.0,154.0,154.0,154.0,154.0,0.0,08:45:05,221.0,366.0,145.0,08:45:05,221.0,366.0,145.0,08:46:59,331.0,342.0,11.0,08:49:53,310.0,316.0,6.0,08:59:07,279.0,293.0,14.0,09:08:20,498.0,535.0,37.0,09:08:20,498.0,535.0,37.0,26,36,6.0,31.153846153846153,214.0,08:45:01,1.0,1.0,214.0,1.0,ok
2026-03-04,W,202603,87.34999999999854,08:45:00,33461.0,33373.65,33050.0,5662,383.0,traded,08:46:55.655,115.655,383.0,383.0,391.0,2.0,2.0,1.0,8.0,8.0,8.0,8.0,0.0,,,,,,,,,08:46:55,383.0,391.0,8.0,08:49:29,405.0,436.0,31.0,08:52:39,535.0,550.0,15.0,09:57:20,408.0,416.0,8.0,11:59:57,136.0,138.0,2.0,3,4,18.0,19.0,383.0,08:46:55,1.0,1.0,383.0,1.0,33350.0,8696,221.0,traded,08:45:14.804,14.804,221.0,221.0,413.0,1,2,1.0,192.0,192.0,192.0,192.0,0.0,08:45:14,221.0,413.0,192.0,08:45:49,210.0,359.0,149.0,08:46:41,192.0,228.0,36.0,08:49:52,197.0,200.0,3.0,08:59:48,319.0,327.0,8.0,09:59:56,181.0,184.0,3.0,11:59:50,12.5,13.0,0.5,101,135,3.0,13.0,221.0,08:45:14,1.0,1.0,221.0,1.0,ok
2026-03-06,F,202603,-10.940000000002328,08:45:00,33360.0,33370.94,33050.0,45,392.0,traded,08:45:01.487,1.487,439.0,303.0,439.0,1.0,1.0,1.0,0.0,136.0,0.0,136.0,0.0,08:45:10,321.0,535.0,214.0,08:45:55,443.0,467.0,24.0,08:46:44,453.0,463.0,10.0,08:49:57,487.0,495.0,8.0,08:59:14,360.0,387.0,27.0,09:36:46,482.0,490.0,8.0,11:46:16,535.0,565.0,30.0,18,35,15.5,47.111111111111114,392.0,08:45:00,0.0,1.0,439.0,1.0,33350.0,1555,193.0,traded,08:45:01.483,1.483,208.0,208.0,243.0,1,2,1.0,35.0,35.0,35.0,35.0,0.0,08:45:22,210.0,253.0,43.0,08:45:51,223.0,228.0,5.0,08:46:59,226.0,234.0,8.0,08:49:55,246.0,250.0,4.0,08:59:59,196.0,198.0,2.0,09:59:35,266.0,270.0,4.0,11:59:41,265.0,275.0,10.0,61,134,6.0,13.8,193.0,08:45:00,0.0,1.0,208.0,1.0,ok
2026-03-11,W,202603,5.129999999997381,08:45:00,33341.0,33335.87,33000.0,872,428.0,traded,08:45:20.190,20.19,463.0,372.0,463.0,1.0,1.0,1.0,0.0,91.0,0.0,91.0,0.0,08:45:29,453.0,460.0,7.0,08:45:54,453.0,465.0,12.0,08:46:57,426.0,430.0,4.0,08:49:55,377.0,378.0,1.0,08:59:29,361.0,364.0,3.0,09:59:16,615.0,630.0,15.0,11:59:06,1130.0,1150.0,20.0,201,474,7.0,41.83,428.0,08:45:00,0.0,1.0,463.0,1.0,33350.0,2477,166.0,traded,08:45:13.433,13.433,166.0,153.0,166.0,0,2,1.0,0.0,13.0,0.0,13.0,0.0,08:45:28,167.0,192.0,25.0,08:45:56,188.0,191.0,3.0,08:46:59,167.0,170.0,3.0,08:49:59,138.0,139.0,1.0,08:59:59,133.0,135.0,2.0,09:59:53,289.0,292.0,3.0,11:59:53,765.0,790.0,25.0,151,259,2.0,3.98,166.0,08:45:00,1.0,1.0,166.0,1.0,ok
2026-03-13,F,202603,-96.86000000000058,08:45:00,32664.0,32760.86,32450.0,6,477.0,traded,08:47:10.127,130.127,477.0,458.0,477.0,1.0,1.0,1.0,0.0,19.0,0.0,19.0,0.0,,,,,,,,,,,,,08:49:41,484.0,494.0,10.0,08:56:07,495.0,510.0,15.0,09:05:37,495.0,605.0,110.0,09:05:37,495.0,605.0,110.0,2,2,14.5,14.5,477.0,08:47:10,1.0,1.0,477.0,1.0,32750.0,155,210.0,traded,08:45:13.203,13.203,210.0,196.0,250.0,1,1,1.0,40.0,54.0,40.0,54.0,0.0,08:45:23,212.0,272.0,60.0,08:45:57,211.0,249.0,38.0,08:46:56,233.0,247.0,14.0,08:49:00,289.0,292.0,3.0,08:59:43,310.0,315.0,5.0,09:59:53,600.0,650.0,50.0,11:58:02,735.0,760.0,25.0,22,36,11.5,17.863636363636363,210.0,08:45:13,1.0,1.0,210.0,1.0,ok
2026-03-18,M,202603,-31.56999999999971,08:45:00,34266.0,34297.57,33950.0,328,385.0,traded,08:45:31.379,31.379,385.0,371.0,385.0,1.0,1.0,1.0,0.0,14.0,0.0,14.0,0.0,,,,,08:45:31,371.0,385.0,14.0,08:46:54,323.0,330.0,7.0,08:49:45,357.0,361.0,4.0,08:59:05,417.0,421.0,4.0,09:56:53,405.0,408.0,3.0,11:51:58,385.0,394.0,9.0,17,21,5.0,13.705882352941176,385.0,08:45:31,1.0,1.0,385.0,1.0,34300.0,21632,110.0,traded,08:45:01.505,1.505,120.0,108.0,120.0,1,4,1.0,0.0,12.0,0.0,12.0,0.0,08:45:29,128.0,132.0,4.0,08:45:58,133.0,135.0,2.0,08:46:59,101.0,103.0,2.0,08:49:58,115.0,117.0,2.0,08:59:59,153.0,155.0,2.0,09:59:46,112.0,114.0,2.0,11:59:55,90.0,92.0,2.0,592,1063,2.0,2.1759729272419626,110.0,08:45:00,0.0,1.0,120.0,1.0,ok
2026-03-20,F,202604,-22.68000000000029,08:45:00,33809.0,33831.68,33500.0,11755,288.0,traded,08:45:01.000,1.0,360.0,286.0,360.0,1.0,2.0,1.0,0.0,74.0,0.0,74.0,0.0,08:45:28,312.0,345.0,33.0,08:45:59,318.0,325.0,7.0,08:46:58,275.0,281.0,6.0,08:49:51,249.0,252.0,3.0,08:59:57,278.0,282.0,4.0,09:59:55,165.0,167.0,2.0,11:59:58,156.0,158.0,2.0,131,182,6.0,15.496062992125983,288.0,08:45:00,0.0,1.0,360.0,1.0,33850.0,8986,85.0,traded,08:45:01.333,1.333,115.0,77.0,115.0,1,1,1.0,0.0,38.0,0.0,38.0,0.0,08:45:29,94.0,97.0,3.0,08:46:00,94.0,95.0,1.0,08:46:55,78.0,80.0,2.0,08:49:57,67.0,68.0,1.0,08:59:57,74.0,75.0,1.0,09:59:57,18.0,19.5,1.5,11:59:57,2.4,2.8,0.3999999999999999,234,418,2.0,2.6233766233766236,85.0,08:45:00,0.0,1.0,115.0,1.0,ok
2026-03-25,W,202604,14.7599999999984,08:45:00,33786.0,33771.240000000005,33450.0,5043,300.0,traded,08:45:01.477,1.4769999999999999,297.0,297.0,394.0,2.0,1.0,1.0,97.0,97.0,97.0,97.0,0.0,08:45:25,361.0,387.0,26.0,08:45:58,361.0,365.0,4.0,08:46:47,339.0,365.0,26.0,08:49:54,322.0,326.0,4.0,08:59:58,310.0,314.0,4.0,09:59:52,248.0,252.0,4.0,11:59:58,129.0,131.0,2.0,64,101,8.0,20.29032258064516,300.0,08:45:00,0.0,1.0,297.0,1.0,33750.0,6879,121.0,traded,08:45:21.554,21.554,161.0,161.0,166.0,2,1,1.0,5.0,5.0,5.0,5.0,0.0,08:45:23,151.0,166.0,15.0,08:45:57,154.0,159.0,5.0,08:46:52,145.0,148.0,3.0,08:49:55,139.0,140.0,1.0,08:59:59,126.0,129.0,3.0,09:59:59,71.0,73.0,2.0,11:59:47,4.6,4.7,0.10000000000000053,166,281,3.0,4.781818181818182,121.0,08:45:00,0.0,1.0,161.0,1.0,ok
2026-03-27,F,202604,61.37999999999738,08:45:00,32793.0,32731.620000000003,32400.0,23,364.0,traded,08:46:32.414,92.414,364.0,364.0,383.0,2.0,1.0,1.0,19.0,19.0,19.0,19.0,0.0,,,,,,,,,08:46:32,364.0,383.0,19.0,08:49:50,392.0,403.0,11.0,08:58:15,417.0,433.0,16.0,09:56:59,464.0,476.0,12.0,10:29:15,421.0,438.0,17.0,3,3,13.0,14.333333333333334,364.0,08:46:32,1.0,1.0,364.0,1.0,32750.0,2962,152.0,traded,08:45:30.023,30.023,152.0,152.0,180.0,2,1,1.0,28.0,28.0,28.0,28.0,0.0,,,,,08:45:53,137.0,140.0,3.0,08:46:42,141.0,143.0,2.0,08:49:55,151.0,153.0,2.0,08:59:57,166.0,169.0,3.0,09:59:56,162.0,165.0,3.0,11:59:28,246.0,248.0,2.0,53,99,3.0,3.7169811320754715,152.0,08:45:30,1.0,1.0,152.0,1.0,ok
2026-04-01,W,202604,217.0099999999984,08:45:00,33049.0,32831.990000000005,32500.0,447,402.0,traded,08:45:15.584,15.584,515.0,484.0,515.0,1.0,9.0,5.0,0.0,31.0,0.0,6.2,0.0,08:45:27,466.0,535.0,69.0,08:45:59,535.0,545.0,10.0,08:46:53,515.0,565.0,50.0,08:49:52,525.0,545.0,20.0,08:59:52,565.0,575.0,10.0,09:57:44,550.0,560.0,10.0,11:59:31,625.0,645.0,20.0,61,115,35.0,36.71186440677966,402.0,08:45:00,0.0,1.0,515.0,1.0,32850.0,2087,235.0,traded,08:45:07.486,7.486,237.0,177.0,235.0,1,1,1.0,-2.0,58.0,-2.0,58.0,1.0,08:45:28,243.0,252.0,9.0,08:45:56,247.0,251.0,4.0,08:46:59,259.0,262.0,3.0,08:49:20,240.0,241.0,1.0,08:59:59,270.0,273.0,3.0,09:59:55,224.0,227.0,3.0,11:57:42,274.0,277.0,3.0,87,149,3.0,6.873563218390805,235.0,08:45:00,0.0,1.0,237.0,1.0,ok
2026-04-07,F,202604,22.56999999999971,08:45:00,33192.0,33169.43,32850.0,483,355.0,traded,08:46:56.736,116.736,355.0,330.0,355.0,1.0,1.0,1.0,0.0,25.0,0.0,25.0,0.0,,,,,,,,,08:46:56,330.0,355.0,25.0,08:49:00,375.0,387.0,12.0,08:58:31,328.0,336.0,8.0,09:59:48,162.0,165.0,3.0,11:57:27,228.0,231.0,3.0,11,18,24.0,24.727272727272727,355.0,08:46:56,1.0,1.0,355.0,1.0,33150.0,6856,178.0,traded,08:47:25.076,145.076,178.0,155.0,178.0,1,1,1.0,0.0,23.0,0.0,23.0,0.0,,,,,,,,,,,,,08:49:58,159.0,163.0,4.0,08:59:57,129.0,132.0,3.0,09:59:59,22.5,23.5,1.0,11:59:47,15.5,16.5,1.0,18,30,5.0,9.277777777777779,178.0,08:47:25,1.0,1.0,178.0,1.0,ok
2026-04-08,W,202604,-63.81999999999971,08:45:00,34651.0,34714.82,34350.0,2223,179.0,traded,08:45:08.385,8.385,107.0,107.0,466.0,1.0,1.0,1.0,359.0,359.0,359.0,359.0,0.0,08:45:21,108.0,250.0,142.0,08:45:48,123.0,250.0,127.0,08:46:55,155.0,241.0,86.0,08:49:47,150.0,154.0,4.0,08:59:59,146.0,149.0,3.0,09:59:51,293.0,296.0,3.0,11:58:31,306.0,310.0,4.0,54,110,28.0,50.698113207547166,179.0,08:45:00,0.0,1.0,107.0,1.0,34700.0,20439,57.0,traded,08:45:03.562,3.5620000000000003,55.0,55.0,57.0,2,3,1.0,2.0,2.0,2.0,2.0,0.0,08:45:22,47.0,60.0,13.0,08:45:55,30.5,56.0,25.5,08:46:57,32.0,33.5,1.5,08:49:59,40.0,40.5,0.5,08:59:58,36.5,38.0,1.5,09:59:58,55.0,56.0,1.0,11:59:55,16.0,16.5,0.5,184,388,1.5,4.218579234972678,57.0,08:45:00,0.0,1.0,55.0,1.0,ok
2026-04-10,F,202604,66.83999999999651,08:45:00,35249.0,35182.16,34850.0,280,287.0,traded,08:45:53.065,53.065,287.0,288.0,291.0,2.0,1.0,1.0,4.0,3.0,4.0,3.0,1.0,,,,,08:45:55,287.0,291.0,4.0,08:46:56,288.0,293.0,5.0,08:49:48,309.0,311.0,2.0,08:59:38,381.0,385.0,4.0,09:59:15,448.0,471.0,23.0,11:47:15,475.0,483.0,8.0,36,52,3.0,2.7222222222222223,287.0,08:45:53,1.0,1.0,287.0,1.0,35200.0,11156,72.0,traded,08:45:01.943,1.943,64.0,64.0,72.0,2,10,1.0,8.0,8.0,8.0,8.0,0.0,08:45:29,60.0,62.0,2.0,08:45:59,65.0,67.0,2.0,08:46:58,70.0,71.0,1.0,08:49:59,77.0,79.0,2.0,08:59:56,110.0,112.0,2.0,09:59:46,124.0,126.0,2.0,11:59:59,141.0,143.0,2.0,282,562,2.0,1.7092198581560283,72.0,08:45:00,0.0,1.0,64.0,1.0,ok
2026-04-15,M,202604,72.87999999999738,08:45:00,36725.0,36652.12,36300.0,425,400.0,traded,08:45:09.369,9.369,440.0,440.0,465.0,2.0,2.0,1.0,25.0,25.0,25.0,25.0,0.0,08:45:09,440.0,465.0,25.0,08:45:09,440.0,465.0,25.0,08:46:46,433.0,438.0,5.0,08:49:36,422.0,425.0,3.0,08:59:59,428.0,430.0,2.0,09:56:08,700.0,725.0,25.0,11:57:08,610.0,620.0,10.0,32,45,4.0,5.258064516129032,400.0,08:45:00,0.0,1.0,440.0,1.0,36650.0,6527,139.0,traded,08:46:11.507,71.507,139.0,139.0,143.0,2,2,1.0,4.0,4.0,4.0,4.0,0.0,,,,,,,,,08:46:52,142.0,144.0,2.0,08:49:56,135.0,137.0,2.0,08:59:59,138.0,139.0,1.0,09:59:52,392.0,398.0,6.0,11:59:00,260.0,268.0,8.0,84,113,2.0,2.3214285714285716,139.0,08:46:11,1.0,1.0,139.0,1.0,ok
2026-04-17,F,202605,324.9800000000032,08:45:00,37145.0,36820.02,36450.0,10,545.0,traded,08:45:54.001,54.001,545.0,545.0,575.0,2.0,1.0,5.0,30.0,30.0,6.0,6.0,0.0,,,,,08:45:54,545.0,575.0,30.0,08:45:54,545.0,575.0,30.0,08:49:45,605.0,620.0,15.0,08:49:45,605.0,620.0,15.0,09:43:07,471.0,478.0,7.0,11:52:07,406.0,417.0,11.0,2,2,22.5,22.5,545.0,08:45:54,1.0,1.0,545.0,1.0,36800.0,8649,240.0,traded,08:45:10.326,10.326,240.0,160.0,240.0,1,1,1.0,0.0,80.0,0.0,80.0,0.0,08:45:10,160.0,240.0,80.0,08:45:55,178.0,270.0,92.0,08:46:52,267.0,270.0,3.0,08:49:48,286.0,289.0,3.0,08:59:45,280.0,284.0,4.0,09:59:57,196.0,198.0,2.0,11:59:58,53.0,55.0,2.0,58,163,3.0,6.0344827586206895,240.0,08:45:10,1.0,1.0,240.0,1.0,ok
2026-04-22,W,202605,417.8899999999994,08:45:00,38150.0,37732.11,37350.0,141,350.0,traded,08:48:45.503,225.503,350.0,343.0,372.0,1.0,1.0,1.0,22.0,29.0,22.0,29.0,0.0,,,,,,,,,,,,,08:48:45,343.0,372.0,29.0,08:59:47,320.0,324.0,4.0,09:59:49,560.0,620.0,60.0,11:59:49,545.0,560.0,15.0,1,1,29.0,29.0,350.0,08:48:45,1.0,1.0,350.0,1.0,37750.0,2859,151.0,traded,08:45:01.098,1.098,133.0,133.0,177.0,2,1,1.0,44.0,44.0,44.0,44.0,0.0,08:45:24,137.0,177.0,40.0,08:45:58,95.0,140.0,45.0,08:46:55,117.0,125.0,8.0,08:49:56,88.0,90.0,2.0,08:59:59,73.0,74.0,1.0,09:59:51,182.0,185.0,3.0,11:59:53,160.0,163.0,3.0,112,186,2.0,7.882882882882883,151.0,08:45:00,0.0,1.0,133.0,1.0,ok
2026-04-24,F,202605,202.84999999999852,08:45:00,38299.0,38096.15,37700.0,250,440.0,traded,08:45:47.940,47.94,440.0,403.0,455.0,1.0,1.0,1.0,15.0,52.0,15.0,52.0,0.0,,,,,08:45:48,443.0,454.0,11.0,08:46:31,464.0,500.0,36.0,08:49:10,471.0,498.0,27.0,08:59:53,530.0,545.0,15.0,09:55:46,1000.0,1040.0,40.0,11:59:05,875.0,890.0,15.0,36,39,47.0,37.083333333333336,440.0,08:45:47,1.0,1.0,440.0,1.0,38100.0,1404,110.0,traded,08:45:05.437,5.437,136.0,136.0,147.0,2,1,1.0,11.0,11.0,11.0,11.0,0.0,08:45:28,136.0,140.0,4.0,08:45:59,160.0,164.0,4.0,08:46:59,192.0,196.0,4.0,08:49:54,186.0,190.0,4.0,08:59:54,205.0,209.0,4.0,09:59:29,690.0,720.0,30.0,11:59:05,474.0,498.0,24.0,215,464,4.0,6.938679245283019,110.0,08:45:00,0.0,1.0,136.0,1.0,ok
2026-04-29,W,202605,233.2699999999968,08:45:00,39698.0,39464.73,39050.0,1066,,no_trade_before_0850,,,,,,,,,,,,,,,,,,,,,,,,,,,,,,08:51:15,345.0,371.0,26.0,09:59:45,277.0,279.0,2.0,11:58:34,431.0,435.0,4.0,0,0,,,,,,,,,39450.0,12582,186.0,traded,08:45:02.868,2.868,215.0,123.0,215.0,1,1,1.0,0.0,92.0,0.0,92.0,0.0,08:45:17,135.0,264.0,129.0,08:45:49,168.0,195.0,27.0,08:46:36,113.0,154.0,41.0,08:49:55,137.0,140.0,3.0,08:59:59,80.0,81.0,1.0,09:59:59,47.5,48.0,0.5,11:59:54,81.0,82.0,1.0,78,120,4.0,22.844155844155843,186.0,08:45:00,0.0,1.0,215.0,1.0,ok
2026-05-04,F,202605,371.3700000000026,08:45:00,40440.0,40068.63,39650.0,70,620.0,traded,08:45:04.092,4.092,620.0,334.0,620.0,1.0,1.0,5.0,0.0,286.0,0.0,57.2,0.0,08:45:04,334.0,620.0,286.0,08:45:04,334.0,620.0,286.0,08:45:04,334.0,620.0,286.0,08:49:51,456.0,498.0,42.0,08:59:57,301.0,550.0,249.0,09:54:35,680.0,735.0,55.0,10:33:02,745.0,830.0,85.0,23,26,161.0,156.8695652173913,620.0,08:45:04,1.0,1.0,620.0,1.0,40050.0,815,288.0,traded,08:45:15.638,15.638,256.0,256.0,401.0,2,1,1.0,145.0,145.0,145.0,145.0,0.0,08:45:28,208.0,260.0,52.0,08:45:46,229.0,333.0,104.0,08:46:58,135.0,205.0,70.0,08:49:46,197.0,203.0,6.0,08:59:59,171.0,175.0,4.0,09:57:11,345.0,365.0,20.0,11:15:41,540.0,550.0,10.0,64,90,9.0,32.26984126984127,288.0,08:45:00,0.0,1.0,256.0,1.0,ok
2026-05-06,W,202605,224.70999999999916,08:45:00,41650.0,41425.29,41000.0,10862,468.0,traded,08:45:26.700,26.7,438.0,425.0,456.0,2.0,1.0,1.0,18.0,31.0,18.0,31.0,0.0,08:45:26,425.0,456.0,31.0,08:45:54,419.0,429.0,10.0,08:46:59,444.0,450.0,6.0,08:49:44,424.0,429.0,5.0,08:59:53,415.0,424.0,9.0,09:59:55,200.0,206.0,6.0,11:59:57,143.0,145.0,2.0,69,148,6.0,7.794117647058823,468.0,08:45:00,0.0,1.0,438.0,1.0,41450.0,4477,136.0,traded,08:45:11.648,11.648,135.0,126.0,135.0,1,1,1.0,0.0,9.0,0.0,9.0,0.0,08:45:28,153.0,171.0,18.0,08:45:58,136.0,140.0,4.0,08:46:59,150.0,151.0,1.0,08:49:54,133.0,135.0,2.0,08:59:54,116.0,118.0,2.0,09:59:55,35.5,37.5,2.0,11:59:50,3.1,3.2,0.10000000000000009,128,191,2.0,2.8897637795275593,136.0,08:45:00,0.0,1.0,135.0,1.0,ok
2026-05-08,F,202605,372.2200000000012,08:45:00,42120.0,41747.78,41350.0,618,460.0,traded,08:45:48.746,48.746,480.0,345.0,715.0,1.0,1.0,1.0,235.0,370.0,235.0,370.0,0.0,08:45:00,300.0,,,08:45:48,345.0,715.0,370.0,08:45:48,345.0,715.0,370.0,08:45:48,345.0,715.0,370.0,08:45:48,345.0,715.0,370.0,09:23:55,605.0,625.0,20.0,11:59:49,324.0,326.0,2.0,2,3,370.0,370.0,460.0,08:45:00,0.0,1.0,480.0,1.0,41750.0,6774,248.0,traded,08:45:04.811,4.811,248.0,128.0,248.0,1,1,1.0,0.0,120.0,0.0,120.0,0.0,08:45:04,128.0,250.0,122.0,08:45:49,217.0,278.0,61.0,08:46:59,244.0,252.0,8.0,08:49:56,249.0,253.0,4.0,08:59:59,207.0,210.0,3.0,09:59:55,183.0,185.0,2.0,11:59:57,20.5,21.5,1.0,28,40,5.0,19.785714285714285,248.0,08:45:04,1.0,1.0,248.0,1.0,ok
2026-05-13,W,202605,20.68000000000029,08:45:00,41238.0,41217.32,40800.0,606,414.0,traded,08:45:47.203,47.203,357.0,357.0,368.0,2.0,1.0,1.0,11.0,11.0,11.0,11.0,0.0,08:45:00,417.0,420.0,3.0,08:45:54,351.0,360.0,9.0,08:46:09,326.0,338.0,12.0,08:49:52,280.0,285.0,5.0,08:59:47,417.0,422.0,5.0,09:59:29,575.0,580.0,5.0,11:59:38,478.0,482.0,4.0,49,71,5.0,6.145833333333333,414.0,08:45:00,0.0,1.0,357.0,1.0,41200.0,9982,160.0,traded,08:45:05.728,5.728,160.0,160.0,190.0,2,1,1.0,30.0,30.0,30.0,30.0,0.0,08:45:27,84.0,148.0,64.0,08:45:58,122.0,124.0,2.0,08:46:59,111.0,112.0,1.0,08:49:59,103.0,104.0,1.0,08:59:59,153.0,155.0,2.0,09:59:56,247.0,251.0,4.0,11:59:57,113.0,116.0,3.0,169,279,2.0,3.375,160.0,08:45:00,1.0,1.0,160.0,1.0,ok
2026-05-15,F,202605,-33.75,08:45:00,42282.0,42315.75,41900.0,6372,353.0,traded,08:45:04.194,4.194,353.0,342.0,368.0,1.0,1.0,1.0,15.0,26.0,15.0,26.0,0.0,08:45:29,377.0,391.0,14.0,08:45:59,370.0,378.0,8.0,08:46:21,374.0,384.0,10.0,08:49:22,434.0,436.0,2.0,08:59:58,402.0,405.0,3.0,09:59:59,51.0,53.0,2.0,11:59:48,5.1,5.5,0.40000000000000036,59,66,7.0,8.389830508474576,353.0,08:45:04,1.0,1.0,353.0,1.0,42300.0,3648,148.0,traded,08:45:01.891,1.891,123.0,123.0,129.0,2,1,1.0,6.0,6.0,6.0,6.0,0.0,08:45:28,124.0,128.0,4.0,08:45:59,119.0,122.0,3.0,08:46:57,136.0,138.0,2.0,08:49:58,159.0,163.0,4.0,08:59:58,132.0,133.0,1.0,09:59:59,6.5,6.8,0.2999999999999998,11:58:42,0.5,0.8,0.30000000000000004,192,320,3.0,3.1157894736842104,148.0,08:45:00,0.0,1.0,123.0,1.0,ok
2026-05-20,M,202605,142.44000000000233,08:45:00,40051.0,39908.56,39500.0,254,585.0,traded,08:49:06.903,246.903,585.0,585.0,595.0,2.0,1.0,5.0,10.0,10.0,2.0,2.0,0.0,,,,,,,,,,,,,08:49:35,560.0,570.0,10.0,08:57:24,680.0,705.0,25.0,09:54:34,780.0,800.0,20.0,11:59:51,570.0,580.0,10.0,3,3,10.0,10.0,585.0,08:49:06,1.0,1.0,585.0,1.0,39900.0,4035,328.0,traded,08:47:24.263,144.263,328.0,316.0,328.0,1,1,1.0,0.0,12.0,0.0,12.0,0.0,,,,,,,,,,,,,08:49:55,258.0,265.0,7.0,08:59:54,350.0,357.0,7.0,09:59:42,430.0,432.0,2.0,11:59:54,196.0,198.0,2.0,30,31,6.5,6.666666666666667,328.0,08:47:24,1.0,1.0,328.0,1.0,ok
2026-05-22,F,202606,180.79000000000087,08:45:00,42196.0,42015.21,41600.0,2276,442.0,traded,08:45:01.475,1.475,283.0,283.0,500.0,2.0,1.0,1.0,217.0,217.0,217.0,217.0,0.0,08:45:28,422.0,428.0,6.0,08:45:58,348.0,355.0,7.0,08:46:58,366.0,370.0,4.0,08:49:59,300.0,304.0,4.0,08:59:59,251.0,255.0,4.0,09:59:43,366.0,371.0,5.0,11:59:26,439.0,440.0,1.0,154,266,6.0,20.394736842105264,442.0,08:45:00,0.0,1.0,283.0,1.0,42000.0,16019,100.0,traded,08:45:01.864,1.8639999999999999,115.0,115.0,186.0,2,1,1.0,71.0,71.0,71.0,71.0,0.0,08:45:29,140.0,143.0,3.0,08:45:59,100.0,104.0,4.0,08:46:59,115.0,118.0,3.0,08:49:59,89.0,90.0,1.0,08:59:59,64.0,65.0,1.0,09:59:54,82.0,84.0,2.0,11:59:56,67.0,69.0,2.0,687,1260,2.0,3.8808823529411764,100.0,08:45:00,0.0,1.0,115.0,1.0,ok
2026-05-27,W,202606,284.6299999999974,08:45:00,44490.0,44205.37,43750.0,114,600.0,traded,08:45:11.868,11.868,600.0,550.0,600.0,1.0,2.0,5.0,0.0,50.0,0.0,10.0,0.0,08:45:13,550.0,710.0,160.0,08:45:54,590.0,645.0,55.0,08:46:49,575.0,580.0,5.0,08:49:25,600.0,615.0,15.0,08:58:38,685.0,700.0,15.0,09:36:37,735.0,770.0,35.0,11:02:07,695.0,990.0,295.0,12,13,35.0,54.166666666666664,600.0,08:45:11,1.0,1.0,600.0,1.0,44200.0,8756,190.0,traded,08:45:02.219,2.219,190.0,190.0,201.0,2,3,1.0,11.0,11.0,11.0,11.0,0.0,08:45:17,225.0,284.0,59.0,08:45:58,227.0,231.0,4.0,08:46:57,225.0,229.0,4.0,08:49:57,242.0,245.0,3.0,08:59:55,318.0,319.0,1.0,09:59:58,270.0,272.0,2.0,11:59:46,390.0,396.0,6.0,141,225,4.0,5.836879432624113,190.0,08:45:02,1.0,1.0,190.0,1.0,ok
2026-05-29,F,202606,251.55999999999767,08:45:00,44655.0,44403.44,43950.0,33,,no_trade_before_0850,,,,,,,,,,,,,,,,,,,,,,,,,,,,,,08:54:05,610.0,720.0,110.0,09:45:00,825.0,850.0,25.0,11:51:59,885.0,900.0,15.0,0,0,,,,,,,,,44400.0,1070,231.0,traded,08:45:28.182,28.182,220.0,220.0,298.0,2,1,1.0,78.0,78.0,78.0,78.0,0.0,08:45:28,220.0,298.0,78.0,08:45:28,220.0,298.0,78.0,08:46:56,296.0,298.0,2.0,08:49:50,303.0,310.0,7.0,08:59:52,337.0,343.0,6.0,09:59:52,385.0,388.0,3.0,11:59:53,458.0,461.0,3.0,36,51,7.5,21.833333333333332,231.0,08:45:00,0.0,1.0,220.0,1.0,ok
2026-06-03,W,202606,522.6900000000023,08:45:00,46718.0,46195.31,45750.0,63,,no_trade_before_0850,,,,,,,,,,,,,,,,,,,,,,,,,,,,,,08:56:26,705.0,720.0,15.0,09:59:44,730.0,740.0,10.0,11:53:43,670.0,680.0,10.0,0,0,,,,,,,,,46200.0,3809,287.0,traded,08:45:04.262,4.2620000000000005,263.0,263.0,296.0,2,1,1.0,33.0,33.0,33.0,33.0,0.0,08:45:28,303.0,316.0,13.0,08:45:59,334.0,336.0,2.0,08:46:58,308.0,314.0,6.0,08:49:59,300.0,305.0,5.0,08:59:59,326.0,329.0,3.0,09:59:57,325.0,328.0,3.0,11:59:23,246.0,248.0,2.0,95,188,4.0,5.842105263157895,287.0,08:45:00,0.0,1.0,263.0,1.0,ok
2026-06-05,F,202606,599.5400000000009,08:45:00,45668.0,45068.46,44600.0,389,790.0,traded,08:46:05.962,65.962,790.0,650.0,815.0,1.0,1.0,5.0,25.0,165.0,5.0,33.0,0.0,,,,,,,,,08:46:29,650.0,750.0,100.0,08:46:29,650.0,750.0,100.0,08:57:14,795.0,815.0,20.0,09:59:22,610.0,620.0,10.0,11:53:36,360.0,405.0,45.0,4,4,115.0,123.75,790.0,08:46:05,1.0,1.0,790.0,1.0,45050.0,8474,420.0,traded,08:48:57.365,237.365,420.0,391.0,452.0,1,2,1.0,32.0,61.0,32.0,61.0,0.0,,,,,,,,,,,,,08:48:57,391.0,452.0,61.0,08:57:45,395.0,405.0,10.0,09:59:57,250.0,255.0,5.0,11:59:55,67.0,70.0,3.0,1,2,61.0,61.0,420.0,08:48:57,1.0,1.0,420.0,1.0,ok
2026-06-10,W,202606,-163.44000000000233,08:45:00,43839.0,44002.44,43550.0,3423,451.0,traded,08:47:01.206,121.206,451.0,423.0,494.0,1.0,2.0,1.0,43.0,71.0,43.0,71.0,0.0,,,,,,,,,,,,,08:49:57,505.0,515.0,10.0,08:55:58,610.0,625.0,15.0,09:52:14,630.0,680.0,50.0,11:31:54,530.0,540.0,10.0,4,5,29.0,34.75,451.0,08:47:01,1.0,1.0,451.0,1.0,44000.0,9596,200.0,traded,08:45:08.875,8.875,216.0,178.0,224.0,1,1,1.0,8.0,46.0,8.0,46.0,0.0,08:45:27,168.0,177.0,9.0,08:45:59,198.0,201.0,3.0,08:46:59,175.0,180.0,5.0,08:49:56,211.0,216.0,5.0,08:59:59,346.0,350.0,4.0,09:59:59,273.0,280.0,7.0,11:59:58,80.0,83.0,3.0,232,314,4.0,4.619047619047619,200.0,08:45:00,0.0,1.0,216.0,1.0,ok
2026-06-12,F,202606,1.5400000000008731,08:45:00,44929.0,44927.46,44500.0,11393,180.0,traded,08:45:04.119,4.119,195.0,195.0,397.0,1.0,1.0,1.0,202.0,202.0,202.0,202.0,0.0,08:45:28,300.0,302.0,2.0,08:45:59,257.0,270.0,13.0,08:46:59,245.0,250.0,5.0,08:49:54,243.0,250.0,7.0,08:59:58,286.0,291.0,5.0,09:59:58,83.0,86.0,3.0,11:59:52,6.0,6.4,0.40000000000000036,365,470,6.0,11.692528735632184,180.0,08:45:00,0.0,1.0,195.0,1.0,44950.0,1397,64.0,traded,08:45:08.061,8.061,76.0,76.0,166.0,2,1,1.0,90.0,90.0,90.0,90.0,0.0,08:45:25,31.0,86.0,55.0,08:45:53,35.0,79.0,44.0,08:46:56,61.0,65.0,4.0,08:49:51,55.0,57.0,2.0,08:59:51,79.0,82.0,3.0,09:59:32,8.9,9.8,0.9000000000000004,11:57:53,0.4,0.5,0.09999999999999998,94,118,3.0,19.670212765957448,64.0,08:45:00,0.0,1.0,76.0,1.0,ok
2026-06-17,M,202606,62.80999999999767,08:45:00,45345.0,45282.19,44850.0,11,540.0,traded,08:46:00.783,60.783,540.0,520.0,540.0,1.0,1.0,5.0,0.0,20.0,0.0,4.0,0.0,,,,,,,,,08:46:00,520.0,540.0,20.0,08:47:53,540.0,560.0,20.0,08:58:06,499.0,585.0,86.0,08:58:06,499.0,585.0,86.0,11:56:44,595.0,605.0,10.0,4,4,20.0,21.25,540.0,08:46:00,1.0,1.0,540.0,1.0,45300.0,5345,200.0,traded,08:45:29.906,29.906,194.0,194.0,217.0,2,1,1.0,23.0,23.0,23.0,23.0,0.0,08:45:29,194.0,217.0,23.0,08:45:59,204.0,210.0,6.0,08:46:58,230.0,232.0,2.0,08:49:50,230.0,234.0,4.0,08:59:57,185.0,187.0,2.0,09:59:37,237.0,241.0,4.0,11:59:48,173.0,178.0,5.0,61,89,5.0,10.4,200.0,08:45:00,0.0,1.0,194.0,1.0,ok
2026-06-22,F,202607,181.8000000000029,08:45:00,47460.0,47278.2,46800.0,318,550.0,traded,08:45:26.543,26.543,520.0,498.0,520.0,2.0,2.0,5.0,0.0,22.0,0.0,4.4,0.0,08:45:29,510.0,525.0,15.0,08:45:59,520.0,530.0,10.0,08:46:46,492.0,498.0,6.0,08:49:36,525.0,535.0,10.0,08:58:50,620.0,635.0,15.0,09:59:23,835.0,855.0,20.0,11:56:14,920.0,940.0,20.0,51,103,10.0,16.823529411764707,550.0,08:45:00,0.0,1.0,520.0,1.0,47300.0,1380,171.0,traded,08:45:44.569,44.569,184.0,163.0,184.0,1,1,1.0,0.0,21.0,0.0,21.0,0.0,08:45:00,,,,08:45:59,187.0,190.0,3.0,08:46:59,169.0,173.0,4.0,08:49:54,190.0,195.0,5.0,08:59:58,248.0,254.0,6.0,09:59:06,361.0,376.0,15.0,11:59:35,445.0,460.0,15.0,141,224,4.0,3.914285714285714,171.0,08:45:00,0.0,1.0,184.0,1.0,ok
2026-06-24,W,202607,431.34999999999854,08:45:00,46858.0,46426.65,45950.0,2519,700.0,traded,08:46:17.203,77.203,830.0,805.0,830.0,1.0,1.0,5.0,0.0,25.0,0.0,5.0,0.0,08:45:00,360.0,700.0,340.0,08:45:00,360.0,700.0,340.0,08:46:22,825.0,840.0,15.0,08:46:22,825.0,840.0,15.0,08:55:09,565.0,585.0,20.0,09:49:33,482.0,510.0,28.0,11:59:56,197.0,201.0,4.0,6,8,22.5,100.0,700.0,08:45:00,0.0,1.0,830.0,1.0,46450.0,4090,270.0,traded,08:45:58.097,58.097,370.0,313.0,370.0,1,1,1.0,0.0,57.0,0.0,57.0,0.0,08:45:00,,,,08:45:58,313.0,370.0,57.0,08:46:35,388.0,405.0,17.0,08:49:16,296.0,304.0,8.0,08:59:30,258.0,265.0,7.0,09:59:59,183.0,188.0,5.0,11:59:41,5.8,6.6,0.7999999999999998,18,45,20.0,32.13333333333333,270.0,08:45:00,0.0,1.0,370.0,1.0,ok
2026-06-26,F,202607,295.739999999998,08:45:00,45709.0,45413.26,44950.0,5113,780.0,traded,08:45:52.605,52.605,780.0,705.0,780.0,1.0,1.0,5.0,0.0,75.0,0.0,15.0,0.0,,,,,08:45:53,705.0,790.0,85.0,08:45:53,705.0,790.0,85.0,08:45:53,705.0,790.0,85.0,08:45:53,705.0,790.0,85.0,09:53:15,424.0,469.0,45.0,11:59:56,205.0,211.0,6.0,2,2,80.0,80.0,780.0,08:45:52,1.0,1.0,780.0,1.0,45400.0,5176,400.0,traded,08:45:24.651,24.651,400.0,300.0,400.0,1,15,1.0,0.0,100.0,0.0,100.0,0.0,08:45:24,300.0,400.0,100.0,08:45:24,300.0,400.0,100.0,08:46:41,318.0,440.0,122.0,08:49:58,332.0,346.0,14.0,08:59:55,315.0,320.0,5.0,09:59:59,171.0,174.0,3.0,11:59:59,19.0,20.0,1.0,7,22,34.0,53.0,400.0,08:45:00,1.0,1.0,400.0,1.0,ok
2026-07-01,W,202607,551.0899999999965,08:45:00,47516.0,46964.91,46500.0,829,665.0,traded,08:45:20.085,20.085,695.0,565.0,695.0,1.0,1.0,5.0,0.0,130.0,0.0,26.0,0.0,08:45:20,565.0,695.0,130.0,08:45:59,635.0,655.0,20.0,08:46:40,635.0,655.0,20.0,08:49:35,715.0,735.0,20.0,08:59:28,775.0,795.0,20.0,09:59:54,396.0,398.0,2.0,11:59:42,610.0,615.0,5.0,16,17,20.0,44.0625,665.0,08:45:00,0.0,1.0,695.0,1.0,46950.0,6262,310.0,traded,08:45:16.403,16.403,310.0,301.0,310.0,1,1,1.0,0.0,9.0,0.0,9.0,0.0,08:45:17,301.0,310.0,9.0,08:45:17,301.0,310.0,9.0,08:46:01,223.0,305.0,82.0,08:49:24,338.0,345.0,7.0,08:59:01,406.0,416.0,10.0,09:59:58,105.0,107.0,2.0,11:59:54,179.0,183.0,4.0,17,24,6.0,10.647058823529411,310.0,08:45:16,1.0,1.0,310.0,1.0,ok
2026-07-03,F,202607,103.83999999999652,08:45:00,45700.0,45596.16,45150.0,1,,no_trade_before_0850,,,,,,,,,,,,,,,,,,,,,,,,,,,,,,08:52:58,690.0,705.0,15.0,08:52:58,690.0,705.0,15.0,08:52:58,690.0,705.0,15.0,0,0,,,,,,,,,45600.0,290,310.0,traded,08:45:45.747,45.747,258.0,258.0,336.0,2,1,1.0,78.0,78.0,78.0,78.0,0.0,08:45:00,298.0,580.0,282.0,08:45:47,250.0,336.0,86.0,08:46:15,259.0,375.0,116.0,08:49:31,348.0,359.0,11.0,08:59:47,400.0,412.0,12.0,09:58:27,725.0,740.0,15.0,11:58:32,975.0,980.0,5.0,13,19,47.0,70.41666666666667,310.0,08:45:00,0.0,1.0,258.0,1.0,ok
2026-07-08,W,202607,246.88999999999945,08:45:00,45606.0,45359.11,44900.0,118,685.0,traded,08:45:14.230,14.23,790.0,785.0,830.0,1.0,2.0,5.0,40.0,45.0,8.0,9.0,0.0,08:45:25,690.0,835.0,145.0,08:45:56,720.0,1230.0,510.0,08:45:56,720.0,1230.0,510.0,08:49:05,730.0,750.0,20.0,08:57:37,815.0,840.0,25.0,09:59:54,530.0,545.0,15.0,11:26:14,855.0,865.0,10.0,14,15,20.0,79.58333333333333,685.0,08:45:00,0.0,1.0,790.0,1.0,45350.0,4245,250.0,traded,08:45:01.519,1.5190000000000001,242.0,242.0,545.0,2,1,1.0,303.0,303.0,303.0,303.0,0.0,08:45:01,242.0,545.0,303.0,08:45:59,353.0,403.0,50.0,08:46:40,355.0,384.0,29.0,08:49:50,372.0,381.0,9.0,08:59:46,468.0,476.0,8.0,09:59:56,189.0,194.0,5.0,11:59:59,121.0,124.0,3.0,34,41,8.0,27.29032258064516,250.0,08:45:00,0.0,1.0,242.0,1.0,ok
2026-07-13,F,202607,175.38999999999942,08:45:00,46222.0,46046.61,45600.0,6914,545.0,traded,08:45:14.907,14.907,545.0,400.0,545.0,1.0,1.0,5.0,0.0,145.0,0.0,29.0,0.0,08:45:14,400.0,545.0,145.0,08:45:14,400.0,545.0,145.0,08:45:14,400.0,545.0,145.0,08:49:31,535.0,540.0,5.0,08:59:30,476.0,480.0,4.0,09:59:41,237.0,247.0,10.0,11:59:59,47.5,49.0,1.5,5,5,5.0,35.0,545.0,08:45:14,1.0,1.0,545.0,1.0,46050.0,2648,234.0,traded,08:45:05.473,5.473,234.0,191.0,487.0,1,1,1.0,253.0,296.0,253.0,296.0,0.0,08:45:11,192.0,472.0,280.0,08:45:55,241.0,248.0,7.0,08:46:51,257.0,288.0,31.0,08:49:53,219.0,224.0,5.0,08:59:12,180.0,183.0,3.0,09:59:45,34.0,36.0,2.0,11:59:34,1.2,1.7,0.5,23,25,6.0,41.52173913043478,234.0,08:45:05,1.0,1.0,234.0,1.0,ok
2026-07-15,M,202607,75.05000000000291,08:45:00,45353.0,45277.95,44850.0,154,505.0,traded,08:46:52.156,112.156,480.0,477.0,494.0,2.0,2.0,1.0,14.0,17.0,14.0,17.0,0.0,08:45:00,520.0,585.0,65.0,08:45:00,520.0,585.0,65.0,08:46:52,477.0,494.0,17.0,08:47:47,499.0,510.0,11.0,08:57:25,465.0,472.0,7.0,09:54:53,459.0,473.0,14.0,11:45:10,790.0,805.0,15.0,9,10,17.0,39.0,505.0,08:45:00,0.0,1.0,480.0,1.0,45300.0,4039,202.0,traded,08:45:08.198,8.198,250.0,202.0,272.0,1,1,1.0,22.0,70.0,22.0,70.0,0.0,08:45:29,215.0,230.0,15.0,08:45:57,196.0,204.0,8.0,08:46:55,189.0,193.0,4.0,08:49:43,182.0,187.0,5.0,08:59:57,179.0,183.0,4.0,09:59:59,246.0,250.0,4.0,11:59:40,408.0,411.0,3.0,107,161,5.0,8.14423076923077,202.0,08:45:00,0.0,1.0,250.0,1.0,ok
2026-07-17,F,202608,433.0199999999968,08:45:00,44250.0,43816.98,43400.0,5627,755.0,traded,08:47:22.283,142.283,755.0,480.0,1150.0,1.0,1.0,5.0,395.0,670.0,79.0,134.0,0.0,,,,,,,,,,,,,08:47:29,740.0,1050.0,310.0,08:50:00,810.0,1120.0,310.0,09:47:53,560.0,565.0,5.0,11:59:58,87.0,88.0,1.0,3,3,310.0,430.0,755.0,08:47:22,1.0,1.0,755.0,1.0,43800.0,5967,500.0,traded,08:45:22.467,22.467,464.0,283.0,805.0,2,1,1.0,341.0,522.0,341.0,522.0,0.0,08:45:22,283.0,805.0,522.0,08:45:47,393.0,418.0,25.0,08:46:56,342.0,436.0,94.0,08:49:59,479.0,491.0,12.0,08:58:22,545.0,550.0,5.0,09:59:35,236.0,240.0,4.0,11:59:54,7.2,7.6,0.39999999999999947,21,24,40.0,118.0952380952381,500.0,08:45:00,0.0,1.0,464.0,1.0,ok
2026-07-22,W,202608,66.12999999999738,08:45:00,45000.0,44933.87,44500.0,1643,385.0,traded,08:45:15.498,15.498,400.0,400.0,422.0,2.0,1.0,1.0,22.0,22.0,22.0,22.0,0.0,08:45:23,384.0,425.0,41.0,08:45:59,378.0,391.0,13.0,08:46:57,378.0,380.0,2.0,08:49:57,414.0,417.0,3.0,08:59:58,471.0,477.0,6.0,09:59:42,399.0,405.0,6.0,11:59:55,341.0,344.0,3.0,101,141,6.0,7.197916666666667,385.0,08:45:00,0.0,1.0,400.0,1.0,44950.0,10260,111.0,traded,08:45:01.526,1.526,126.0,89.0,126.0,1,3,1.0,0.0,37.0,0.0,37.0,0.0,08:45:29,100.0,126.0,26.0,08:45:58,118.0,121.0,3.0,08:46:51,114.0,120.0,6.0,08:49:57,134.0,137.0,3.0,08:59:59,162.0,165.0,3.0,09:59:59,91.0,93.0,2.0,11:59:56,29.0,29.5,0.5,70,92,3.0,5.913043478260869,111.0,08:45:00,0.0,1.0,126.0,1.0,ok
2026-07-24,F,202608,43.19000000000233,08:45:00,44166.0,44122.81,43700.0,8601,530.0,traded,08:46:25.590,85.59,530.0,525.0,530.0,1.0,1.0,5.0,0.0,5.0,0.0,1.0,0.0,,,,,,,,,08:46:25,525.0,530.0,5.0,08:49:47,520.0,530.0,10.0,08:58:53,471.0,483.0,12.0,09:57:18,476.0,483.0,7.0,11:59:57,77.0,78.0,1.0,3,3,10.0,10.0,530.0,08:46:25,1.0,1.0,530.0,1.0,44100.0,5227,230.0,traded,08:45:19.757,19.757,230.0,214.0,428.0,1,1,1.0,198.0,214.0,198.0,214.0,0.0,08:45:19,214.0,428.0,214.0,08:45:48,220.0,235.0,15.0,08:46:52,228.0,398.0,170.0,08:49:48,254.0,260.0,6.0,08:59:40,210.0,215.0,5.0,09:59:35,191.0,195.0,4.0,11:59:46,2.6,2.8,0.19999999999999973,24,25,12.0,60.125,230.0,08:45:19,1.0,1.0,230.0,1.0,ok
2026-07-29,W,202608,170.63999999999942,08:45:00,41915.0,41744.36,41350.0,1141,630.0,traded,08:47:32.019,152.019,630.0,610.0,910.0,1.0,1.0,5.0,280.0,300.0,56.0,60.0,0.0,,,,,,,,,,,,,08:49:03,525.0,820.0,295.0,08:53:18,520.0,535.0,15.0,09:59:18,32.5,34.5,2.0,11:48:50,1.3,1.7,0.3999999999999999,2,2,297.5,297.5,630.0,08:47:32,1.0,1.0,630.0,1.0,41750.0,1755,251.0,traded,08:45:57.480,57.48,330.0,296.0,330.0,1,1,1.0,0.0,34.0,0.0,34.0,0.0,08:45:00,,,,08:45:57,296.0,330.0,34.0,08:46:31,301.0,316.0,15.0,08:49:49,281.0,286.0,5.0,08:59:57,220.0,224.0,4.0,09:59:56,10.5,11.0,0.5,11:54:47,0.7,1.3,0.6000000000000001,17,25,6.5,8.3125,251.0,08:45:00,0.0,1.0,330.0,1.0,ok
2026-07-31,F,202608,236.6999999999971,08:45:00,42331.0,42094.3,41650.0,105,505.0,traded,08:45:05.011,5.011,505.0,505.0,520.0,1.0,1.0,5.0,15.0,15.0,3.0,3.0,0.0,08:45:06,447.0,520.0,73.0,08:45:50,560.0,840.0,280.0,08:46:39,540.0,640.0,100.0,08:49:48,670.0,680.0,10.0,08:58:02,780.0,785.0,5.0,09:55:51,870.0,875.0,5.0,11:26:27,1170.0,1180.0,10.0,17,21,15.0,64.58823529411765,505.0,08:45:05,1.0,1.0,505.0,1.0,42100.0,654,170.0,traded,08:45:09.734,9.734,240.0,233.0,240.0,1,1,1.0,0.0,7.0,0.0,7.0,0.0,08:45:29,258.0,260.0,2.0,08:45:57,255.0,267.0,12.0,08:46:53,257.0,264.0,7.0,08:49:57,345.0,351.0,6.0,08:59:57,381.0,389.0,8.0,09:58:39,510.0,520.0,10.0,11:59:08,695.0,705.0,10.0,147,216,7.0,8.020689655172413,170.0,08:45:00,0.0,1.0,240.0,1.0,ok
2026-08-05,W,202608,-170.6600000000035,08:45:00,44653.0,44823.66,44400.0,4340,292.0,traded,08:45:02.552,2.552,261.0,261.0,323.0,2.0,2.0,1.0,62.0,62.0,62.0,62.0,0.0,08:45:06,226.0,249.0,23.0,08:45:48,246.0,313.0,67.0,08:46:48,260.0,265.0,5.0,08:49:59,263.0,268.0,5.0,08:59:59,297.0,301.0,4.0,09:59:50,374.0,378.0,4.0,11:59:27,315.0,320.0,5.0,75,113,5.0,10.864864864864865,292.0,08:45:00,0.0,1.0,261.0,1.0,44800.0,11669,114.0,traded,08:45:01.710,1.71,100.0,100.0,114.0,2,3,1.0,14.0,14.0,14.0,14.0,0.0,08:45:29,93.0,96.0,3.0,08:45:56,98.0,101.0,3.0,08:46:56,102.0,106.0,4.0,08:49:45,101.0,103.0,2.0,08:59:59,120.0,123.0,3.0,09:59:59,127.0,130.0,3.0,11:59:52,41.5,42.5,1.0,132,192,3.0,6.147286821705427,114.0,08:45:00,0.0,1.0,100.0,1.0,ok
2026-08-07,F,202608,-94.69999999999708,08:45:00,44588.0,44682.7,44250.0,6915,360.0,traded,08:45:07.909,7.909,360.0,281.0,360.0,1.0,1.0,1.0,0.0,79.0,0.0,79.0,0.0,08:45:08,281.0,360.0,79.0,08:45:46,360.0,397.0,37.0,08:46:42,372.0,389.0,17.0,08:49:41,368.0,376.0,8.0,08:59:55,471.0,475.0,4.0,09:59:53,132.0,134.0,2.0,11:59:56,26.0,26.5,0.5,30,47,8.0,17.866666666666667,360.0,08:45:07,1.0,1.0,360.0,1.0,44700.0,5058,123.0,traded,08:45:05.484,5.484,123.0,123.0,127.0,2,2,1.0,4.0,4.0,4.0,4.0,0.0,08:45:05,123.0,127.0,4.0,08:45:46,128.0,187.0,59.0,08:46:55,138.0,141.0,3.0,08:49:53,136.0,138.0,2.0,08:59:55,193.0,196.0,3.0,09:59:58,15.0,16.5,1.5,11:59:52,1.0,1.8,0.8,69,84,3.0,9.057971014492754,123.0,08:45:05,1.0,1.0,123.0,1.0,ok
2026-08-12,W,202608,-60.72000000000117,08:45:00,45350.0,45410.72,44950.0,147,403.0,traded,08:45:34.247,34.247,403.0,379.0,715.0,1.0,1.0,1.0,312.0,336.0,312.0,336.0,0.0,,,,,08:45:51,379.0,705.0,326.0,08:45:51,379.0,705.0,326.0,08:48:45,461.0,476.0,15.0,08:58:36,391.0,394.0,3.0,09:50:02,443.0,455.0,12.0,11:55:20,393.0,403.0,10.0,4,5,326.0,250.75,403.0,08:45:34,1.0,1.0,403.0,1.0,45400.0,10270,151.0,traded,08:45:16.545,16.545,151.0,112.0,154.0,0,1,1.0,3.0,42.0,3.0,42.0,0.0,08:45:27,132.0,140.0,8.0,08:45:58,140.0,142.0,2.0,08:46:57,134.0,137.0,3.0,08:49:57,150.0,154.0,4.0,08:59:56,120.0,122.0,2.0,09:59:57,136.0,139.0,3.0,11:59:59,56.0,58.0,2.0,130,175,3.0,3.24031007751938,151.0,08:45:00,1.0,1.0,151.0,1.0,ok
2026-08-14,F,202608,69.5199999999968,08:45:00,46466.0,46396.48,45950.0,4704,428.0,traded,08:46:46.089,106.089,428.0,429.0,471.0,2.0,1.0,1.0,43.0,42.0,43.0,42.0,1.0,,,,,,,,,08:46:46,429.0,471.0,42.0,08:48:58,383.0,394.0,11.0,08:59:18,376.0,381.0,5.0,09:59:51,189.0,193.0,4.0,11:59:59,120.0,124.0,4.0,9,10,11.0,18.11111111111111,428.0,08:46:46,1.0,1.0,428.0,1.0,46400.0,5306,165.0,traded,08:45:01.038,1.038,126.0,126.0,163.0,2,1,1.0,37.0,37.0,37.0,37.0,0.0,08:45:26,126.0,130.0,4.0,08:45:52,122.0,125.0,3.0,08:46:59,131.0,132.0,1.0,08:49:58,109.0,110.0,1.0,08:59:46,97.0,100.0,3.0,09:59:59,15.0,15.5,0.5,11:59:56,1.0,1.1,0.10000000000000009,150,232,2.0,3.2133333333333334,165.0,08:45:00,0.0,1.0,126.0,1.0,ok
2026-08-19,M,202609,-30.68000000000029,08:45:00,44330.0,44360.68,43900.0,56,500.0,traded,08:45:08.329,8.329,474.0,404.0,474.0,1.0,1.0,1.0,0.0,70.0,0.0,70.0,0.0,08:45:11,429.0,525.0,96.0,08:45:54,540.0,550.0,10.0,08:45:54,540.0,550.0,10.0,08:49:55,510.0,520.0,10.0,08:59:20,498.0,505.0,7.0,09:40:22,855.0,860.0,5.0,11:51:53,930.0,950.0,20.0,6,7,10.0,39.2,500.0,08:45:00,0.0,1.0,474.0,1.0,44350.0,900,180.0,traded,08:45:13.502,13.502,188.0,94.0,247.0,1,1,1.0,59.0,153.0,59.0,153.0,0.0,08:45:28,158.0,229.0,71.0,08:45:54,162.0,290.0,128.0,08:46:55,220.0,231.0,11.0,08:49:58,194.0,200.0,6.0,08:59:56,175.0,179.0,4.0,09:59:41,315.0,435.0,120.0,11:53:03,505.0,510.0,5.0,41,59,9.0,29.85,180.0,08:45:00,0.0,1.0,188.0,1.0,ok
2026-08-21,F,202609,-56.73999999999796,08:45:00,44887.0,44943.74,44500.0,1241,399.0,traded,08:45:12.313,12.313,399.0,383.0,399.0,1.0,1.0,1.0,0.0,16.0,0.0,16.0,0.0,08:45:29,433.0,445.0,12.0,08:45:58,418.0,422.0,4.0,08:46:55,397.0,402.0,5.0,08:49:57,483.0,485.0,2.0,08:59:32,382.0,388.0,6.0,09:59:56,481.0,484.0,3.0,11:59:53,451.0,459.0,8.0,90,211,5.0,6.6,399.0,08:45:12,1.0,1.0,399.0,1.0,44950.0,6000,133.0,traded,08:45:22.487,22.487,133.0,98.0,133.0,1,1,1.0,0.0,35.0,0.0,35.0,0.0,08:45:22,98.0,133.0,35.0,08:45:55,125.0,127.0,2.0,08:46:54,112.0,115.0,3.0,08:49:56,159.0,161.0,2.0,08:59:45,104.0,107.0,3.0,09:59:58,116.0,118.0,2.0,11:59:59,54.0,57.0,3.0,160,181,3.0,2.98125,133.0,08:45:22,1.0,1.0,133.0,1.0,ok
2026-08-26,W,202609,-120.45999999999913,08:45:00,45285.0,45405.46,44950.0,729,341.0,traded,08:45:01.351,1.351,310.0,306.0,420.0,2.0,1.0,1.0,110.0,114.0,110.0,114.0,0.0,08:45:11,264.0,315.0,51.0,08:45:11,264.0,315.0,51.0,08:46:52,290.0,301.0,11.0,08:49:54,270.0,275.0,5.0,08:59:57,163.0,167.0,4.0,09:59:36,417.0,423.0,6.0,11:57:35,860.0,1170.0,310.0,31,77,5.0,22.29032258064516,341.0,08:45:00,0.0,1.0,310.0,1.0,45400.0,6893,105.0,traded,08:45:06.765,6.765,67.0,67.0,107.0,2,1,1.0,40.0,40.0,40.0,40.0,0.0,08:45:25,49.5,71.0,21.5,08:45:58,61.0,64.0,3.0,08:46:59,65.0,67.0,2.0,08:49:59,57.0,58.0,1.0,08:59:58,24.0,25.5,1.5,09:59:59,91.0,93.0,2.0,11:59:40,414.0,419.0,5.0,252,348,2.0,4.278,105.0,08:45:00,0.0,1.0,67.0,1.0,ok
2026-08-28,F,202609,87.77999999999884,08:45:00,46366.0,46278.22,45800.0,175,515.0,traded,08:46:26.968,86.968,500.0,490.0,505.0,2.0,1.0,5.0,5.0,15.0,1.0,3.0,0.0,08:45:00,,,,08:45:00,,,,08:46:47,493.0,505.0,12.0,08:49:36,520.0,525.0,5.0,08:59:05,590.0,600.0,10.0,09:59:45,409.0,423.0,14.0,11:59:42,635.0,645.0,10.0,6,6,12.0,11.4,515.0,08:45:00,0.0,1.0,500.0,1.0,46300.0,13706,147.0,traded,08:45:01.963,1.963,125.0,123.0,179.0,2,1,1.0,54.0,56.0,54.0,56.0,0.0,08:45:23,130.0,135.0,5.0,08:45:53,126.0,129.0,3.0,08:46:59,140.0,142.0,2.0,08:49:59,160.0,164.0,4.0,08:59:59,162.0,165.0,3.0,09:59:59,58.0,60.0,2.0,11:59:53,147.0,151.0,4.0,179,280,3.0,3.595505617977528,147.0,08:45:00,0.0,1.0,125.0,1.0,ok
2026-09-02,W,202609,96.27999999999884,08:45:00,46701.0,46604.72,46150.0,2070,,no_trade_before_0850,,,,,,,,,,,,,,,,,,,,,,,,,,,,,,08:58:24,450.0,497.0,47.0,09:59:48,290.0,293.0,3.0,11:59:48,118.0,120.0,2.0,0,0,,,,,,,,,46600.0,6719,169.0,traded,08:45:11.764,11.764,169.0,155.0,169.0,1,1,1.0,0.0,14.0,0.0,14.0,0.0,08:45:29,163.0,169.0,6.0,08:45:55,165.0,171.0,6.0,08:46:53,198.0,201.0,3.0,08:49:58,176.0,179.0,3.0,08:59:59,128.0,130.0,2.0,09:59:56,39.5,40.0,0.5,11:59:51,1.8,2.0,0.19999999999999996,96,126,3.0,4.395833333333333,169.0,08:45:11,1.0,1.0,169.0,1.0,ok
2026-09-04,F,202609,-41.66000000000349,08:45:00,46406.0,46447.66,46000.0,4552,406.0,traded,08:45:15.563,15.563,468.0,412.0,468.0,1.0,2.0,1.0,0.0,56.0,0.0,56.0,0.0,08:45:15,412.0,468.0,56.0,08:45:58,495.0,500.0,5.0,08:46:52,494.0,499.0,5.0,08:49:26,478.0,486.0,8.0,08:59:50,505.0,515.0,10.0,09:59:58,171.0,174.0,3.0,11:59:54,246.0,249.0,3.0,59,100,5.0,7.0,406.0,08:45:00,0.0,1.0,468.0,1.0,46450.0,9622,100.0,traded,08:45:06.963,6.963,125.0,90.0,141.0,1,1,1.0,16.0,51.0,16.0,51.0,0.0,08:45:26,127.0,146.0,19.0,08:45:59,162.0,169.0,7.0,08:46:54,149.0,151.0,2.0,08:49:59,135.0,138.0,3.0,08:59:58,145.0,148.0,3.0,09:59:53,10.5,12.0,1.5,11:59:48,2.8,3.7,0.9000000000000004,104,135,4.0,6.480769230769231,100.0,08:45:00,0.0,1.0,125.0,1.0,ok
2026-09-09,W,202609,-25.77999999999884,08:45:00,47076.0,47101.78,46650.0,37,,no_trade_before_0850,,,,,,,,,,,,,,,,,,,,,,,,,,,,,,08:51:53,495.0,520.0,25.0,09:52:39,755.0,775.0,20.0,11:51:16,595.0,605.0,10.0,0,0,,,,,,,,,47100.0,5796,128.0,traded,08:45:03.602,3.602,135.0,119.0,135.0,1,1,1.0,0.0,16.0,0.0,16.0,0.0,08:45:27,142.0,149.0,7.0,08:45:59,134.0,138.0,4.0,08:46:56,140.0,143.0,3.0,08:49:56,158.0,161.0,3.0,08:59:58,177.0,182.0,5.0,09:59:40,297.0,299.0,2.0,11:59:59,133.0,135.0,2.0,185,241,3.0,3.4619565217391304,128.0,08:45:00,0.0,1.0,135.0,1.0,ok
2026-09-11,F,202609,-22.489999999997963,08:45:00,45820.0,45842.49,45400.0,15,695.0,traded,08:46:23.381,83.381,695.0,695.0,1020.0,2.0,1.0,5.0,325.0,325.0,65.0,65.0,0.0,,,,,,,,,08:46:23,695.0,1020.0,325.0,08:46:23,695.0,1020.0,325.0,08:46:23,695.0,1020.0,325.0,09:16:52,760.0,775.0,15.0,11:54:56,775.0,780.0,5.0,1,1,325.0,325.0,695.0,08:46:23,1.0,1.0,695.0,1.0,45850.0,405,307.0,traded,08:48:55.986,235.986,307.0,273.0,307.0,1,1,1.0,0.0,34.0,0.0,34.0,0.0,,,,,,,,,,,,,08:48:55,273.0,307.0,34.0,08:59:11,332.0,338.0,6.0,09:58:07,291.0,295.0,4.0,11:58:53,386.0,392.0,6.0,1,1,34.0,34.0,307.0,08:48:55,1.0,1.0,307.0,1.0,ok
2026-09-16,M,202609,50.51000000000204,08:45:00,45534.0,45483.49,45050.0,27,525.0,traded,08:46:49.957,109.957,525.0,525.0,535.0,2.0,1.0,5.0,10.0,10.0,2.0,2.0,0.0,,,,,,,,,08:46:56,530.0,545.0,15.0,08:49:13,500.0,515.0,15.0,08:49:13,500.0,515.0,15.0,09:59:59,560.0,570.0,10.0,11:45:56,965.0,970.0,5.0,5,5,15.0,29.0,525.0,08:46:49,1.0,1.0,525.0,1.0,45500.0,3622,171.0,traded,08:45:02.427,2.427,187.0,144.0,187.0,1,1,1.0,0.0,43.0,0.0,43.0,0.0,08:45:27,178.0,180.0,2.0,08:45:59,189.0,192.0,3.0,08:46:59,173.0,176.0,3.0,08:49:57,157.0,161.0,4.0,08:59:58,202.0,204.0,2.0,09:59:55,157.0,159.0,2.0,11:59:59,520.0,530.0,10.0,317,462,3.0,4.132492113564669,171.0,08:45:00,0.0,1.0,187.0,1.0,ok
2026-09-18,F,202610,246.0,08:45:00,47080.0,46834.0,46350.0,67,620.0,traded,08:46:46.197,106.197,620.0,600.0,620.0,1.0,2.0,5.0,0.0,20.0,0.0,4.0,0.0,,,,,,,,,08:46:46,600.0,620.0,20.0,08:46:46,600.0,620.0,20.0,08:50:38,545.0,550.0,5.0,09:53:48,447.0,454.0,7.0,11:52:01,615.0,920.0,305.0,1,2,20.0,20.0,620.0,08:46:46,1.0,1.0,620.0,1.0,46850.0,6480,126.0,traded,08:45:04.552,4.552,108.0,108.0,113.0,2,1,1.0,5.0,5.0,5.0,5.0,0.0,08:45:26,130.0,134.0,4.0,08:45:57,151.0,188.0,37.0,08:46:59,178.0,179.0,1.0,08:49:52,158.0,160.0,2.0,08:59:58,155.0,158.0,3.0,09:59:51,61.0,63.0,2.0,11:59:57,122.0,124.0,2.0,72,76,4.0,8.63888888888889,126.0,08:45:00,0.0,1.0,108.0,1.0,ok
