group,ITM1%,ATM
n_days,92,92
n_traded,78,92
n_ask_available,75,89
amt_mean,89.17333333333333,32.03932584269663
amt_median,14.0,5.0
amt_p25,0.0,0.0
amt_p75,43.0,33.0
amt_p90,211.0000000000001,78.0
amt_max,3140.0,341.0
amt_ticks_mean,77.06666666666666,32.258426966292134
amt_ticks_median,8.0,5.0
amt_ticks_p25,0.0,0.0
amt_ticks_p75,43.0,33.0
amt_ticks_p90,93.80000000000007,78.0
amt_ticks_max,3140.0,341.0
pct_amt_gt_2ticks,0.6266666666666667,0.5730337078651685
pct_amt_le_0,0.3333333333333333,0.4044943820224719
first_tick_type_1_buy_initiated,46,48
first_tick_type_2_sell_initiated,32,42
first_tick_type_0_unknown,0,2
sec_after_fopen_median,32.155,6.864
trade_price_median,383.5,135.5
spread_first_median,34.0,30.0
spread_first_mean,129.17333333333335,52.10674157303371
spread_084530_median,41.0,10.0
spread_084530_mean,75.90243902439025,45.72784810126582
spread_084530_n,41,79
spread_0846_median,24.0,3.0
spread_0846_mean,75.54901960784314,20.398809523809526
spread_0846_n,51,84
spread_0847_median,15.0,3.0
spread_0847_mean,57.53731343283582,12.494117647058824
spread_0847_n,67,85
spread_0850_median,10.0,2.0
spread_0850_mean,32.63157894736842,4.331460674157303
spread_0850_n,76,89
spread_0900_median,7.0,2.0
spread_0900_mean,26.870588235294118,3.151685393258427
spread_0900_n,85,89
spread_1000_median,7.0,2.0
spread_1000_mean,13.340909090909092,5.301123595505618
spread_1000_n,88,89
spread_1200_median,9.0,2.0
spread_1200_mean,22.440449438202247,3.7033707865168544
spread_1200_n,89,89
spread_0845_0850_daymedian_median,10.5,3.0
n_trades_0845_0850_median,9.0,142.0
vol_0845_0850_median,11.5,224.5
fm_match_n,78,92
fm_match_pct,0.6153846153846154,0.30434782608695654
fm_match_vs_strict_n,79,92
fm_match_vs_strict_pct,1.0,1.0
fm_match_plus1s_n,78,92
fm_match_plus1s_pct,1.0,1.0
n_trade_outside_quote,2,1
amt_median_trade_within_quote,14.0,5.5
amt_mean_trade_within_quote,90.97260273972603,32.42613636363637
amt_p90_trade_within_quote,213.99999999999994,78.0
strict_vs_plus1s_same_price_pct,0.6153846153846154,0.30434782608695654
amt_mean_W,158.43333333333334,25.37142857142857
amt_ticks_mean_W,149.9,25.571428571428573
n_traded_W,31,36
amt_mean_F,52.111111111111114,42.406976744186046
amt_ticks_mean_F,34.44444444444444,42.69767441860465
n_traded_F,38,45
amt_mean_M,6.555555555555555,12.727272727272727
amt_ticks_mean_M,4.777777777777778,12.727272727272727
n_traded_M,9,11
