level,side,slot,filt,n,mean,t,win,total,ex5
價內1%,Call,09:30,兩段同向（全部）,64,24.1,2.6,0.64,1542,616
價內1%,Call,09:30,＋平價符合,16,50.2,2.28,0.69,804,68
價內1%,Call,09:30,平價不符合,48,15.4,1.57,0.62,738,96
價內1%,Call,10:00,兩段同向（全部）,67,16.0,1.8,0.63,1072,240
價內1%,Call,10:00,＋平價符合,19,17.2,0.84,0.58,328,-269
價內1%,Call,10:00,平價不符合,48,15.5,1.63,0.65,744,132
價內1%,Call,10:30,兩段同向（全部）,68,8.3,1.15,0.56,563,-114
價內1%,Call,10:30,＋平價符合,20,23.6,1.49,0.65,471,-86
價內1%,Call,10:30,平價不符合,48,1.9,0.25,0.52,92,-365
價內1%,Call,11:00,兩段同向（全部）,71,10.2,1.79,0.58,728,201
價內1%,Call,11:00,＋平價符合,19,16.6,1.41,0.53,315,-109
價內1%,Call,11:00,平價不符合,52,7.9,1.21,0.6,413,-1
價內1%,Call,11:30,兩段同向（全部）,78,7.9,1.78,0.58,614,169
價內1%,Call,11:30,＋平價符合,19,17.5,2.64,0.68,332,58
價內1%,Call,11:30,平價不符合,59,4.8,0.88,0.54,282,-131
價內1%,Call,12:00,兩段同向（全部）,75,5.6,1.24,0.56,416,18
價內1%,Call,12:00,＋平價符合,19,16.5,2.45,0.84,314,83
價內1%,Call,12:00,平價不符合,56,1.8,0.34,0.46,103,-241
價內1%,Put,09:30,兩段同向（全部）,39,38.9,2.02,0.62,1515,149
價內1%,Put,09:30,＋平價符合,17,32.1,1.5,0.59,546,-101
價內1%,Put,09:30,平價不符合,22,44.1,1.46,0.64,970,-163
價內1%,Put,10:00,兩段同向（全部）,39,31.8,2.02,0.64,1242,99
價內1%,Put,10:00,＋平價符合,17,61.0,2.23,0.76,1037,111
價內1%,Put,10:00,平價不符合,22,9.3,0.54,0.55,205,-381
價內1%,Put,10:30,兩段同向（全部）,43,10.2,0.92,0.49,441,-374
價內1%,Put,10:30,＋平價符合,15,42.3,1.69,0.6,634,-110
價內1%,Put,10:30,平價不符合,28,-6.9,-0.72,0.43,-194,-534
價內1%,Put,11:00,兩段同向（全部）,41,2.4,0.23,0.54,97,-460
價內1%,Put,11:00,＋平價符合,17,-13.7,-0.85,0.41,-233,-519
價內1%,Put,11:00,平價不符合,24,13.8,1.07,0.62,330,-189
價內1%,Put,11:30,兩段同向（全部）,41,5.9,0.59,0.59,240,-256
價內1%,Put,11:30,＋平價符合,14,-16.4,-0.7,0.43,-230,-508
價內1%,Put,11:30,平價不符合,27,17.4,2.01,0.67,469,44
價內1%,Put,12:00,兩段同向（全部）,41,6.1,0.78,0.54,250,-168
價內1%,Put,12:00,＋平價符合,14,7.3,0.39,0.57,102,-237
價內1%,Put,12:00,平價不符合,27,5.5,0.77,0.52,147,-152
價平,Call,09:30,兩段同向（全部）,64,15.2,2.28,0.5,971,226
價平,Call,09:30,＋平價符合,16,28.8,1.51,0.5,460,-101
價平,Call,09:30,平價不符合,48,10.6,1.71,0.5,511,19
價平,Call,10:00,兩段同向（全部）,67,10.5,1.68,0.45,701,19
價平,Call,10:00,＋平價符合,19,9.4,0.59,0.26,179,-257
價平,Call,10:00,平價不符合,48,10.9,1.8,0.52,522,42
價平,Call,10:30,兩段同向（全部）,68,6.6,1.4,0.46,448,-87
價平,Call,10:30,＋平價符合,20,14.4,1.32,0.45,287,-98
價平,Call,10:30,平價不符合,48,3.3,0.68,0.46,160,-215
價平,Call,11:00,兩段同向（全部）,72,2.8,0.71,0.44,200,-202
價平,Call,11:00,＋平價符合,19,9.3,1.08,0.37,176,-112
價平,Call,11:00,平價不符合,53,0.4,0.1,0.47,24,-295
價平,Call,11:30,兩段同向（全部）,78,2.2,0.73,0.44,168,-169
價平,Call,11:30,＋平價符合,19,3.3,0.71,0.47,62,-81
價平,Call,11:30,平價不符合,59,1.8,0.5,0.42,107,-229
價平,Call,12:00,兩段同向（全部）,77,2.8,1.03,0.47,216,-89
價平,Call,12:00,＋平價符合,19,6.6,1.62,0.63,125,-8
價平,Call,12:00,平價不符合,58,1.6,0.47,0.41,91,-193
價平,Put,09:30,兩段同向（全部）,39,28.4,1.7,0.44,1109,-80
價平,Put,09:30,＋平價符合,17,28.0,1.72,0.47,476,-59
價平,Put,09:30,平價不符合,22,28.8,1.05,0.41,633,-330
價平,Put,10:00,兩段同向（全部）,39,21.0,1.64,0.49,818,-108
價平,Put,10:00,＋平價符合,17,38.7,1.62,0.59,658,-77
價平,Put,10:00,平價不符合,22,7.2,0.57,0.41,159,-313
價平,Put,10:30,兩段同向（全部）,43,4.0,0.51,0.35,171,-425
價平,Put,10:30,＋平價符合,15,29.2,1.7,0.53,438,-96
價平,Put,10:30,平價不符合,28,-9.5,-1.42,0.25,-267,-501
價平,Put,11:00,兩段同向（全部）,41,0.2,0.03,0.44,8,-437
價平,Put,11:00,＋平價符合,17,-10.2,-1.09,0.29,-173,-299
價平,Put,11:00,平價不符合,24,7.5,0.72,0.54,181,-264
價平,Put,11:30,兩段同向（全部）,41,2.2,0.36,0.44,92,-273
價平,Put,11:30,＋平價符合,14,-7.5,-0.66,0.36,-106,-217
價平,Put,11:30,平價不符合,27,7.3,1.0,0.48,198,-144
價平,Put,12:00,兩段同向（全部）,41,3.2,0.79,0.41,131,-129
價平,Put,12:00,＋平價符合,14,4.5,0.59,0.5,63,-112
價平,Put,12:00,平價不符合,27,2.5,0.52,0.37,68,-154
