window,level,slot,method,filt,n,mean,t,total,ex5
50,價內1%,09:30,全樣本百分位,不加平價,103,29.7,3.21,3058,1561
50,價內1%,09:30,全樣本百分位,便宜30%,34,49.0,3.27,1668,602
50,價內1%,09:30,全樣本百分位,便宜20%,21,57.8,2.58,1215,200
50,價內1%,09:30,全樣本百分位,貴30%,34,8.8,0.69,300,-277
50,價內1%,09:30,滾動50日,不加平價,103,29.7,3.21,3058,1561
50,價內1%,09:30,滾動50日,便宜30%,33,40.9,2.7,1350,333
50,價內1%,09:30,滾動50日,便宜20%,25,37.0,2.03,926,55
50,價內1%,09:30,滾動50日,貴30%,32,8.0,0.59,255,-322
50,價內1%,10:00,全樣本百分位,不加平價,106,21.8,2.71,2314,1013
50,價內1%,10:00,全樣本百分位,便宜30%,37,42.5,2.51,1572,306
50,價內1%,10:00,全樣本百分位,便宜20%,27,47.4,2.3,1279,159
50,價內1%,10:00,全樣本百分位,貴30%,27,-9.7,-0.85,-263,-639
50,價內1%,10:00,滾動50日,不加平價,106,21.8,2.71,2314,1013
50,價內1%,10:00,滾動50日,便宜30%,37,33.0,1.91,1221,26
50,價內1%,10:00,滾動50日,便宜20%,29,44.7,2.32,1297,176
50,價內1%,10:00,滾動50日,貴30%,30,-15.7,-1.42,-472,-848
50,價內1%,10:30,全樣本百分位,不加平價,111,9.0,1.47,1003,84
50,價內1%,10:30,全樣本百分位,便宜30%,31,36.8,2.41,1140,241
50,價內1%,10:30,全樣本百分位,便宜20%,26,46.6,2.77,1212,313
50,價內1%,10:30,全樣本百分位,貴30%,38,-10.5,-1.28,-398,-692
50,價內1%,10:30,滾動50日,不加平價,111,9.0,1.47,1003,84
50,價內1%,10:30,滾動50日,便宜30%,37,30.0,2.26,1112,213
50,價內1%,10:30,滾動50日,便宜20%,26,35.3,1.96,918,19
50,價內1%,10:30,滾動50日,貴30%,38,-10.1,-1.24,-382,-669
50,價內1%,11:00,全樣本百分位,不加平價,112,7.4,1.42,824,183
50,價內1%,11:00,全樣本百分位,便宜30%,30,-3.5,-0.33,-104,-488
50,價內1%,11:00,全樣本百分位,便宜20%,22,-6.2,-0.45,-136,-514
50,價內1%,11:00,全樣本百分位,貴30%,42,8.9,0.97,374,-173
50,價內1%,11:00,滾動50日,不加平價,112,7.4,1.42,824,183
50,價內1%,11:00,滾動50日,便宜30%,36,2.3,0.23,82,-415
50,價內1%,11:00,滾動50日,便宜20%,23,-10.1,-0.84,-233,-530
50,價內1%,11:00,滾動50日,貴30%,40,8.2,0.86,327,-220
50,價內1%,11:30,全樣本百分位,不加平價,119,7.2,1.61,854,299
50,價內1%,11:30,全樣本百分位,便宜30%,33,4.2,0.39,139,-251
50,價內1%,11:30,全樣本百分位,便宜20%,22,1.5,0.1,34,-293
50,價內1%,11:30,全樣本百分位,貴30%,40,6.1,0.78,244,-182
50,價內1%,11:30,滾動50日,不加平價,119,7.2,1.61,854,299
50,價內1%,11:30,滾動50日,便宜30%,33,3.1,0.29,103,-279
50,價內1%,11:30,滾動50日,便宜20%,22,-1.2,-0.08,-26,-402
50,價內1%,11:30,滾動50日,貴30%,38,8.4,1.05,319,-107
50,價內1%,12:00,全樣本百分位,不加平價,116,5.7,1.45,666,184
50,價內1%,12:00,全樣本百分位,便宜30%,34,11.3,1.32,383,-30
50,價內1%,12:00,全樣本百分位,便宜20%,24,11.3,0.95,272,-141
50,價內1%,12:00,全樣本百分位,貴30%,45,4.9,0.73,219,-166
50,價內1%,12:00,滾動50日,不加平價,116,5.7,1.45,666,184
50,價內1%,12:00,滾動50日,便宜30%,33,12.6,1.45,416,3
50,價內1%,12:00,滾動50日,便宜20%,25,11.9,1.04,297,-116
50,價內1%,12:00,滾動50日,貴30%,41,8.0,1.16,327,-58
50,價平,09:30,全樣本百分位,不加平價,103,20.2,2.67,2079,758
50,價平,09:30,全樣本百分位,便宜30%,34,33.3,2.74,1131,236
50,價平,09:30,全樣本百分位,便宜20%,21,44.4,2.43,931,68
50,價平,09:30,全樣本百分位,貴30%,34,4.8,0.52,162,-280
50,價平,09:30,滾動50日,不加平價,103,20.2,2.67,2079,758
50,價平,09:30,滾動50日,便宜30%,33,28.4,2.31,936,72
50,價平,09:30,滾動50日,便宜20%,25,28.3,1.92,706,-38
50,價平,09:30,滾動50日,貴30%,32,6.0,0.62,193,-249
50,價平,10:00,全樣本百分位,不加平價,106,14.3,2.35,1519,434
50,價平,10:00,全樣本百分位,便宜30%,37,27.5,1.96,1019,-22
50,價平,10:00,全樣本百分位,便宜20%,27,28.9,1.61,781,-125
50,價平,10:00,全樣本百分位,貴30%,27,-7.8,-0.94,-209,-503
50,價平,10:00,滾動50日,不加平價,106,14.3,2.35,1519,434
50,價平,10:00,滾動50日,便宜30%,37,21.7,1.57,804,-173
50,價平,10:00,滾動50日,便宜20%,29,25.6,1.51,741,-165
50,價平,10:00,滾動50日,貴30%,30,-9.6,-1.32,-287,-580
50,價平,10:30,全樣本百分位,不加平價,111,5.6,1.34,619,-105
50,價平,10:30,全樣本百分位,便宜30%,31,23.0,2.15,713,23
50,價平,10:30,全樣本百分位,便宜20%,26,28.9,2.34,751,61
50,價平,10:30,全樣本百分位,貴30%,38,-8.7,-1.61,-330,-562
50,價平,10:30,滾動50日,不加平價,111,5.6,1.34,619,-105
50,價平,10:30,滾動50日,便宜30%,37,20.4,2.24,753,63
50,價平,10:30,滾動50日,便宜20%,26,23.4,1.86,609,-81
50,價平,10:30,滾動50日,貴30%,38,-7.7,-1.46,-291,-513
50,價平,11:00,全樣本百分位,不加平價,113,1.8,0.51,207,-336
50,價平,11:00,全樣本百分位,便宜30%,30,-3.6,-0.59,-108,-331
50,價平,11:00,全樣本百分位,便宜20%,22,-4.4,-0.55,-97,-315
50,價平,11:00,全樣本百分位,貴30%,43,0.2,0.03,8,-454
50,價平,11:00,滾動50日,不加平價,113,1.8,0.51,207,-336
50,價平,11:00,滾動50日,便宜30%,36,0.1,0.01,3,-324
50,價平,11:00,滾動50日,便宜20%,23,-7.4,-1.09,-170,-303
50,價平,11:00,滾動50日,貴30%,41,1.5,0.2,62,-400
50,價平,11:30,全樣本百分位,不加平價,119,2.2,0.76,260,-176
50,價平,11:30,全樣本百分位,便宜30%,33,-1.2,-0.21,-38,-246
50,價平,11:30,全樣本百分位,便宜20%,22,-3.5,-0.46,-78,-242
50,價平,11:30,全樣本百分位,貴30%,40,3.2,0.54,127,-243
50,價平,11:30,滾動50日,不加平價,119,2.2,0.76,260,-176
50,價平,11:30,滾動50日,便宜30%,33,-1.3,-0.24,-44,-252
50,價平,11:30,滾動50日,便宜20%,22,-2.9,-0.37,-65,-261
50,價平,11:30,滾動50日,貴30%,38,4.4,0.74,166,-200
50,價平,12:00,全樣本百分位,不加平價,118,2.9,1.3,348,3
50,價平,12:00,全樣本百分位,便宜30%,34,4.4,1.11,149,-79
50,價平,12:00,全樣本百分位,便宜20%,24,4.0,0.73,96,-132
50,價平,12:00,全樣本百分位,貴30%,45,3.6,0.85,161,-152
50,價平,12:00,滾動50日,不加平價,118,2.9,1.3,348,3
50,價平,12:00,滾動50日,便宜30%,33,5.7,1.45,188,-40
50,價平,12:00,滾動50日,便宜20%,25,5.9,1.14,148,-81
50,價平,12:00,滾動50日,貴30%,41,5.0,1.12,206,-107
100,價內1%,09:30,全樣本百分位,不加平價,79,38.2,3.29,3016,1520
100,價內1%,09:30,全樣本百分位,便宜30%,25,61.9,3.26,1549,483
100,價內1%,09:30,全樣本百分位,便宜20%,18,64.2,2.53,1156,141
100,價內1%,09:30,全樣本百分位,貴30%,30,11.2,0.79,336,-241
100,價內1%,09:30,滾動100日,不加平價,79,38.2,3.29,3016,1520
100,價內1%,09:30,滾動100日,便宜30%,23,52.5,2.57,1207,193
100,價內1%,09:30,滾動100日,便宜20%,17,48.6,1.92,825,-23
100,價內1%,09:30,滾動100日,貴30%,25,8.9,0.55,224,-348
100,價內1%,10:00,全樣本百分位,不加平價,81,26.6,2.59,2155,854
100,價內1%,10:00,全樣本百分位,便宜30%,27,55.3,2.46,1493,227
100,價內1%,10:00,全樣本百分位,便宜20%,19,59.8,2.08,1137,16
100,價內1%,10:00,全樣本百分位,貴30%,22,-8.9,-0.66,-195,-571
100,價內1%,10:00,滾動100日,不加平價,81,26.6,2.59,2155,854
100,價內1%,10:00,滾動100日,便宜30%,27,55.3,2.46,1493,227
100,價內1%,10:00,滾動100日,便宜20%,17,69.6,2.23,1183,62
100,價內1%,10:00,滾動100日,貴30%,21,-6.9,-0.49,-146,-522
100,價內1%,10:30,全樣本百分位,不加平價,86,12.5,1.63,1078,159
100,價內1%,10:30,全樣本百分位,便宜30%,28,41.8,2.52,1171,272
100,價內1%,10:30,全樣本百分位,便宜20%,23,54.0,2.93,1243,344
100,價內1%,10:30,全樣本百分位,貴30%,31,-10.6,-1.13,-329,-616
100,價內1%,10:30,滾動100日,不加平價,86,12.5,1.63,1078,159
100,價內1%,10:30,滾動100日,便宜30%,28,43.6,2.64,1222,323
100,價內1%,10:30,滾動100日,便宜20%,21,51.3,2.55,1077,179
100,價內1%,10:30,滾動100日,貴30%,30,-10.0,-1.04,-301,-587
100,價內1%,11:00,全樣本百分位,不加平價,89,9.2,1.47,823,182
100,價內1%,11:00,全樣本百分位,便宜30%,23,-1.1,-0.08,-25,-410
100,價內1%,11:00,全樣本百分位,便宜20%,17,-5.0,-0.28,-85,-463
100,價內1%,11:00,全樣本百分位,貴30%,37,5.0,0.49,186,-361
100,價內1%,11:00,滾動100日,不加平價,89,9.2,1.47,823,182
100,價內1%,11:00,滾動100日,便宜30%,28,0.8,0.07,22,-365
100,價內1%,11:00,滾動100日,便宜20%,17,-9.7,-0.58,-164,-486
100,價內1%,11:00,滾動100日,貴30%,33,4.0,0.36,132,-415
100,價內1%,11:30,全樣本百分位,不加平價,93,9.1,1.66,848,293
100,價內1%,11:30,全樣本百分位,便宜30%,26,7.0,0.51,183,-206
100,價內1%,11:30,全樣本百分位,便宜20%,19,1.7,0.09,31,-295
100,價內1%,11:30,全樣本百分位,貴30%,29,7.2,0.73,209,-216
100,價內1%,11:30,滾動100日,不加平價,93,9.1,1.66,848,293
100,價內1%,11:30,滾動100日,便宜30%,25,5.4,0.38,134,-248
100,價內1%,11:30,滾動100日,便宜20%,18,-3.2,-0.18,-57,-361
100,價內1%,11:30,滾動100日,貴30%,29,10.5,1.08,305,-120
100,價內1%,12:00,全樣本百分位,不加平價,90,7.0,1.4,626,144
100,價內1%,12:00,全樣本百分位,便宜30%,28,14.0,1.37,391,-22
100,價內1%,12:00,全樣本百分位,便宜20%,21,14.2,1.06,298,-115
100,價內1%,12:00,全樣本百分位,貴30%,31,4.8,0.52,150,-235
100,價內1%,12:00,滾動100日,不加平價,90,7.0,1.4,626,144
100,價內1%,12:00,滾動100日,便宜30%,28,14.0,1.37,391,-22
100,價內1%,12:00,滾動100日,便宜20%,20,15.8,1.13,316,-97
100,價內1%,12:00,滾動100日,貴30%,29,9.2,0.99,267,-118
100,價平,09:30,全樣本百分位,不加平價,79,26.2,2.72,2070,749
100,價平,09:30,全樣本百分位,便宜30%,25,42.2,2.66,1056,160
100,價平,09:30,全樣本百分位,便宜20%,18,48.5,2.31,873,9
100,價平,09:30,全樣本百分位,貴30%,30,5.6,0.55,167,-274
100,價平,09:30,滾動100日,不加平價,79,26.2,2.72,2070,749
100,價平,09:30,滾動100日,便宜30%,23,36.6,2.15,843,-21
100,價平,09:30,滾動100日,便宜20%,17,36.6,1.75,622,-112
100,價平,09:30,滾動100日,貴30%,25,5.1,0.43,128,-298
100,價平,10:00,全樣本百分位,不加平價,81,18.8,2.4,1524,439
100,價平,10:00,全樣本百分位,便宜30%,27,37.7,2.0,1019,-21
100,價平,10:00,全樣本百分位,便宜20%,19,39.7,1.58,754,-151
100,價平,10:00,全樣本百分位,貴30%,22,-7.6,-0.76,-168,-461
100,價平,10:00,滾動100日,不加平價,81,18.8,2.4,1524,439
100,價平,10:00,滾動100日,便宜30%,27,37.7,2.0,1019,-21
100,價平,10:00,滾動100日,便宜20%,17,49.0,1.79,832,-74
100,價平,10:00,滾動100日,貴30%,21,-6.4,-0.61,-134,-427
100,價平,10:30,全樣本百分位,不加平價,86,7.9,1.49,676,-48
100,價平,10:30,全樣本百分位,便宜30%,28,26.5,2.28,743,53
100,價平,10:30,全樣本百分位,便宜20%,23,34.0,2.49,781,91
100,價平,10:30,全樣本百分位,貴30%,31,-10.0,-1.58,-310,-543
100,價平,10:30,滾動100日,不加平價,86,7.9,1.49,676,-48
100,價平,10:30,滾動100日,便宜30%,28,28.4,2.46,796,106
100,價平,10:30,滾動100日,便宜20%,21,34.2,2.34,719,29
100,價平,10:30,滾動100日,貴30%,30,-9.1,-1.4,-273,-506
100,價平,11:00,全樣本百分位,不加平價,90,2.1,0.48,190,-354
100,價平,11:00,全樣本百分位,便宜30%,23,-3.1,-0.39,-72,-295
100,價平,11:00,全樣本百分位,便宜20%,17,-4.2,-0.41,-72,-290
100,價平,11:00,全樣本百分位,貴30%,38,-3.4,-0.44,-129,-577
100,價平,11:00,滾動100日,不加平價,90,2.1,0.48,190,-354
100,價平,11:00,滾動100日,便宜30%,28,-0.0,-0.0,0,-228
100,價平,11:00,滾動100日,便宜20%,17,-7.0,-0.7,-119,-290
100,價平,11:00,滾動100日,貴30%,34,-3.3,-0.38,-111,-559
100,價平,11:30,全樣本百分位,不加平價,93,2.6,0.75,246,-190
100,價平,11:30,全樣本百分位,便宜30%,26,-0.3,-0.05,-9,-216
100,價平,11:30,全樣本百分位,便宜20%,19,-3.9,-0.44,-74,-238
100,價平,11:30,全樣本百分位,貴30%,29,3.3,0.44,97,-273
100,價平,11:30,滾動100日,不加平價,93,2.6,0.75,246,-190
100,價平,11:30,滾動100日,便宜30%,25,-0.6,-0.08,-15,-223
100,價平,11:30,滾動100日,便宜20%,18,-5.5,-0.59,-99,-250
100,價平,11:30,滾動100日,貴30%,29,5.9,0.82,172,-197
100,價平,12:00,全樣本百分位,不加平價,92,3.4,1.24,314,-31
100,價平,12:00,全樣本百分位,便宜30%,28,4.8,1.04,135,-93
100,價平,12:00,全樣本百分位,便宜20%,21,5.6,0.91,117,-111
100,價平,12:00,全樣本百分位,貴30%,31,3.9,0.68,120,-193
100,價平,12:00,滾動100日,不加平價,92,3.4,1.24,314,-31
100,價平,12:00,滾動100日,便宜30%,28,4.8,1.04,135,-93
100,價平,12:00,滾動100日,便宜20%,20,7.1,1.13,142,-86
100,價平,12:00,滾動100日,貴30%,29,6.1,1.05,178,-135
