level,slot,side,filt,n,mean,t,win,total,ex5
價內1%,09:30,合計,兩段同向（不加平價）,131,25.273304339301788,3.3689313785538393,0.6412213740458015,3310.8028684485344,1814.513097263663
價內1%,09:30,合計,＋買的那邊便宜（正負號）,75,24.635028490510123,2.881745163560008,0.6133333333333333,1847.6271367882593,764.4920126807621
價內1%,09:30,合計,＋便宜 30%,39,48.79248662890743,3.6744926782835545,0.7435897435897436,1902.9069785273898,837.4912171407901
價內1%,09:30,合計,＋便宜 20%,24,59.15717666969806,2.98597708316847,0.75,1419.7722400727534,365.24503868615386
價內1%,09:30,合計,對照：買的那邊貴（正負號）,56,26.128138065362037,1.9503729410264046,0.6785714285714286,1463.175731660274,284.7383987113752
價內1%,09:30,Call,兩段同向（不加平價）,82,17.297357391988506,2.2671292584033425,0.6097560975609756,1418.3833061430576,491.9275909116411
價內1%,09:30,Call,＋買的那邊便宜（正負號）,53,19.404401677207655,1.9708186450533611,0.5849056603773585,1028.4332888920057,101.97757366058914
價內1%,09:30,Call,＋便宜 30%,20,57.43772553155681,3.147457547615999,0.8,1148.754510631136,291.08442451612905
價內1%,09:30,Call,＋便宜 20%,10,77.96293268162694,2.4521284332514584,0.8,779.6293268162693,44.04018053295934
價內1%,09:30,Call,對照：買的那邊貴（正負號）,29,13.44655231900179,1.111660864615424,0.6551724137931034,389.9500172510519,-103.34554690042069
價內1%,09:30,Put,兩段同向（不加平價）,49,38.62080739398931,2.5077747143337072,0.6938775510204082,1892.4195623054761,525.7095106628246
價內1%,09:30,Put,＋買的那邊便宜（正負號）,22,37.23608399528426,2.190685033219981,0.6818181818181818,819.1938478962537,113.323459020173
價內1%,09:30,Put,＋便宜 30%,19,39.6922351524344,2.022712912295226,0.6842105263157895,754.1524678962536,48.28207902017306
價內1%,09:30,Put,＋便宜 20%,14,45.72449380403459,1.7835297986342566,0.7142857142857143,640.1429132564842,-44.698275619596494
價內1%,09:30,Put,對照：買的那邊貴（正負號）,27,39.74910053367489,1.6168556465708912,0.7037037037037037,1073.225714409222,-59.13578386167134
價內1%,10:00,合計,兩段同向（不加平價）,131,18.93639825988451,2.811086042744481,0.6183206106870229,2480.6681720448705,1180.061812351549
價內1%,10:00,合計,＋買的那邊便宜（正負號）,75,31.034999242372475,3.135519593744578,0.68,2327.6249431779356,1047.7540482000618
價內1%,10:00,合計,＋便宜 30%,45,39.90328391126663,2.8091764459678332,0.7111111111111111,1795.6477760069981,529.4442850632913
價內1%,10:00,合計,＋便宜 20%,32,47.01658326367449,2.670908472140267,0.71875,1504.5306644375837,338.05592390038083
價內1%,10:00,合計,對照：買的那邊貴（正負號）,56,2.7329148011952555,0.336311273817043,0.5357142857142857,153.0432288669343,-411.58231277554796
價內1%,10:00,Call,兩段同向（不加平價）,81,13.362496958899827,1.7746946621489745,0.6049382716049383,1082.362253670886,250.2861718987342
價內1%,10:00,Call,＋買的那邊便宜（正負號）,51,15.902838783817328,1.5136194392911364,0.6078431372549019,811.0447779746837,0.6243774683543961
價內1%,10:00,Call,＋便宜 30%,23,15.66470607594937,0.9127732811877567,0.6086956521739131,360.28823974683553,-243.6680149367088
價內1%,10:00,Call,＋便宜 20%,16,32.86328827531646,1.5896646648547226,0.6875,525.8126124050633,-41.26066227848098
價內1%,10:00,Call,對照：買的那邊貴（正負號）,30,9.043915856540085,0.9149953956192892,0.6,271.31747569620256,-150.11070253164553
價內1%,10:00,Put,兩段同向（不加平價）,50,27.966118367479677,2.1919122106052202,0.64,1398.3059183739838,255.38048520325202
價內1%,10:00,Put,＋買的那邊便宜（正負號）,24,63.190840216802165,3.124758612722975,0.8333333333333334,1516.580165203252,433.1440853658537
價內1%,10:00,Put,＋便宜 30%,22,65.24361528455285,2.9707317052441815,0.8181818181818182,1435.3595362601625,351.9234564227642
價內1%,10:00,Put,＋便宜 20%,16,61.16987825203251,2.1274402235507144,0.75,978.7180520325202,80.93392617886178
價內1%,10:00,Put,對照：買的那邊貴（正負號）,26,-4.549009493433399,-0.3407907515118096,0.46153846153846156,-118.27424682926838,-579.4839128455286
價內1%,10:30,合計,兩段同向（不加平價）,135,9.618086252628594,1.8503553291243287,0.5481481481481482,1298.4416441048602,379.0899096470289
價內1%,10:30,合計,＋買的那邊便宜（正負號）,73,19.211510349519294,2.534804460658878,0.6164383561643836,1402.4402555149086,488.2294658763543
價內1%,10:30,合計,＋便宜 30%,42,30.643342547325467,2.632862607815306,0.6904761904761905,1287.0203869876696,388.4529669876694
價內1%,10:30,合計,＋便宜 20%,32,40.24604308357992,2.8960181366035447,0.71875,1287.8733786745574,389.30595867455753
價內1%,10:30,合計,對照：買的那邊貴（正負號）,62,-1.6773969582265815,-0.2485706102526865,0.46774193548387094,-103.99861141004806,-587.3273861534767
價內1%,10:30,Call,兩段同向（不加平價）,81,6.796046544801933,1.0884450277347644,0.5308641975308642,550.4797701289566,-126.12634759671745
價內1%,10:30,Call,＋買的那邊便宜（正負號）,44,8.156542077693702,0.9615957523153598,0.5454545454545454,358.8878514185229,-197.67283641266118
價內1%,10:30,Call,＋便宜 30%,23,19.21477894184209,1.3947445247933348,0.6086956521739131,441.9399156623681,-114.62077216881592
價內1%,10:30,Call,＋便宜 20%,18,25.880462657288003,1.516544178251485,0.6666666666666666,465.84832783118406,-90.71236
價內1%,10:30,Call,對照：買的那邊貴（正負號）,37,5.178159965146859,0.5541215027877607,0.5135135135135135,191.5919187104338,-285.12442663540446
價內1%,10:30,Put,兩段同向（不加平價）,54,13.851145814368587,1.5300906561376917,0.5740740740740741,747.9618739759037,-66.27273903614454
價內1%,10:30,Put,＋買的那邊便宜（正負號）,29,35.98456565849605,2.627906569724519,0.7241379310344828,1043.5524040963855,229.31779108433733
價內1%,10:30,Put,＋便宜 30%,19,44.477919543436904,2.276171237692493,0.7894736842105263,845.0804713253012,75.3362113253012
價內1%,10:30,Put,＋便宜 20%,14,58.71607506024096,2.5839539647024665,0.7857142857142857,822.0250508433735,77.26213084337351
價內1%,10:30,Put,對照：買的那邊貴（正負號）,25,-11.823621204819279,-1.2750494846515956,0.4,-295.59053012048196,-558.3895751807229
價內1%,11:00,合計,兩段同向（不加平價）,139,7.810483695289559,1.816085354654891,0.5683453237410072,1085.6572336452487,444.60473477732467
價內1%,11:00,合計,＋買的那邊便宜（正負號）,67,3.6320153155036414,0.5923124375905723,0.4925373134328358,243.34502613874398,-256.48955197446355
價內1%,11:00,合計,＋便宜 30%,36,-1.901938354844272,-0.2095144998253909,0.4444444444444444,-68.4697807743938,-463.3827588876012
價內1%,11:00,合計,＋便宜 20%,24,-5.860179999999996,-0.4642841215301309,0.4583333333333333,-140.6443199999999,-518.3770679245283
價內1%,11:00,合計,對照：買的那邊貴（正負號）,72,11.698780659812563,1.9380636457898102,0.6388888888888888,842.3122075065046,270.31918428168547
價內1%,11:00,Call,兩段同向（不加平價）,83,9.50355764564632,1.870785960724107,0.5662650602409639,788.7952845886446,262.32856023175
價內1%,11:00,Call,＋買的那邊便宜（正負號）,41,8.626287080236272,1.3308018606794172,0.4878048780487805,353.67777028968715,-77.8988731402085
價內1%,11:00,Call,＋便宜 30%,19,2.6187674269683487,0.30192042317898143,0.42105263157894735,49.75658111239863,-225.10361888760136
價內1%,11:00,Call,＋便宜 20%,12,4.200508333333334,0.37337866511527323,0.5,50.406100000000016,-149.57831999999996
價內1%,11:00,Call,對照：買的那邊貴（正負號）,42,10.359940816641839,1.3163090259057517,0.6428571428571429,435.11751429895725,10.526346512167002
價內1%,11:00,Put,兩段同向（不加平價）,56,5.301106233153645,0.6962112699586149,0.5714285714285714,296.8619490566041,-260.346227924528
價內1%,11:00,Put,＋買的那邊便宜（正負號）,26,-4.243567082728587,-0.3515208874586791,0.5,-110.33274415094326,-459.8501716981132
價內1%,11:00,Put,＋便宜 30%,17,-6.9544918756936696,-0.41258513726251256,0.47058823529411764,-118.22636188679238,-454.1556316981132
價內1%,11:00,Put,＋便宜 20%,12,-15.920868333333326,-0.6973338817448204,0.4166666666666667,-191.05041999999992,-463.95738981132075
價內1%,11:00,Put,對照：買的那邊貴（正負號）,30,13.573156440251575,1.4206222763888983,0.6333333333333333,407.19469320754723,-112.07298339622633
價內1%,11:30,合計,兩段同向（不加平價）,147,7.3591864764003905,1.98470122063897,0.6054421768707483,1081.8004120308574,527.1819869489925
價內1%,11:30,合計,＋買的那邊便宜（正負號）,69,4.394648487159131,0.7649391610879326,0.6231884057971014,303.23074561398005,-111.13225299748089
價內1%,11:30,合計,＋便宜 30%,43,4.6885898845996135,0.5457698008700252,0.627906976744186,201.6093650377834,-210.8470725629723
價內1%,11:30,合計,＋便宜 20%,26,3.741181080822519,0.28659456377804243,0.6153846153846154,97.2707081013855,-260.23652761649873
價內1%,11:30,合計,對照：買的那邊貴（正負號）,78,9.981662389959956,2.0743176676700465,0.5897435897435898,778.5696664168765,260.9495761964736
價內1%,11:30,Call,兩段同向（不加平價）,91,7.2286564972527465,1.8440626895000285,0.5934065934065934,657.8077412499999,212.7752037499999
價內1%,11:30,Call,＋買的那邊便宜（正負號）,36,11.141379548611111,2.392117746040716,0.6666666666666666,401.08966375,93.94825250000002
價內1%,11:30,Call,＋便宜 30%,24,11.576735,1.9313632985013316,0.6666666666666666,277.84164,3.689725000000017
價內1%,11:30,Call,＋便宜 20%,14,13.205370089285712,2.079361101655683,0.6428571428571429,184.87518124999997,-9.574156249999989
價內1%,11:30,Call,對照：買的那邊貴（正負號）,55,4.667601409090909,0.8142142417814375,0.5454545454545454,256.7180775,-155.6794225
價內1%,11:30,Put,兩段同向（不加平價）,56,7.5712976925153,1.0214341890220842,0.625,423.99267078085677,-84.09390680100731
價內1%,11:30,Put,＋買的那邊便宜（正負號）,33,-2.9654217616975735,-0.27354111031667994,0.5757575757575758,-97.85891813601992,-444.68735566750627
價內1%,11:30,Put,＋便宜 30%,19,-4.012224998011397,-0.22283328923934329,0.5789473684210527,-76.23227496221654,-415.83214362720406
價內1%,11:30,Put,＋便宜 20%,12,-7.300372762384545,-0.26430463800364745,0.5833333333333334,-87.60447314861455,-413.75304715365235
價內1%,11:30,Put,對照：買的那邊貴（正負號）,23,22.689199518125076,2.6824555031149564,0.6956521739130435,521.8515889168767,100.64082619647363
價內1%,12:00,合計,兩段同向（不加平價）,142,5.585610444800445,1.6799128485978951,0.5633802816901409,793.1566831616633,311.27216275483534
價內1%,12:00,合計,＋買的那邊便宜（正負號）,65,7.374666189422052,1.5320551049883366,0.6153846153846154,479.35330231243336,66.65495460158999
價內1%,12:00,合計,＋便宜 30%,40,12.425074583576109,1.6963503012554544,0.7,497.0029833430443,84.30463563220084
價內1%,12:00,合計,＋便宜 20%,28,12.663526222030985,1.2419393074229463,0.7142857142857143,354.5787342168676,-58.119613493975855
價內1%,12:00,合計,對照：買的那邊貴（正負號）,77,4.075368582457528,0.8832915063492174,0.5194805194805194,313.80338084922965,-81.33322950343259
價內1%,12:00,Call,兩段同向（不加平價）,88,4.866891337954273,1.242164764201017,0.5454545454545454,428.28643773997607,30.124341287971163
價內1%,12:00,Call,＋買的那邊便宜（正負號）,34,8.924333526552784,1.9909597937256636,0.6176470588235294,303.42733990279464,63.443299902794685
價內1%,12:00,Call,＋便宜 30%,21,16.90848758317422,2.6948451382944447,0.8095238095238095,355.07823924665865,115.0941992466586
價內1%,12:00,Call,＋便宜 20%,14,19.47708,2.2352676795648057,0.8571428571428571,272.67912,38.75058000000001
價內1%,12:00,Call,對照：買的那邊貴（正負號）,54,2.312205515503359,0.40329853133737714,0.5,124.8590978371814,-219.06029081409451
價內1%,12:00,Put,兩段同向（不加平價）,54,6.756856396697908,1.1225162489059082,0.5925925925925926,364.87024542168706,-52.858803975903335
價內1%,12:00,Put,＋買的那邊便宜（正負號）,31,5.675031045472219,0.6376028280690078,0.6129032258064516,175.92596240963877,-173.90888530120463
價內1%,12:00,Put,＋便宜 30%,19,7.469723373493985,0.536609265290093,0.5789473684210527,141.92474409638572,-200.86120265060225
價內1%,12:00,Put,＋便宜 20%,14,5.84997244406197,0.31322801776659526,0.5714285714285714,81.89961421686758,-257.61591999999996
價內1%,12:00,Put,對照：買的那邊貴（正負號）,23,8.214968826610797,1.0679817567042305,0.5652173913043478,188.94428301204832,-92.58241156626498
價平,09:30,合計,兩段同向（不加平價）,131,16.904670719164326,2.783300310198504,0.4580152671755725,2214.5118642105267,892.8008642105262
價平,09:30,合計,＋買的那邊便宜（正負號）,75,16.190724,2.494248943187379,0.4266666666666667,1214.3043,280.04334000000006
價平,09:30,合計,＋便宜 30%,39,32.63444666666667,3.0055858912415268,0.5641025641025641,1272.74342,375.35476000000006
價平,09:30,合計,＋便宜 20%,24,44.90154416666667,2.764058543870175,0.5833333333333334,1077.63706,180.2484
價平,09:30,合計,對照：買的那邊貴（正負號）,56,17.860849360902257,1.5786300059309222,0.5,1000.2075642105264,21.509044210526383
價平,09:30,Call,兩段同向（不加平價）,82,10.790677073170732,2.0070422280729954,0.43902439024390244,884.83552,140.06650000000002
價平,09:30,Call,＋買的那邊便宜（正負號）,53,10.584650943396227,1.4406145102529966,0.37735849056603776,560.9865,-183.25241999999997
價平,09:30,Call,＋便宜 30%,20,31.790905,1.9798524381415958,0.6,635.8181,-38.050179999999976
價平,09:30,Call,＋便宜 20%,10,47.289483999999995,1.6222467355158814,0.6,472.89483999999993,-63.47646
價平,09:30,Call,對照：買的那邊貴（正負號）,29,11.167207586206898,1.5308712393290356,0.5517241379310345,323.84902000000005,-23.66777999999998
價平,09:30,Put,兩段同向（不加平價）,49,27.1362519226638,2.0115582997631796,0.4897959183673469,1329.6763442105262,140.9274842105264
價平,09:30,Put,＋買的那邊便宜（正負號）,22,29.69626363636364,2.265248235024487,0.5454545454545454,653.3178,59.66490000000002
價平,09:30,Put,＋便宜 30%,19,33.5223852631579,2.2382635253449474,0.5263157894736842,636.92532,43.27242
價平,09:30,Put,＋便宜 20%,14,43.19587285714285,2.216975322184982,0.5714285714285714,604.74222,11.08932
價平,09:30,Put,對照：買的那邊貴（正負號）,27,25.050316452241713,1.1245096210888865,0.4444444444444444,676.3585442105262,-286.86961578947364
價平,10:00,合計,兩段同向（不加平價）,131,12.981496074076116,2.5611075496361586,0.45038167938931295,1700.5759857039711,615.3835657039712
價平,10:00,合計,＋買的那邊便宜（正負號）,75,21.100862476052946,2.7594378334460954,0.49333333333333335,1582.564685703971,525.8186857039711
價平,10:00,合計,＋便宜 30%,45,26.075692126754912,2.2238326203398584,0.4888888888888889,1173.406145703971,133.12464570397114
價平,10:00,合計,＋便宜 20%,32,29.457417678249097,1.918389100725798,0.5,942.6373657039711,-12.951174296028839
價平,10:00,合計,對照：買的那邊貴（正負號）,56,2.1073446428571425,0.3672093517696419,0.39285714285714285,118.01129999999998,-352.35561999999993
價平,10:00,Call,兩段同向（不加平價）,81,9.117840493827162,1.7328670070653878,0.41975308641975306,738.5450800000001,56.79534000000001
價平,10:00,Call,＋買的那邊便宜（正負號）,51,10.93949960784314,1.4853526554560186,0.39215686274509803,557.9144800000001,-101.34478000000001
價平,10:00,Call,＋便宜 30%,23,8.377380869565215,0.6288559829160103,0.2608695652173913,192.67975999999996,-260.35102000000006
價平,10:00,Call,＋便宜 20%,16,15.7827,0.8586553527424987,0.3125,252.5232,-164.0751
價平,10:00,Call,對照：買的那邊貴（正負號）,30,6.021019999999999,0.8810785166639606,0.4666666666666667,180.6306,-144.42592000000002
價平,10:00,Put,兩段同向（不加平價）,50,19.240618114079425,1.8861050780737811,0.5,962.0309057039711,36.245045703971115
價平,10:00,Put,＋買的那邊便宜（正負號）,24,42.693758570998796,2.434572953788155,0.7083333333333334,1024.650205703971,159.08776570397112
價平,10:00,Put,＋便宜 30%,22,44.578472077453235,2.3398446539554785,0.7272727272727273,980.7263857039711,115.16394570397114
價平,10:00,Put,＋便宜 20%,16,43.132135356498196,1.7438071281229552,0.6875,690.1141657039711,-23.635034296028863
價平,10:00,Put,對照：買的那邊貴（正負號）,26,-2.4084346153846137,-0.2510580787101759,0.3076923076923077,-62.61929999999995,-440.19034
價平,10:30,合計,兩段同向（不加平價）,135,6.22103201851852,1.741498173382164,0.4148148148148148,839.8393225000002,115.78005500000017
價平,10:30,合計,＋買的那邊便宜（正負號）,73,10.828828869863015,2.088437940459105,0.4246575342465753,790.5045075,100.31196249999999
價平,10:30,合計,＋便宜 30%,42,19.015955833333333,2.3077838312959065,0.5,798.6701449999999,108.47760000000002
價平,10:30,合計,＋便宜 20%,32,23.706657031250003,2.3017722918664014,0.5,758.6130250000001,68.42048
價平,10:30,合計,對照：買的那邊貴（正負號）,62,0.7957228225806439,0.16671523982143185,0.4032258064516129,49.33481499999992,-358.56163250000003
價平,10:30,Call,兩段同向（不加平價）,81,5.682847407407408,1.3766517461734458,0.4074074074074074,460.31064000000003,-85.4495875
價平,10:30,Call,＋買的那邊便宜（正負號）,44,3.8555532954545444,0.709052269356575,0.3409090909090909,169.64434499999996,-219.65337999999994
價平,10:30,Call,＋便宜 30%,23,8.129668913043476,0.8377649187871998,0.34782608695652173,186.98238499999997,-193.80704
價平,10:30,Call,＋便宜 20%,18,13.092792499999998,1.0773661946251667,0.3888888888888889,235.67026499999997,-145.11915999999997
價平,10:30,Call,對照：買的那邊貴（正負號）,37,7.855845810810812,1.2319952207343736,0.4864864864864865,290.66629500000005,-114.23325249999996
價平,10:30,Put,兩段同向（不加平價）,54,7.028308935185185,1.0837800401467341,0.42592592592592593,379.5286825,-216.2771775
價平,10:30,Put,＋買的那邊便宜（正負號）,29,21.408971120689657,2.1571242815694047,0.5517241379310345,620.8601625,25.054302499999977
價平,10:30,Put,＋便宜 30%,19,32.19409263157895,2.3674570132209096,0.6842105263157895,611.68776,23.784999999999993
價平,10:30,Put,＋便宜 20%,14,37.353054285714286,2.1409438987110563,0.6428571428571429,522.94276,-10.958100000000005
價平,10:30,Put,對照：買的那邊貴（正負號）,25,-9.6532592,-1.4278344073569336,0.28,-241.33148000000003,-439.42026
價平,11:00,合計,兩段同向（不加平價）,140,2.6556539892719586,0.8726263609504125,0.42857142857142855,371.7915584980742,-171.87834255455732
價平,11:00,合計,＋買的那邊便宜（正負號）,67,1.0176426572528876,0.2673418307084928,0.373134328358209,68.18205803594347,-263.97445277278564
價平,11:00,合計,＋便宜 30%,36,-2.483969323562973,-0.460633098586704,0.3055555555555556,-89.42289564826703,-327.75188540436454
價平,11:00,合計,＋便宜 20%,24,-5.214090814612753,-0.7066394682393499,0.25,-125.13817955070607,-343.12980711168166
價平,11:00,合計,對照：買的那邊貴（正負號）,73,4.159034252905904,0.886015766257669,0.4794520547945205,303.609500462131,-176.79479953786904
價平,11:00,Call,兩段同向（不加平價）,84,3.1612336842105266,0.8977507106278823,0.4166666666666667,265.54362947368423,-147.12637157894727
價平,11:00,Call,＋買的那邊便宜（正負號）,41,3.788087394094994,0.8435863080419507,0.34146341463414637,155.31158315789474,-154.99763789473684
價平,11:00,Call,＋便宜 30%,19,0.09934786703601169,0.019623361508472565,0.2631578947368421,1.887609473684222,-148.7477905263158
價平,11:00,Call,＋便宜 20%,12,-0.340729210526316,-0.04707109768764823,0.25,-4.088750526315792,-98.6011905263158
價平,11:00,Call,對照：買的那邊貴（正負號）,43,2.563535960832313,0.4716707633467893,0.4883720930232558,110.23204631578947,-222.11355368421053
價平,11:00,Put,兩段同向（不加平價）,56,1.8972844468641112,0.3439317638892007,0.44642857142857145,106.24792902439023,-338.75375097560976
價平,11:00,Put,＋買的那邊便宜（正負號）,26,-3.351135581613509,-0.49169592908188736,0.4230769230769231,-87.12952512195123,-280.6275824390244
價平,11:00,Put,＋便宜 30%,17,-5.371206183644189,-0.5331624714927252,0.35294117647058826,-91.31050512195121,-284.8085624390244
價平,11:00,Put,＋便宜 20%,12,-10.087452418699188,-0.7714850189216207,0.25,-121.04942902439025,-227.10329658536588
價平,11:00,Put,對照：買的那邊貴（正負號）,30,6.445915138211384,0.7623490166282578,0.4666666666666667,193.3774541463415,-251.62422585365852
價平,11:30,合計,兩段同向（不加平價）,147,2.559846081852418,1.0690659168867676,0.42857142857142855,376.29737403230547,-60.49120596769444
價平,11:30,合計,＋買的那邊便宜（正負號）,69,-0.49666895111621756,-0.16436462861401824,0.4057971014492754,-34.27015762701901,-280.752417627019
價平,11:30,合計,＋便宜 30%,43,-0.33705598606700143,-0.07619432062730735,0.4186046511627907,-14.493407400881061,-259.1580274008811
價平,11:30,合計,＋便宜 20%,26,-2.372467888851237,-0.3463792685206351,0.38461538461538464,-61.684165110132156,-264.94166511013213
價平,11:30,合計,對照：買的那邊貴（正負號）,78,5.263686303324673,1.451388837946176,0.44871794871794873,410.56753165932446,-26.22104834067551
價平,11:30,Call,兩段同向（不加平價）,91,2.0678712380952384,0.7968564130725451,0.4175824175824176,188.1762826666667,-149.68197733333326
價平,11:30,Call,＋買的那邊便宜（正負號）,36,2.6384963703703708,0.9145630870818031,0.4444444444444444,94.98586933333334,-101.12483066666665
價平,11:30,Call,＋便宜 30%,24,1.162849166666667,0.3138642414206949,0.375,27.908380000000008,-115.36693999999999
價平,11:30,Call,＋便宜 20%,14,-0.772864285714285,-0.1633078894067727,0.35714285714285715,-10.82009999999999,-87.44412
價平,11:30,Call,對照：買的那邊貴（正負號）,55,1.694371151515152,0.4370107722522672,0.4,93.19041333333337,-242.0804133333333
價平,11:30,Put,兩段同向（不加平價）,56,3.3593052029578345,0.715778316842685,0.44642857142857145,188.12109136563873,-187.14350863436124
價平,11:30,Put,＋買的那邊便宜（正負號）,33,-3.916849301828861,-0.7158440547828645,0.36363636363636365,-129.25602696035241,-313.39062696035245
價平,11:30,Put,＋便宜 30%,19,-2.2316730210990046,-0.24823470212195053,0.47368421052631576,-42.40178740088109,-210.46296740088107
價平,11:30,Put,＋便宜 20%,12,-4.238672092511012,-0.3000615792851057,0.4166666666666667,-50.864065110132145,-200.09580511013215
價平,11:30,Put,對照：買的那邊貴（正負號）,23,13.799005144608314,1.7359621553879998,0.5652173913043478,317.3771183259912,-25.191621674008815
價平,12:00,合計,兩段同向（不加平價）,145,3.0284560617601652,1.5651696983815622,0.4413793103448276,439.126128955224,94.23560895522382
價平,12:00,合計,＋買的那邊便宜（正負號）,65,2.2262648771526976,0.9164847695115644,0.4153846153846154,144.70721701492533,-91.72964298507463
價平,12:00,合計,＋便宜 30%,40,5.671963059701492,1.5864809991993796,0.5,226.87852238805968,-9.558337611940303
價平,12:00,合計,＋便宜 20%,28,5.330882078891258,1.0984517112669416,0.5,149.26469820895522,-87.17216179104477
價平,12:00,合計,對照：買的那邊貴（正負號）,80,3.680236399253732,1.2643232747987234,0.4625,294.4189119402986,-23.900357910447674
價平,12:00,Call,兩段同向（不加平價）,90,2.5065686898839146,1.0329866922323954,0.4444444444444444,225.59118208955232,-79.58793761194019
價平,12:00,Call,＋買的那邊便宜（正負號）,34,3.510037506584723,1.2646423027045077,0.4411764705882353,119.34127522388059,-49.93256985074627
價平,12:00,Call,＋便宜 30%,21,7.594373930348259,1.8308432947527564,0.5714285714285714,159.48185253731344,-9.791992537313426
價平,12:00,Call,＋便宜 20%,14,7.924913454157782,1.354951847544493,0.5714285714285714,110.94878835820894,-34.07373164179105
價平,12:00,Call,對照：買的那邊貴（正負號）,56,1.8973197654584233,0.5368889534455468,0.44642857142857145,106.2499068656717,-178.04351283582093
價平,12:00,Put,兩段同向（不加平價）,55,3.8824535793758472,1.202806057634614,0.43636363636363634,213.5349468656716,-46.415753134328355
價平,12:00,Put,＋買的那邊便宜（正負號）,31,0.8182561868078954,0.19860662448783375,0.3870967741935484,25.365941791044754,-169.8770480597015
價平,12:00,Put,＋便宜 30%,19,3.547193150039277,0.5855684956174975,0.42105263157894735,67.39666985074626,-127.84631999999996
價平,12:00,Put,＋便宜 20%,14,2.7368507036247345,0.3459411188257343,0.42857142857142855,38.31590985074628,-136.43586
價平,12:00,Put,對照：買的那邊貴（正負號）,24,7.840375211442786,1.5302322482947612,0.5,188.16900507462685,-40.544854925373116
