level,slot,cp,filt,n,mean,t,total,ex5
價內1%,09:30,Call,不過濾,275,-3.0,-0.74,-827,-1894
價內1%,09:30,Call,基差>0,143,-4.1,-0.68,-581,-1496
價內1%,09:30,Call,基差<0,132,-1.9,-0.34,-245,-1048
價內1%,09:30,Call,最高30%,83,-0.0,-0.0,-2,-867
價內1%,09:30,Call,最低30%,82,-1.8,-0.28,-150,-739
價內1%,09:30,Call,最高20%,56,5.3,0.5,297,-567
價內1%,09:30,Call,最低20%,55,-4.7,-0.57,-256,-777
價內1%,09:30,Put,不過濾,274,-2.6,-0.56,-703,-2106
價內1%,09:30,Put,基差>0,142,0.8,0.11,114,-1221
價內1%,09:30,Put,基差<0,132,-6.2,-1.15,-817,-1609
價內1%,09:30,Put,最高30%,82,-0.2,-0.02,-16,-1154
價內1%,09:30,Put,最低30%,82,-8.5,-1.29,-696,-1322
價內1%,09:30,Put,最高20%,55,-2.9,-0.2,-157,-1152
價內1%,09:30,Put,最低20%,55,-6.3,-0.76,-345,-888
價內1%,10:00,Call,不過濾,275,-2.8,-0.73,-770,-1682
價內1%,10:00,Call,基差>0,144,-1.2,-0.22,-174,-1066
價內1%,10:00,Call,基差<0,131,-4.5,-0.86,-596,-1160
價內1%,10:00,Call,最高30%,82,-0.4,-0.05,-29,-701
價內1%,10:00,Call,最低30%,82,-3.6,-0.57,-294,-814
價內1%,10:00,Call,最高20%,56,-2.5,-0.28,-141,-806
價內1%,10:00,Call,最低20%,55,0.1,0.01,6,-515
價內1%,10:00,Put,不過濾,276,-2.9,-0.72,-804,-1961
價內1%,10:00,Put,基差>0,145,-2.4,-0.41,-347,-1349
價內1%,10:00,Put,基差<0,131,-3.5,-0.62,-457,-1322
價內1%,10:00,Put,最高30%,83,-1.9,-0.22,-154,-1082
價內1%,10:00,Put,最低30%,82,-6.3,-0.97,-520,-1194
價內1%,10:00,Put,最高20%,56,-0.3,-0.03,-16,-736
價內1%,10:00,Put,最低20%,55,-11.8,-1.51,-652,-1106
價內1%,10:30,Call,不過濾,276,-4.8,-1.37,-1324,-2131
價內1%,10:30,Call,基差>0,158,-6.3,-1.3,-992,-1783
價內1%,10:30,Call,基差<0,118,-2.8,-0.56,-332,-898
價內1%,10:30,Call,最高30%,83,-2.8,-0.38,-232,-988
價內1%,10:30,Call,最低30%,82,2.1,0.33,173,-378
價內1%,10:30,Call,最高20%,56,-5.1,-0.55,-284,-896
價內1%,10:30,Call,最低20%,55,-2.6,-0.34,-145,-637
價內1%,10:30,Put,不過濾,269,-2.2,-0.61,-589,-1466
價內1%,10:30,Put,基差>0,154,0.3,0.06,42,-815
價內1%,10:30,Put,基差<0,115,-5.5,-1.03,-631,-1278
價內1%,10:30,Put,最高30%,81,-3.3,-0.44,-267,-1039
價內1%,10:30,Put,最低30%,79,-10.6,-1.55,-835,-1442
價內1%,10:30,Put,最高20%,54,-0.9,-0.09,-48,-734
價內1%,10:30,Put,最低20%,53,-5.4,-0.63,-285,-826
價內1%,11:00,Call,不過濾,273,-1.6,-0.57,-431,-1052
價內1%,11:00,Call,基差>0,165,1.0,0.26,162,-458
價內1%,11:00,Call,基差<0,108,-5.5,-1.31,-594,-996
價內1%,11:00,Call,最高30%,83,6.2,1.06,518,-76
價內1%,11:00,Call,最低30%,82,-4.7,-0.94,-384,-787
價內1%,11:00,Call,最高20%,56,6.4,0.82,361,-233
價內1%,11:00,Call,最低20%,55,-2.7,-0.42,-146,-537
價內1%,11:00,Put,不過濾,268,-3.3,-1.16,-886,-1560
價內1%,11:00,Put,基差>0,163,-5.3,-1.39,-865,-1480
價內1%,11:00,Put,基差<0,105,-0.2,-0.04,-20,-537
價內1%,11:00,Put,最高30%,79,-11.5,-1.84,-906,-1448
價內1%,11:00,Put,最低30%,79,-1.0,-0.19,-76,-592
價內1%,11:00,Put,最高20%,53,-11.9,-1.41,-630,-1142
價內1%,11:00,Put,最低20%,53,-3.9,-0.57,-207,-694
價內1%,11:30,Call,不過濾,270,-2.3,-0.84,-616,-1431
價內1%,11:30,Call,基差>0,168,-0.2,-0.05,-31,-846
價內1%,11:30,Call,基差<0,102,-5.7,-1.57,-586,-917
價內1%,11:30,Call,最高30%,81,4.3,0.88,352,-127
價內1%,11:30,Call,最低30%,82,-6.5,-1.46,-531,-862
價內1%,11:30,Call,最高20%,54,5.1,0.78,278,-191
價內1%,11:30,Call,最低20%,55,-5.7,-1.07,-313,-624
價內1%,11:30,Put,不過濾,270,-3.3,-1.28,-881,-1511
價內1%,11:30,Put,基差>0,167,-4.7,-1.35,-791,-1333
價內1%,11:30,Put,基差<0,103,-0.9,-0.25,-91,-557
價內1%,11:30,Put,最高30%,81,-8.7,-1.68,-708,-1201
價內1%,11:30,Put,最低30%,81,-0.4,-0.08,-30,-496
價內1%,11:30,Put,最高20%,54,-9.0,-1.27,-486,-958
價內1%,11:30,Put,最低20%,55,-0.2,-0.04,-13,-413
價內1%,12:00,Call,不過濾,270,-3.6,-1.62,-968,-1451
價內1%,12:00,Call,基差>0,170,-2.5,-0.87,-426,-890
價內1%,12:00,Call,基差<0,100,-5.4,-1.57,-542,-862
價內1%,12:00,Call,最高30%,83,1.7,0.38,139,-272
價內1%,12:00,Call,最低30%,81,-5.0,-1.26,-402,-723
價內1%,12:00,Call,最高20%,56,10.6,2.25,593,182
價內1%,12:00,Call,最低20%,55,-6.1,-1.26,-334,-598
價內1%,12:00,Put,不過濾,258,-2.3,-0.98,-595,-1127
價內1%,12:00,Put,基差>0,164,-3.9,-1.25,-638,-1166
價內1%,12:00,Put,基差<0,94,0.5,0.13,43,-362
價內1%,12:00,Put,最高30%,78,-8.0,-1.56,-623,-1116
價內1%,12:00,Put,最低30%,75,0.0,0.01,3,-384
價內1%,12:00,Put,最高20%,53,-18.3,-3.2,-971,-1190
價內1%,12:00,Put,最低20%,51,1.0,0.22,53,-290
價平,09:30,Call,不過濾,275,-1.7,-0.68,-472,-1387
價平,09:30,Call,基差>0,143,-0.5,-0.13,-72,-843
價平,09:30,Call,基差<0,132,-3.0,-0.91,-400,-1029
價平,09:30,Call,最高30%,83,1.9,0.36,156,-543
價平,09:30,Call,最低30%,82,-5.7,-1.55,-470,-873
價平,09:30,Call,最高20%,56,5.7,0.77,319,-379
價平,09:30,Call,最低20%,55,-7.4,-1.66,-409,-738
價平,09:30,Put,不過濾,276,-1.8,-0.55,-495,-1753
價平,09:30,Put,基差>0,144,2.9,0.55,412,-750
價平,09:30,Put,基差<0,132,-6.9,-1.81,-906,-1572
價平,09:30,Put,最高30%,83,3.5,0.45,295,-680
價平,09:30,Put,最低30%,82,-10.5,-2.28,-864,-1362
價平,09:30,Put,最高20%,56,4.0,0.37,224,-641
價平,09:30,Put,最低20%,55,-9.9,-1.62,-544,-972
價平,10:00,Call,不過濾,275,-0.6,-0.26,-163,-917
價平,10:00,Call,基差>0,145,1.7,0.47,242,-501
價平,10:00,Call,基差<0,130,-3.1,-1.12,-405,-829
價平,10:00,Call,最高30%,83,1.8,0.4,151,-378
價平,10:00,Call,最低30%,82,-3.3,-1.0,-271,-669
價平,10:00,Call,最高20%,56,0.6,0.1,33,-483
價平,10:00,Call,最低20%,55,-1.8,-0.41,-102,-500
價平,10:00,Put,不過濾,276,-0.5,-0.17,-125,-1071
價平,10:00,Put,基差>0,145,1.7,0.44,245,-555
價平,10:00,Put,基差<0,131,-2.8,-0.76,-370,-1050
價平,10:00,Put,最高30%,83,3.2,0.57,266,-476
價平,10:00,Put,最低30%,82,-5.3,-1.22,-435,-977
價平,10:00,Put,最高20%,56,3.4,0.45,193,-403
價平,10:00,Put,最低20%,55,-8.8,-1.89,-486,-837
價平,10:30,Call,不過濾,275,-1.0,-0.5,-277,-955
價平,10:30,Call,基差>0,157,-0.4,-0.14,-66,-733
價平,10:30,Call,基差<0,118,-1.8,-0.67,-211,-623
價平,10:30,Call,最高30%,83,2.1,0.43,172,-464
價平,10:30,Call,最低30%,82,3.0,0.93,247,-139
價平,10:30,Call,最高20%,56,1.3,0.23,74,-438
價平,10:30,Call,最低20%,55,0.4,0.1,20,-299
價平,10:30,Put,不過濾,276,-0.1,-0.06,-35,-702
價平,10:30,Put,基差>0,158,2.5,0.89,398,-229
價平,10:30,Put,基差<0,118,-3.7,-1.09,-433,-937
價平,10:30,Put,最高30%,83,1.9,0.49,160,-405
價平,10:30,Put,最低30%,82,-3.6,-0.84,-294,-763
價平,10:30,Put,最高20%,56,4.2,0.82,236,-270
價平,10:30,Put,最低20%,55,-2.1,-0.38,-118,-544
價平,11:00,Call,不過濾,275,-2.1,-1.2,-586,-1100
價平,11:00,Call,基差>0,167,-0.6,-0.23,-97,-611
價平,11:00,Call,基差<0,108,-4.5,-1.95,-489,-783
價平,11:00,Call,最高30%,83,3.3,0.77,271,-207
價平,11:00,Call,最低30%,82,-3.2,-1.23,-264,-547
價平,11:00,Call,最高20%,56,4.8,0.88,272,-200
價平,11:00,Call,最低20%,55,-2.3,-0.7,-128,-404
價平,11:00,Put,不過濾,276,-3.6,-2.11,-993,-1543
價平,11:00,Put,基差>0,168,-3.9,-1.83,-660,-1119
價平,11:00,Put,基差<0,108,-3.1,-1.09,-333,-729
價平,11:00,Put,最高30%,83,-6.2,-1.86,-511,-913
價平,11:00,Put,最低30%,82,-2.5,-0.72,-207,-602
價平,11:00,Put,最高20%,56,-4.7,-1.03,-264,-629
價平,11:00,Put,最低20%,55,-3.8,-0.8,-209,-585
價平,11:30,Call,不過濾,275,-2.3,-1.34,-641,-1282
價平,11:30,Call,基差>0,170,-0.6,-0.24,-104,-745
價平,11:30,Call,基差<0,105,-5.1,-2.69,-537,-759
價平,11:30,Call,最高30%,83,1.6,0.5,135,-251
價平,11:30,Call,最低30%,82,-5.1,-2.17,-419,-641
價平,11:30,Call,最高20%,56,3.6,0.86,200,-171
價平,11:30,Call,最低20%,55,-5.5,-2.15,-300,-469
價平,11:30,Put,不過濾,276,-3.4,-2.26,-929,-1430
價平,11:30,Put,基差>0,171,-3.5,-1.82,-595,-1005
價平,11:30,Put,基差<0,105,-3.2,-1.33,-335,-668
價平,11:30,Put,最高30%,83,-3.8,-1.36,-318,-682
價平,11:30,Put,最低30%,82,-2.2,-0.75,-180,-513
價平,11:30,Put,最高20%,56,-1.8,-0.45,-99,-456
價平,11:30,Put,最低20%,55,-3.5,-0.9,-193,-488
價平,12:00,Call,不過濾,275,-2.3,-1.74,-623,-967
價平,12:00,Call,基差>0,174,-1.5,-0.82,-255,-599
價平,12:00,Call,基差<0,101,-3.6,-2.08,-369,-580
價平,12:00,Call,最高30%,83,0.5,0.18,42,-276
價平,12:00,Call,最低30%,82,-2.9,-1.4,-236,-447
價平,12:00,Call,最高20%,56,5.3,1.47,296,-21
價平,12:00,Call,最低20%,55,-3.6,-1.48,-198,-380
價平,12:00,Put,不過濾,276,-1.6,-1.26,-449,-860
價平,12:00,Put,基差>0,175,-2.0,-1.26,-354,-725
價平,12:00,Put,基差<0,101,-0.9,-0.43,-95,-397
價平,12:00,Put,最高30%,83,-4.3,-1.69,-359,-674
價平,12:00,Put,最低30%,82,-0.7,-0.3,-60,-320
價平,12:00,Put,最高20%,56,-8.2,-3.68,-460,-616
價平,12:00,Put,最低20%,55,-0.3,-0.11,-18,-273
