year,group4,n,total,mean,win_rate
2017,night_dn_pre_dn,11,-155.69250000000002,-14.153863636363639,0.36363636363636365
2017,night_dn_pre_up,5,74.41778000000001,14.883556000000002,0.6
2017,night_up_pre_dn,8,-130.5498,-16.318725,0.375
2017,night_up_pre_up,8,-139.79884,-17.474855,0.5
2018,night_dn_pre_dn,6,13.024300000000013,2.1707166666666686,0.16666666666666666
2018,night_dn_pre_up,13,63.78475999999998,4.906519999999999,0.5384615384615384
2018,night_up_pre_dn,15,-248.82472,-16.58831466666667,0.5333333333333333
2018,night_up_pre_up,15,332.08263999999997,22.138842666666665,0.7333333333333333
2019,night_dn_pre_dn,12,204.86742,17.072285,0.6666666666666666
2019,night_dn_pre_up,12,-27.800840000000008,-2.3167366666666673,0.5833333333333334
2019,night_up_pre_dn,15,-179.20916,-11.947277333333334,0.3333333333333333
2019,night_up_pre_up,13,320.56586000000004,24.65891230769231,0.6923076923076923
2020,night_dn_pre_dn,5,2.192360000000008,0.4384720000000016,0.6
2020,night_dn_pre_up,11,438.0906,39.826418181818184,0.7272727272727273
2020,night_up_pre_dn,12,488.16818,40.680681666666665,0.75
2020,night_up_pre_up,10,65.31099999999998,6.531099999999998,0.6
2021,night_dn_pre_dn,11,-321.99296,-29.272087272727273,0.2727272727272727
2021,night_dn_pre_up,12,220.69730000000004,18.39144166666667,0.5
2021,night_up_pre_dn,10,-386.48209999999995,-38.64820999999999,0.3
2021,night_up_pre_up,13,-630.82044,-48.52464923076923,0.3076923076923077
2022,night_dn_pre_dn,9,90.92324,10.102582222222223,0.5555555555555556
2022,night_dn_pre_up,13,212.35398,16.33492153846154,0.6923076923076923
2022,night_up_pre_dn,12,-364.28062,-30.356718333333333,0.4166666666666667
2022,night_up_pre_up,15,746.5751399999999,49.77167599999999,0.8
