三段,開盤後,天數,大盤,Call,Ct,Put,Pt
漲／漲／漲,漲,25,0.144,18.7,1.55,-25.9,-2.19
漲／漲／漲,跌,11,0.203,18.5,0.61,-17.4,-0.71
漲／漲／跌,漲,20,0.065,15.4,1.19,-21.3,-1.79
漲／漲／跌,跌,20,-0.38,-30.8,-1.9,43.7,1.39
漲／跌／漲,漲,18,0.187,23.9,1.58,-31.0,-2.11
漲／跌／漲,跌,15,-0.114,-14.4,-0.91,11.3,0.57
漲／跌／跌,漲,20,-0.233,-31.3,-3.13,20.7,2.1
漲／跌／跌,跌,8,-0.112,-10.4,-0.61,-2.2,-0.11
跌／漲／漲,漲,20,0.078,13.6,0.83,-18.4,-1.1
跌／漲／漲,跌,23,0.029,0.6,0.04,-8.5,-0.52
跌／漲／跌,漲,17,-0.023,-3.4,-0.34,-5.2,-0.5
跌／漲／跌,跌,10,-0.324,-37.7,-1.21,39.7,1.26
跌／跌／漲,漲,17,0.094,16.6,0.84,-18.5,-1.17
跌／跌／漲,跌,9,0.051,-6.2,-0.26,-25.8,-1.0
跌／跌／跌,漲,13,0.027,3.5,0.24,-12.9,-0.96
跌／跌／跌,跌,5,-0.326,-39.9,-1.44,37.0,1.3
