cp,key,slot,n,mean,t
C,漲漲漲漲,09:00,22,30.92400625,2.2317021156010624
C,漲漲漲漲,09:30,25,18.719805832258068,1.5535632295229873
C,漲漲漲漲,10:00,22,23.19836743383199,2.109917131643831
C,漲漲漲漲,10:30,22,7.267657451774488,0.8912486920861403
C,漲漲漲漲,11:00,22,19.497923566838725,2.398861696512386
C,漲漲漲漲,11:30,26,10.969100480769232,2.043083994443328
C,漲漲漲漲,12:00,26,10.622240443032062,2.208837172321792
C,漲漲漲漲,12:30,25,10.363860081242533,2.9030555279778536
C,漲漲漲漲,13:00,25,5.122127531747674,1.9510013523146277
C,漲漲漲跌,09:00,11,42.62811886363637,1.9372316396848281
C,漲漲漲跌,09:30,11,18.507738000765016,0.612787411323481
C,漲漲漲跌,10:00,13,26.42587848101266,1.3970136750763016
C,漲漲漲跌,10:30,13,16.338278046712958,0.711365232198978
C,漲漲漲跌,11:00,13,-0.4317995347178855,-0.026712249341823483
C,漲漲漲跌,11:30,10,3.969197374999999,0.23624221711818458
C,漲漲漲跌,12:00,10,8.907008121506692,0.6291138124974256
C,漲漲漲跌,12:30,11,8.611151923536442,1.088599185840568
C,漲漲漲跌,13:00,11,2.2651366249882536,0.39648983956406403
C,漲漲跌漲,09:00,23,10.871593369565218,0.689152422959168
C,漲漲跌漲,09:30,20,15.352957865357643,1.190979065041445
C,漲漲跌漲,10:00,21,7.980478505123569,0.6320097196853902
C,漲漲跌漲,10:30,24,-0.9062129943337238,-0.0768277787727949
C,漲漲跌漲,11:00,22,-3.0215698356683873,-0.2921230424564069
C,漲漲跌漲,11:30,23,-1.3025504347826085,-0.16298805992054996
C,漲漲跌漲,12:00,24,0.28385578878088547,0.04768253735899679
C,漲漲跌漲,12:30,23,5.669228212560387,1.1172583047023796
C,漲漲跌漲,13:00,24,5.272064987935194,1.594809321831336
C,漲漲跌跌,09:00,18,-29.561115277777773,-1.6118853961420223
C,漲漲跌跌,09:30,20,-30.817876973352032,-1.9015454462191097
C,漲漲跌跌,10:00,20,-32.29944020253164,-1.8850166305396017
C,漲漲跌跌,10:30,17,-27.63565484449348,-1.2956968389868908
C,漲漲跌跌,11:00,18,-3.7988776387279493,-0.25486571619143067
C,漲漲跌跌,11:30,18,8.40939645833333,0.35561961518593965
C,漲漲跌跌,12:00,15,-14.64918260510328,-1.1399226742275528
C,漲漲跌跌,12:30,18,4.674145291384575,0.21848197946217354
C,漲漲跌跌,13:00,17,-4.778487058823529,-1.1500417278156783
C,漲跌漲漲,09:00,18,-6.6369026388888885,-0.49786540711556776
C,漲跌漲漲,09:30,18,23.85417165186224,1.5813111032272158
C,漲跌漲漲,10:00,19,11.135257841439042,0.7832325995595228
C,漲跌漲漲,10:30,20,20.797187853458382,1.8518506033790048
C,漲跌漲漲,11:00,19,16.479060202476063,2.067755160905214
C,漲跌漲漲,11:30,22,6.048948693181817,1.0523796793290485
C,漲跌漲漲,12:00,20,3.300044168894292,0.5420636236108487
C,漲跌漲漲,12:30,20,5.57105133213859,1.1781423491788678
C,漲跌漲漲,13:00,21,2.0910236903530803,0.7292910412465854
C,漲跌漲跌,09:00,15,18.10970783333334,0.8801059914311958
C,漲跌漲跌,09:30,15,-14.43155062178588,-0.9087139685555139
C,漲跌漲跌,10:00,15,-7.436394902953585,-0.4181013628561355
C,漲跌漲跌,10:30,14,-11.468147283537096,-0.7709278889833884
C,漲跌漲跌,11:00,15,-13.436975864040171,-1.5818716840721458
C,漲跌漲跌,11:30,12,-16.301979583333335,-1.6820752121600209
C,漲跌漲跌,12:00,13,-9.119743076923076,-1.0575644566475604
C,漲跌漲跌,12:30,14,-4.203731428571429,-0.8116322656804024
C,漲跌漲跌,13:00,13,-3.806813846153846,-1.3854604011023244
C,漲跌跌漲,09:00,17,-4.597877794117644,-0.29190763894086097
C,漲跌跌漲,09:30,20,-31.28096695652174,-3.1275111059178746
C,漲跌跌漲,10:00,21,-24.44101481615431,-2.4614260384989777
C,漲跌跌漲,10:30,19,-28.088438400691057,-2.762132341585892
C,漲跌跌漲,11:00,16,-10.519709524913093,-1.1045173370007932
C,漲跌跌漲,11:30,15,-10.529480583333335,-1.401527723533085
C,漲跌跌漲,12:00,17,-18.404416386248297,-2.1480657742304246
C,漲跌跌漲,12:30,16,-10.527921478494623,-1.6758460371637893
C,漲跌跌漲,13:00,16,-7.396641869183038,-3.049570855560455
C,漲跌跌跌,09:00,11,-8.852663863636366,-0.5768476050520709
C,漲跌跌跌,09:30,8,-10.414536384992985,-0.6078868201885695
C,漲跌跌跌,10:00,6,0.34455130801687756,0.013975554924502611
C,漲跌跌跌,10:30,9,-3.7618327966653644,-0.28731059320751673
C,漲跌跌跌,11:00,11,-1.1275324997366487,-0.11303475727805688
C,漲跌跌跌,11:30,11,-15.24078340909091,-2.299508091120641
C,漲跌跌跌,12:00,11,-8.615515683198936,-1.0608035216857699
C,漲跌跌跌,12:30,12,-7.320826385902031,-2.2951872190743767
C,漲跌跌跌,13:00,10,-3.610547410548084,-0.712035147113513
C,跌漲漲漲,09:00,24,-10.027272708333335,-0.5186056099223152
C,跌漲漲漲,09:30,20,13.58732176157083,0.8305189110751524
C,跌漲漲漲,10:00,21,15.589004508740205,1.1058487158862744
C,跌漲漲漲,10:30,21,4.971202212917992,0.3998318096887912
C,跌漲漲漲,11:00,25,5.526918111703362,0.5364807282445636
C,跌漲漲漲,11:30,26,8.485317115384614,0.9003212336436384
C,跌漲漲漲,12:00,24,3.4464578088294893,0.3728480380554718
C,跌漲漲漲,12:30,24,3.210823782357627,0.5755311276061214
C,跌漲漲漲,13:00,24,-0.39199720355049905,-0.1175132856882876
C,跌漲漲跌,09:00,19,15.179326052631575,0.8945533308120588
C,跌漲漲跌,09:30,23,0.6160260454905778,0.039835913754608425
C,跌漲漲跌,10:00,22,-7.62964240506329,-0.6545571930102412
C,跌漲漲跌,10:30,22,-8.781960584034955,-0.9176859650542414
C,跌漲漲跌,11:00,17,-5.521433936336991,-0.5494388288847978
C,跌漲漲跌,11:30,15,-5.368489666666664,-0.6632683432503513
C,跌漲漲跌,12:00,16,-5.623128224483594,-0.6510237034864053
C,跌漲漲跌,12:30,17,-2.7135850980392155,-0.33374438318922034
C,跌漲漲跌,13:00,17,-1.5128482523267834,-0.24646291238685913
C,跌漲跌漲,09:00,14,9.230135357142858,0.42318612782261655
C,跌漲跌漲,09:30,17,-3.383614023595411,-0.3363012442519481
C,跌漲跌漲,10:00,14,9.624928155515368,1.036396704214488
C,跌漲跌漲,10:30,15,-4.378010158655726,-0.3933187318583968
C,跌漲跌漲,11:00,14,4.291600589306408,0.485178784400534
C,跌漲跌漲,11:30,15,-2.0407824166666675,-0.2506418883719739
C,跌漲跌漲,12:00,14,-0.816512341607357,-0.09780403746639567
C,跌漲跌漲,12:30,14,-1.8696245775729636,-0.2541528080615828
C,跌漲跌漲,13:00,16,0.39463090744570894,0.09438005729581148
C,跌漲跌跌,09:00,14,-37.66919482142857,-1.9445037139682106
C,跌漲跌跌,09:30,10,-37.71038160448808,-1.2056075679517748
C,跌漲跌跌,10:00,14,-41.72634079566003,-2.2972995845214204
C,跌漲跌跌,10:30,13,-30.176827288303723,-1.9730479914513053
C,跌漲跌跌,11:00,14,-22.084608980301272,-1.8014280062803167
C,跌漲跌跌,11:30,11,-26.021891704545453,-1.6939935995951487
C,跌漲跌跌,12:00,13,-16.911876547340874,-1.3873303505110564
C,跌漲跌跌,12:30,13,0.5449580516496636,0.03631143777200051
C,跌漲跌跌,13:00,12,-4.38354,-0.575067889342344
C,跌跌漲漲,09:00,15,-10.622441000000002,-0.5257672587430691
C,跌跌漲漲,09:30,17,16.561711515551526,0.8446796367729558
C,跌跌漲漲,10:00,17,5.712464274013408,0.2517421333073527
C,跌跌漲漲,10:30,16,-7.549292334407973,-0.4013129491708965
C,跌跌漲漲,11:00,14,-1.1418854477735445,-0.07419841736120213
C,跌跌漲漲,11:30,15,3.3929078333333345,0.2758409661685137
C,跌跌漲漲,12:00,16,-0.2338607503037622,-0.018221415102239274
C,跌跌漲漲,12:30,16,-2.9760807078853055,-0.38647648692908576
C,跌跌漲漲,13:00,14,-1.6079899999999998,-0.3683672752309713
C,跌跌漲跌,09:00,10,30.71077225000001,0.8471356340359625
C,跌跌漲跌,09:30,8,-6.242815799438997,-0.25894358398024875
C,跌跌漲跌,10:00,9,15.789162784810129,0.793403392777712
C,跌跌漲跌,10:30,10,22.83690129660024,1.0553295328686356
C,跌跌漲跌,11:00,12,1.079349044032444,0.0675437276216554
C,跌跌漲跌,11:30,10,-25.849177125,-2.667463591862907
C,跌跌漲跌,12:00,10,-14.223559358444712,-1.27723999835013
C,跌跌漲跌,12:30,10,-7.448456258064515,-0.4635105508265522
C,跌跌漲跌,13:00,12,-6.926066175456737,-1.6440962375091728
C,跌跌跌漲,09:00,14,-3.617987857142856,-0.20054637974864678
C,跌跌跌漲,09:30,13,3.4789960254612162,0.2447744818961592
C,跌跌跌漲,10:00,13,-10.717376163583252,-0.701634933059599
C,跌跌跌漲,10:30,10,-0.4751019999999997,-0.03284718900269946
C,跌跌跌漲,11:00,11,-1.1515313114926742,-0.0706261280041189
C,跌跌跌漲,11:30,11,9.37753352272727,0.6823722277404336
C,跌跌跌漲,12:00,11,2.877668264663648,0.2411369019653313
C,跌跌跌漲,12:30,9,12.49885777777778,1.3712485976408026
C,跌跌跌漲,13:00,10,2.908629131334024,0.5274440092361603
C,跌跌跌跌,09:00,3,-10.674853333333331,-0.3724471878126286
C,跌跌跌跌,09:30,5,-39.85043589340813,-1.4376724917989456
C,跌跌跌跌,10:00,5,-5.82723944303797,-0.17073272365331618
C,跌跌跌跌,10:30,8,-8.92825318581477,-0.5269556494843818
C,跌跌跌跌,11:00,6,-14.485853333333333,-1.0953919682986777
C,跌跌跌跌,11:30,5,-24.4143305,-1.455206348540258
C,跌跌跌跌,12:00,6,-0.8534387606318313,-0.11489403213722209
C,跌跌跌跌,12:30,9,-7.903353333333333,-1.4191081499601794
C,跌跌跌跌,13:00,8,-6.107695,-1.0438911798633879
P,漲漲漲漲,09:00,22,-41.16519255957633,-3.015922041485136
P,漲漲漲漲,09:30,24,-25.92586606388088,-2.1856578199773002
P,漲漲漲漲,10:00,22,-28.982911049519586,-2.604215138735546
P,漲漲漲漲,10:30,20,-13.92886465060241,-1.5995166532113487
P,漲漲漲漲,11:00,20,-24.420103754716983,-3.301713344206629
P,漲漲漲漲,11:30,25,-17.05380650277078,-3.0934165357489967
P,漲漲漲漲,12:00,24,-18.311973569277104,-3.745413659850673
P,漲漲漲漲,12:30,21,-15.11588543778802,-4.0926158399244885
P,漲漲漲漲,13:00,24,-9.2582694335512,-3.2447924922416655
P,漲漲漲跌,09:00,11,-48.27273537511032,-2.4757191740521463
P,漲漲漲跌,09:30,11,-17.386228048205385,-0.7068425027315108
P,漲漲漲跌,10:00,14,-20.234812241579558,-1.0332371363540014
P,漲漲漲跌,10:30,13,-22.01714676552364,-1.0545970749485054
P,漲漲漲跌,11:00,13,-8.154868476052245,-0.48980402100573334
P,漲漲漲跌,11:30,10,-11.302757239294701,-0.6920754271149087
P,漲漲漲跌,12:00,9,-13.141700441767064,-0.8739143634073652
P,漲漲漲跌,12:30,10,-13.113299064516122,-1.5629123728107226
P,漲漲漲跌,13:00,10,-8.137691437908497,-1.19566986400419
P,漲漲跌漲,09:00,23,-19.83628525116082,-1.1175931157711596
P,漲漲跌漲,09:30,20,-21.328122755043218,-1.7907754160536575
P,漲漲跌漲,10:00,21,-11.646233031358884,-0.8014660830756474
P,漲漲跌漲,10:30,22,-5.54625383351588,-0.43082933572836657
P,漲漲跌漲,11:00,20,0.3046430377358515,0.027133158691287795
P,漲漲跌漲,11:30,22,-2.840940501488434,-0.28378494165747686
P,漲漲跌漲,12:00,23,-4.5814247511786235,-0.8588271819862469
P,漲漲跌漲,12:30,21,-13.005466835637476,-2.72252096660067
P,漲漲跌漲,13:00,22,-9.727842144979205,-3.4168287394722165
P,漲漲跌跌,09:00,18,38.302401844660196,1.099856679930095
P,漲漲跌跌,09:30,20,43.697501636887615,1.3880080163444646
P,漲漲跌跌,10:00,20,34.60205730894309,1.3861173984870605
P,漲漲跌跌,10:30,17,21.938485981573354,0.9790545942319977
P,漲漲跌跌,11:00,18,-9.218544968553456,-0.5342229949770129
P,漲漲跌跌,11:30,18,-7.679944130982362,-0.4279140879343149
P,漲漲跌跌,12:00,15,5.057395550200808,0.3088410710956662
P,漲漲跌跌,12:30,18,-3.3975235663082386,-0.23557301211753404
P,漲漲跌跌,13:00,17,-2.9978884429065764,-0.6176712385396583
P,漲跌漲漲,09:00,18,4.530463980582534,0.20656683763519093
P,漲跌漲漲,09:30,18,-30.99596489273134,-2.113902129057962
P,漲跌漲漲,10:00,19,-20.15335911852803,-1.4340349052499237
P,漲跌漲漲,10:30,20,-27.650262301204815,-2.4911461668336647
P,漲跌漲漲,11:00,18,-21.430695387840668,-2.6595599616116217
P,漲跌漲漲,11:30,20,-11.733534161209064,-1.9034810898987993
P,漲跌漲漲,12:00,19,-8.421008046924538,-1.306187625947658
P,漲跌漲漲,12:30,20,-10.88194774193548,-2.259383024335062
P,漲跌漲漲,13:00,20,-8.170602156862746,-2.9567137709029874
P,漲跌漲跌,09:00,15,-24.93491867961164,-1.432779224059288
P,漲跌漲跌,09:30,15,11.306334105667634,0.5701892809296045
P,漲跌漲跌,10:00,15,-1.0441650731707304,-0.058939699057575214
P,漲跌漲跌,10:30,14,4.090966609294319,0.26975837489921217
P,漲跌漲跌,11:00,15,7.142022188679247,0.8582083676291395
P,漲跌漲跌,11:30,12,10.98757712846348,1.1742361453754526
P,漲跌漲跌,12:00,13,2.532124856348476,0.28169292803734985
P,漲跌漲跌,12:30,13,0.345894243176182,0.061585831333273826
P,漲跌漲跌,13:00,12,0.5511145969498926,0.17088644102200226
P,漲跌跌漲,09:00,17,-8.688546179326092,-0.5946197354610022
P,漲跌跌漲,09:30,20,20.653111066282428,2.099681630900494
P,漲跌跌漲,10:00,21,16.61125727448703,1.6189829070128752
P,漲跌跌漲,10:30,19,20.60087903614458,2.0216356292835487
P,漲跌跌漲,11:00,17,9.83636967813541,0.9005685262726264
P,漲跌跌漲,11:30,16,3.9264068198992503,0.5522681523199292
P,漲跌跌漲,12:00,17,11.553061226080802,1.4222330957586475
P,漲跌跌漲,12:30,16,5.059511149193553,0.8044889685204718
P,漲跌跌漲,13:00,16,-0.0902638888888888,-0.031321614299238826
P,漲跌跌跌,09:00,11,-13.598458340688431,-0.7045301343752489
P,漲跌跌跌,09:30,8,-2.194982802593648,-0.1148743355089678
P,漲跌跌跌,10:00,6,-12.619699403794039,-0.46665881449121566
P,漲跌跌跌,10:30,9,-6.968703052208839,-0.448093840495308
P,漲跌跌跌,11:00,11,-7.985639142367063,-0.6617369372456376
P,漲跌跌跌,11:30,11,8.890006787268153,1.3259205503497349
P,漲跌跌跌,12:00,11,2.795927623220161,0.34432043974272597
P,漲跌跌跌,12:30,12,2.101795403225812,0.6878680644826779
P,漲跌跌跌,13:00,12,-4.879392995642702,-0.8060436561891133
P,跌漲漲漲,09:00,24,2.748101343042084,0.13960888161634283
P,跌漲漲漲,09:30,20,-18.367485740634,-1.0960731246165447
P,跌漲漲漲,10:00,21,-22.710448447541616,-1.6869818263714176
P,跌漲漲漲,10:30,20,-13.578007132530121,-1.0377867609612026
P,跌漲漲漲,11:00,24,-5.543669088050311,-0.5719749556137244
P,跌漲漲漲,11:30,26,-13.699344212361941,-1.4485564544671938
P,跌漲漲漲,12:00,24,-10.476445637550196,-1.112908332131835
P,跌漲漲漲,12:30,24,-10.200531895161289,-1.7284943746075478
P,跌漲漲漲,13:00,23,-5.169594214265417,-1.4896160463579187
P,跌漲漲跌,09:00,19,-20.599289013796618,-1.045900960970649
P,跌漲漲跌,09:30,23,-8.533499158000243,-0.5214978462774537
P,跌漲漲跌,10:00,22,0.4174057649667402,0.03851397377781965
P,跌漲漲跌,10:30,22,1.8811015772179636,0.20074386762439544
P,跌漲漲跌,11:00,17,-1.5123126304106511,-0.15073249228466284
P,跌漲漲跌,11:30,16,1.1177739924433316,0.14977449184925057
P,跌漲漲跌,12:00,17,0.5203474486180057,0.0660085799880711
P,跌漲漲跌,12:30,18,-1.6414270788530427,-0.21644192036158166
P,跌漲漲跌,13:00,18,-1.7946436891793738,-0.31254768416200207
P,跌漲跌漲,09:00,14,-16.511856088765594,-0.7631181150635966
P,跌漲跌漲,09:30,17,-5.1605987489404885,-0.5031024564867163
P,跌漲跌漲,10:00,14,-16.217812729384438,-1.6751630977158578
P,跌漲跌漲,10:30,15,1.0061185220883564,0.0757869502976352
P,跌漲跌漲,11:00,13,-7.796064586357038,-0.8317967336024142
P,跌漲跌漲,11:30,14,-7.599903008276356,-1.056509369996497
P,跌漲跌漲,12:00,11,-10.760087513691127,-1.2590398575041521
P,跌漲跌漲,12:30,13,-4.614564416873446,-0.5942786542281854
P,跌漲跌漲,13:00,16,-4.66081593137255,-1.0904543200987828
P,跌漲跌跌,09:00,14,44.61742969486826,1.5482085562926826
P,跌漲跌跌,09:30,10,39.67557734870318,1.2573210331133302
P,跌漲跌跌,10:00,14,35.89486357723577,1.902965914915127
P,跌漲跌跌,10:30,13,22.7022328081557,1.5132804475749975
P,跌漲跌跌,11:00,14,19.735734824797852,1.4596818098591209
P,跌漲跌跌,11:30,13,12.455178066266232,0.8931650422613815
P,跌漲跌跌,12:00,14,8.152436282271951,0.6506425259244952
P,跌漲跌跌,12:30,14,-7.31078347926267,-0.511068073101917
P,跌漲跌跌,13:00,12,0.762501938997821,0.08867238061379502
P,跌跌漲漲,09:00,15,-0.009497579288015838,-0.000503566843960419
P,跌跌漲漲,09:30,16,-18.5194283573487,-1.1701671462793508
P,跌跌漲漲,10:00,17,-8.960022792922043,-0.5070730900870809
P,跌跌漲漲,10:30,16,2.8317627710843385,0.1513919614469471
P,跌跌漲漲,11:00,14,-3.4996769272237143,-0.25932745084936076
P,跌跌漲漲,11:30,15,-8.583272920235093,-0.6854416994145113
P,跌跌漲漲,12:00,12,-5.7466019277108416,-0.34193365620288785
P,跌跌漲漲,12:30,16,-2.2656974193548356,-0.3034383993666731
P,跌跌漲漲,13:00,14,-4.531276647992532,-1.214686642632419
P,跌跌漲跌,09:00,9,-36.587542783171514,-1.1717970053739584
P,跌跌漲跌,09:30,9,-25.82446130003201,-0.9951968290767048
P,跌跌漲跌,10:00,9,-31.162618897922318,-1.312414665117222
P,跌跌漲跌,10:30,10,-34.23513896385542,-1.4639633873231537
P,跌跌漲跌,11:00,12,-9.964869968553455,-0.6574184015076515
P,跌跌漲跌,11:30,9,20.8348225804646,1.9992816143029195
P,跌跌漲跌,12:00,9,6.027803708166001,0.5110390789362623
P,跌跌漲跌,12:30,10,-0.4556707741935419,-0.02866511511817223
P,跌跌漲跌,13:00,12,2.6552750000000023,0.535098332924799
P,跌跌跌漲,09:00,14,-3.2990169625519985,-0.16725387737734856
P,跌跌跌漲,09:30,13,-12.89203900687208,-0.9621386185887527
P,跌跌跌漲,10:00,13,4.5207011632270175,0.30411065408391263
P,跌跌跌漲,10:30,10,-5.938214048192769,-0.4037424694356673
P,跌跌跌漲,11:00,11,-4.2779055574614,-0.26566341100593943
P,跌跌跌漲,11:30,11,-14.195156583466906,-1.0422416415053928
P,跌跌跌漲,12:00,10,-1.1975545301204775,-0.09890779895000774
P,跌跌跌漲,12:30,6,-12.774143655913969,-1.8373597273239801
P,跌跌跌漲,13:00,10,-7.008442941176469,-1.4335744461735827
P,跌跌跌跌,09:00,3,4.1667453721682906,0.14668175908762793
P,跌跌跌跌,09:30,5,37.01695754466859,1.3005838473794538
P,跌跌跌跌,10:00,5,0.6931126178861746,0.019284494191523168
P,跌跌跌跌,10:30,8,-1.2105730722891543,-0.07224541739613333
P,跌跌跌跌,11:00,6,9.348313333333333,0.7186864425085414
P,跌跌跌跌,11:30,7,12.914988549838073,1.0241356095086964
P,跌跌跌跌,12:00,7,2.3521020137693722,0.2657217212936739
P,跌跌跌跌,12:30,9,3.5778841218638013,0.6443461565174808
P,跌跌跌跌,13:00,8,4.52243,0.9042912510968393
