date,F_night_open,t_night_open
2017-05-17,10007.0,2017-05-16 15:00:00
2017-05-24,9990.0,2017-05-23 15:00:00
2017-05-31,10094.0,2017-05-26 15:00:00
2017-06-07,10187.0,2017-06-06 15:00:00
2017-06-14,10136.0,2017-06-13 15:00:00
2017-06-21,10321.0,2017-06-20 15:00:00
2017-06-28,10360.0,2017-06-27 15:00:00
2017-07-05,10215.0,2017-07-04 15:00:00
2017-07-12,10345.0,2017-07-11 15:00:00
2017-07-19,10464.0,2017-07-18 15:00:00
2017-07-26,10356.0,2017-07-25 15:00:00
2017-08-02,10373.0,2017-08-01 15:00:00
2017-08-09,10525.0,2017-08-08 15:00:00
2017-08-16,10307.0,2017-08-15 15:00:00
2017-08-23,10355.0,2017-08-22 15:00:00
2017-08-30,10473.0,2017-08-29 15:00:00
2017-09-06,10581.0,2017-09-05 15:00:00
2017-09-13,10596.0,2017-09-12 15:00:00
2017-09-20,10572.0,2017-09-19 15:00:00
2017-09-27,10269.0,2017-09-26 15:00:00
2017-10-05,10455.0,2017-10-03 15:00:00
2017-10-11,10519.0,2017-10-06 15:00:00
2017-10-18,10717.0,2017-10-17 15:00:00
2017-10-25,10740.0,2017-10-24 15:00:00
2017-11-01,10781.0,2017-10-31 15:00:00
2017-11-08,10827.0,2017-11-07 15:00:00
2017-11-15,10682.0,2017-11-14 15:00:00
2017-11-22,10788.0,2017-11-21 15:00:00
2017-11-29,10711.0,2017-11-28 15:00:00
2017-12-06,10568.0,2017-12-05 15:00:00
2017-12-13,10430.0,2017-12-12 15:00:00
2017-12-20,10461.0,2017-12-19 15:00:00
2017-12-27,10419.0,2017-12-26 15:00:00
2018-01-03,10715.0,2018-01-02 15:00:00
2018-01-10,10889.0,2018-01-09 15:00:00
2018-01-17,10986.0,2018-01-16 15:00:00
2018-01-24,11228.0,2018-01-23 15:00:00
2018-01-31,11079.0,2018-01-30 15:00:00
2018-02-07,10418.0,2018-02-06 15:00:00
2018-02-21,10405.0,2018-02-12 15:00:00
2018-03-01,10789.0,2018-02-27 15:00:00
2018-03-07,10793.0,2018-03-06 15:00:00
2018-03-14,11094.0,2018-03-13 15:00:00
2018-03-21,11019.0,2018-03-20 15:00:00
2018-03-28,10997.0,2018-03-27 15:00:00
2018-04-09,10797.0,2018-04-03 15:00:00
2018-04-11,10963.0,2018-04-10 15:00:00
2018-04-18,10807.0,2018-04-17 15:00:00
2018-04-25,10578.0,2018-04-24 15:00:00
2018-05-02,10643.0,2018-04-30 15:00:00
2018-05-09,10673.0,2018-05-08 15:00:00
2018-05-16,10866.0,2018-05-15 15:00:00
2018-05-23,10923.0,2018-05-22 15:00:00
2018-05-30,10916.0,2018-05-29 15:00:00
2018-06-06,11070.0,2018-06-05 15:00:00
2018-06-13,11143.0,2018-06-12 15:00:00
2018-06-20,10841.0,2018-06-19 15:00:00
2018-06-27,10589.0,2018-06-26 15:00:00
2018-07-04,10624.0,2018-07-03 15:00:00
2018-07-11,,
2018-07-18,10766.0,2018-07-17 15:00:00
2018-07-25,10864.0,2018-07-24 15:00:00
2018-08-01,10982.0,2018-07-31 15:00:00
2018-08-08,10984.0,2018-08-07 15:00:00
2018-08-15,10831.0,2018-08-14 15:00:00
2018-08-22,10761.0,2018-08-21 15:00:00
2018-08-29,10957.0,2018-08-28 15:00:00
2018-09-05,11008.0,2018-09-04 15:00:00
2018-09-12,10736.0,2018-09-11 15:00:00
2018-09-19,10813.0,2018-09-18 15:00:00
2018-09-26,10987.0,2018-09-25 15:00:00
2018-10-03,10863.0,2018-10-02 15:00:00
2018-10-11,10460.0,2018-10-09 15:00:00
2018-10-17,9945.0,2018-10-16 15:00:00
2018-10-24,9709.0,2018-10-23 15:00:00
2018-10-31,9510.0,2018-10-30 15:00:00
2018-11-07,9784.0,2018-11-06 15:00:00
2018-11-14,9730.0,2018-11-13 15:00:00
2018-11-21,9735.0,2018-11-20 15:00:00
2018-11-28,9729.0,2018-11-27 15:00:00
2018-12-05,10043.0,2018-12-04 15:00:00
2018-12-12,9688.0,2018-12-11 15:00:00
2018-12-19,9727.0,2018-12-18 15:00:00
2018-12-26,9481.0,2018-12-25 15:00:00
2019-01-02,9660.0,2018-12-28 15:00:00
2019-01-09,9560.0,2019-01-08 15:00:00
2019-01-16,9805.0,2019-01-15 15:00:00
2019-01-23,9851.0,2019-01-22 15:00:00
2019-01-30,9925.0,2019-01-29 15:00:00
2019-02-11,9924.0,2019-01-30 15:00:00
2019-02-13,10089.0,2019-02-12 15:00:00
2019-02-20,10148.0,2019-02-19 15:00:00
2019-02-27,10352.0,2019-02-26 15:00:00
2019-03-06,10283.0,2019-03-05 15:00:00
2019-03-13,10348.0,2019-03-12 15:00:00
2019-03-20,10505.0,2019-03-19 15:00:00
2019-03-27,10518.0,2019-03-26 15:00:00
2019-04-03,10682.0,2019-04-02 15:00:00
2019-04-10,10847.0,2019-04-09 15:00:00
2019-04-17,10930.0,2019-04-16 15:00:00
2019-04-24,11025.0,2019-04-23 15:00:00
2019-05-02,10952.0,2019-04-30 15:00:00
2019-05-08,10992.0,2019-05-07 15:00:00
2019-05-15,10524.0,2019-05-14 15:00:00
2019-05-22,10482.0,2019-05-21 15:00:00
2019-05-29,10329.0,2019-05-28 15:00:00
2019-06-05,10411.0,2019-06-04 15:00:00
2019-06-12,10591.0,2019-06-11 15:00:00
2019-06-19,10557.0,2019-06-18 15:00:00
2019-06-26,10545.0,2019-06-25 15:00:00
2019-07-03,10750.0,2019-07-02 15:00:00
2019-07-10,10646.0,2019-07-09 15:00:00
2019-07-17,10870.0,2019-07-16 15:00:00
2019-07-24,10803.0,2019-07-23 15:00:00
2019-07-31,10743.0,2019-07-30 15:00:00
2019-08-07,10337.0,2019-08-06 15:00:00
2019-08-14,10330.0,2019-08-13 15:00:00
2019-08-21,10520.0,2019-08-20 15:00:00
2019-08-28,10365.0,2019-08-27 15:00:00
2019-09-04,10540.0,2019-09-03 15:00:00
2019-09-11,10749.0,2019-09-10 15:00:00
2019-09-18,10865.0,2019-09-17 15:00:00
2019-09-25,10907.0,2019-09-24 15:00:00
2019-10-02,10957.0,2019-10-01 15:00:00
2019-10-09,11009.0,2019-10-08 15:00:00
2019-10-16,11117.0,2019-10-15 15:00:00
2019-10-23,11242.0,2019-10-22 15:00:00
2019-10-30,11324.0,2019-10-29 15:00:00
2019-11-06,11633.0,2019-11-05 15:00:00
2019-11-13,11523.0,2019-11-12 15:00:00
2019-11-20,11654.0,2019-11-19 15:00:00
2019-11-27,11618.0,2019-11-26 15:00:00
2019-12-04,11527.0,2019-12-03 15:00:00
2019-12-11,11616.0,2019-12-10 15:00:00
2019-12-18,12088.0,2019-12-17 15:00:00
2019-12-25,11980.0,2019-12-24 15:00:00
2020-01-02,11996.0,2019-12-31 15:00:00
2020-01-08,11867.0,2020-01-07 15:00:00
2020-01-15,12174.0,2020-01-14 15:00:00
2020-01-30,12116.0,2020-01-20 15:00:00
2020-02-05,11541.0,2020-02-04 15:00:00
2020-02-12,11657.0,2020-02-11 15:00:00
2020-02-19,11627.0,2020-02-18 15:00:00
2020-02-26,11549.0,2020-02-25 15:00:00
2020-03-04,11331.0,2020-03-03 15:00:00
2020-03-11,10962.0,2020-03-10 15:00:00
2020-03-18,9396.0,2020-03-17 15:00:00
2020-03-25,9289.0,2020-03-24 15:00:00
2020-04-01,9630.0,2020-03-31 15:00:00
2020-04-08,10085.0,2020-04-07 15:00:00
2020-04-15,10338.0,2020-04-14 15:00:00
2020-04-22,10231.0,2020-04-21 15:00:00
2020-04-29,10576.0,2020-04-28 15:00:00
2020-05-06,10732.0,2020-05-05 15:00:00
2020-05-13,10850.0,2020-05-12 15:00:00
2020-05-20,10918.0,2020-05-19 15:00:00
2020-05-27,11002.0,2020-05-26 15:00:00
2020-06-03,11112.0,2020-06-02 15:00:00
2020-06-10,11603.0,2020-06-09 15:00:00
2020-06-17,11500.0,2020-06-16 15:00:00
2020-06-24,11470.0,2020-06-23 15:00:00
2020-07-01,11454.0,2020-06-30 15:00:00
2020-07-08,12010.0,2020-07-07 15:00:00
2020-07-15,12206.0,2020-07-14 15:00:00
2020-07-22,12298.0,2020-07-21 15:00:00
2020-07-29,12458.0,2020-07-28 15:00:00
2020-08-05,12662.0,2020-08-04 15:00:00
2020-08-12,12707.0,2020-08-11 15:00:00
2020-08-19,12855.0,2020-08-18 15:00:00
2020-08-26,12736.0,2020-08-25 15:00:00
2020-09-02,12694.0,2020-09-01 15:00:00
2020-09-09,12681.0,2020-09-08 15:00:00
2020-09-16,12845.0,2020-09-15 15:00:00
2020-09-23,12500.0,2020-09-22 15:00:00
2020-09-30,12409.0,2020-09-29 15:00:00
2020-10-07,12679.0,2020-10-06 15:00:00
2020-10-14,12908.0,2020-10-13 15:00:00
2020-10-21,12868.0,2020-10-20 15:00:00
2020-10-28,12813.0,2020-10-27 15:00:00
2020-11-04,12696.0,2020-11-03 15:00:00
2020-11-11,13090.0,2020-11-10 15:00:00
2020-11-18,13631.0,2020-11-17 15:00:00
2020-11-25,13797.0,2020-11-24 15:00:00
2020-12-02,13861.0,2020-12-01 15:00:00
2020-12-09,14333.0,2020-12-08 15:00:00
2020-12-16,14099.0,2020-12-15 15:00:00
2020-12-23,14036.0,2020-12-22 15:00:00
2020-12-30,14461.0,2020-12-29 15:00:00
2021-01-06,15003.0,2021-01-05 15:00:00
2021-01-13,15500.0,2021-01-12 15:00:00
2021-01-20,15871.0,2021-01-19 15:00:00
2021-01-27,15615.0,2021-01-26 15:00:00
2021-02-03,15732.0,2021-02-02 15:00:00
2021-02-17,15803.0,2021-02-05 15:00:00
2021-02-24,16416.0,2021-02-23 15:00:00
2021-03-03,15935.0,2021-03-02 15:00:00
2021-03-10,15778.0,2021-03-09 15:00:00
2021-03-17,16325.0,2021-03-16 15:00:00
2021-03-24,16123.0,2021-03-23 15:00:00
2021-03-31,16526.0,2021-03-30 15:00:00
2021-04-07,16742.0,2021-04-06 15:00:00
2021-04-14,16807.0,2021-04-13 15:00:00
2021-04-21,17305.0,2021-04-20 15:00:00
2021-04-28,17561.0,2021-04-27 15:00:00
2021-05-05,16943.0,2021-05-04 15:00:00
2021-05-12,16569.0,2021-05-11 15:00:00
2021-05-19,16164.0,2021-05-18 15:00:00
2021-05-26,16624.0,2021-05-25 15:00:00
2021-06-02,17157.0,2021-06-01 15:00:00
2021-06-09,17077.0,2021-06-08 15:00:00
2021-06-16,17408.0,2021-06-15 15:00:00
2021-06-23,17020.0,2021-06-22 15:00:00
2021-06-30,17527.0,2021-06-29 15:00:00
2021-07-07,17890.0,2021-07-06 15:00:00
2021-07-14,17862.0,2021-07-13 15:00:00
2021-07-21,17584.0,2021-07-20 15:00:00
2021-07-28,17146.0,2021-07-27 15:00:00
2021-08-04,17490.0,2021-08-03 15:00:00
2021-08-11,17300.0,2021-08-10 15:00:00
2021-08-18,16556.0,2021-08-17 15:00:00
2021-08-25,16803.0,2021-08-24 15:00:00
2021-09-01,17470.0,2021-08-31 15:00:00
2021-09-08,17424.0,2021-09-07 15:00:00
2021-09-15,17411.0,2021-09-14 15:00:00
2021-09-22,17300.0,2021-09-17 15:00:00
2021-09-29,17130.0,2021-09-28 15:00:00
2021-10-06,16381.0,2021-10-05 15:00:00
2021-10-13,16389.0,2021-10-12 15:00:00
2021-10-20,16933.0,2021-10-19 15:00:00
2021-10-27,17044.0,2021-10-26 15:00:00
2021-11-03,17047.0,2021-11-02 15:00:00
2021-11-10,17560.0,2021-11-09 15:00:00
2021-11-17,17712.0,2021-11-16 15:00:00
2021-11-24,17658.0,2021-11-23 15:00:00
2021-12-01,17291.0,2021-11-30 15:00:00
2021-12-08,17805.0,2021-12-07 15:00:00
2021-12-15,17590.0,2021-12-14 15:00:00
2021-12-22,17812.0,2021-12-21 15:00:00
2021-12-29,18216.0,2021-12-28 15:00:00
2022-01-05,18516.0,2022-01-04 15:00:00
2022-01-12,18250.0,2022-01-11 15:00:00
2022-01-19,18360.0,2022-01-18 15:00:00
2022-01-26,17645.0,2022-01-25 15:00:00
2022-02-07,17627.0,2022-01-26 15:00:00
2022-02-09,17967.0,2022-02-08 15:00:00
2022-02-16,17970.0,2022-02-15 15:00:00
2022-02-23,17863.0,2022-02-22 15:00:00
2022-03-02,17948.0,2022-03-01 15:00:00
2022-03-09,16688.0,2022-03-08 15:00:00
2022-03-16,16846.0,2022-03-15 15:00:00
2022-03-23,17534.0,2022-03-22 15:00:00
2022-03-30,17550.0,2022-03-29 15:00:00
2022-04-06,17568.0,2022-04-01 15:00:00
2022-04-13,17016.0,2022-04-12 15:00:00
2022-04-20,17004.0,2022-04-19 15:00:00
2022-04-27,16565.0,2022-04-26 15:00:00
2022-05-04,16431.0,2022-05-03 15:00:00
2022-05-11,16111.0,2022-05-10 15:00:00
2022-05-18,16100.0,2022-05-17 15:00:00
2022-05-25,15905.0,2022-05-24 15:00:00
2022-06-01,16645.0,2022-05-31 15:00:00
2022-06-08,16465.0,2022-06-07 15:00:00
2022-06-15,16050.0,2022-06-14 15:00:00
2022-06-22,15316.0,2022-06-21 15:00:00
2022-06-29,15250.0,2022-06-28 15:00:00
2022-07-06,14227.0,2022-07-05 15:00:00
2022-07-13,13914.0,2022-07-12 15:00:00
2022-07-20,14677.0,2022-07-19 15:00:00
2022-07-27,14699.0,2022-07-26 15:00:00
2022-08-03,14651.0,2022-08-02 15:00:00
2022-08-10,15025.0,2022-08-09 15:00:00
2022-08-17,15415.0,2022-08-16 15:00:00
2022-08-24,15003.0,2022-08-23 15:00:00
2022-08-31,14960.0,2022-08-30 15:00:00
2022-09-07,14647.0,2022-09-06 15:00:00
2022-09-14,14886.0,2022-09-13 15:00:00
2022-09-21,14559.0,2022-09-20 15:00:00
2022-09-28,13852.0,2022-09-27 15:00:00
2022-10-05,13610.0,2022-10-04 15:00:00
2022-10-12,13059.0,2022-10-11 15:00:00
2022-10-19,13111.0,2022-10-18 15:00:00
2022-10-26,12685.0,2022-10-25 15:00:00
2022-11-02,13055.0,2022-11-01 15:00:00
2022-11-09,13340.0,2022-11-08 15:00:00
2022-11-16,14535.0,2022-11-15 15:00:00
2022-11-23,14488.0,2022-11-22 15:00:00
2022-11-30,14666.0,2022-11-29 15:00:00
2022-12-07,14678.0,2022-12-06 15:00:00
2022-12-14,14511.0,2022-12-13 15:00:00
2022-12-21,14185.0,2022-12-20 15:00:00
2022-12-28,14310.0,2022-12-27 15:00:00
