cp,slot,level,n,mean,median,t,win,total,total_ex_top5,max_dd,avg_entry,avg_half_spread
C,09:00,-1.0,276.0,-0.2988416938405791,3.66453,-0.06537483961122356,0.5072463768115942,-82.48030749999984,-1127.8660224999994,1548.80487,132.82901268115944,1.1152445652173912
C,09:00,-0.5,275.0,-1.4616046361075528,-3.7683999999999997,-0.3676102876946347,0.4763636363636364,-401.941274929577,-1375.9422149295779,1472.3274461971828,75.36563892445582,0.9220025608194622
C,09:00,0.0,275.0,-0.6256840620842573,-10.77116,-0.21940255273393885,0.3563636363636364,-172.06311707317076,-1022.7811614634152,1117.8117653658537,32.438943300601835,0.5494887551472916
C,09:00,0.5,275.0,-1.5740187941544883,-5.1046,-0.9774571435699432,0.17454545454545456,-432.8551683924843,-1027.1940440918581,623.4030050104383,10.262234959195293,0.25968950464983853
C,09:00,1.0,274.0,-2.034745723579816,-1.6011000000000002,-2.8366928467970616,0.051094890510948905,-557.5203282608696,-861.2609543478261,578.1402039130433,3.2558632180260236,0.13615518882894317
C,09:00,1.5,254.0,-1.4191848818897639,-1.0005,-3.6047051731921917,0.007874015748031496,-360.47296,-463.4045,359.77275999999944,1.3562646015401922,0.11492601886302671
C,09:00,2.0,211.0,-1.2901905213270144,-0.9004,-10.575572088495463,0.0,-272.2302,-268.7292,271.5299999999996,0.7894011202068074,0.10551486428263679
C,09:00,3.0,148.0,-0.996982972972973,-0.8003,-16.838216523806587,0.0,-147.55348,-144.05248,146.75318000000004,0.4964864864864865,0.10189189189189189
C,09:30,-1.0,275.0,-3.0054823200305996,-1.665599467040661,-0.7357712254517945,0.48727272727272725,-826.5076380084149,-1894.399979775595,1139.976176157083,127.71342598495472,1.0552441667729178
C,09:30,-0.5,275.0,-3.5068033309090905,-7.27414,-0.9786130355754332,0.4509090909090909,-964.3709159999999,-1998.1222199999993,1163.651644,71.15336727272727,0.9024581818181818
C,09:30,0.0,275.0,-1.715501896103896,-10.741819999999999,-0.6768663749130787,0.32727272727272727,-471.7630214285714,-1387.3673614285722,643.0718400000001,26.02639332096475,0.4856660482374768
C,09:30,0.5,275.0,-1.0888968727272728,-3.4029,-0.8251913317325743,0.12,-299.44664,-925.5458000000001,337.5020599999997,6.389806993006992,0.17671608391608376
C,09:30,1.0,266.0,-0.8290190367651411,-1.1006,-1.077108367837937,0.03007518796992481,-220.51906377952753,-587.0640480314961,245.90560944881872,1.9568261204191582,0.11848025575750394
C,09:30,1.5,232.0,-1.0817957119021135,-0.9004,-4.61234110283751,0.008620689655172414,-250.97660516129034,-310.4128451612903,250.17630516129006,0.8668798665183538,0.10696607341490545
C,09:30,2.0,183.0,-1.0433135840565735,-0.8003,-17.511205837859187,0.0,-190.92638588235295,-187.4253858823529,190.1260858823527,0.5427708132433301,0.10178720668595308
C,09:30,3.0,123.0,-0.8800544715447155,-0.8003,-34.83352849328272,0.0,-108.2467,-104.74569999999999,107.54650000000007,0.3796747967479675,0.1
C,10:00,-1.0,275.0,-2.799220669275027,-0.6168870886075813,-0.7299609925997546,0.48363636363636364,-769.7856840506324,-1681.799085822785,885.9702551898736,130.12280782508628,1.031898734177214
C,10:00,-0.5,275.0,-3.0111758764418366,-6.29516,-0.901373948256522,0.4509090909090909,-828.0733660215051,-1692.8815060215056,976.0294460215051,68.56513336126238,0.8778606339896662
C,10:00,0.0,275.0,-0.5928086631476048,-7.907399999999999,-0.26049240649696964,0.3381818181818182,-163.02238236559134,-917.2244223655916,450.9973903225806,23.264981427174973,0.45007233626588466
C,10:00,0.5,275.0,-0.929570406060606,-2.4019000000000004,-0.8040422715660729,0.12363636363636364,-255.63186166666665,-760.7610549999999,361.57093999999995,5.038430303030303,0.15915757575757566
C,10:00,1.0,270.0,-1.1548454734734734,-1.0505499999999999,-2.1332379452418366,0.014814814814814815,-311.8082778378378,-505.1912378378378,311.00797783783787,1.4082182182182181,0.11229229229229225
C,10:00,1.5,223.0,-0.8455351270553063,-0.9004,-2.2068898435194058,0.004484304932735426,-188.55433333333332,-267.31573333333336,187.75403333333298,0.7222312814241065,0.10519092267971192
C,10:00,2.0,156.0,-0.9954432835820896,-0.8003,-20.26936256753308,0.0,-155.28915223880597,-151.78815223880596,154.488852238806,0.4949483352468428,0.10071756601607348
C,10:00,3.0,95.0,-0.8677357894736842,-0.8003,-41.864454198313126,0.0,-82.4349,-78.9339,81.7347,0.3673684210526316,0.1
C,10:30,-1.0,276.0,-4.798042974752365,-3.2987699999999998,-1.3708388909298477,0.45652173913043476,-1324.2598610316527,-2130.803878757326,1401.611366565064,130.39495302173063,1.0181414275277358
C,10:30,-0.5,275.0,-3.5280375730358413,-5.24256,-1.1702988994811387,0.4218181818181818,-970.2103325848564,-1751.1393725848566,1105.4803938903385,69.16802278661287,0.8643864229765011
C,10:30,0.0,275.0,-1.0090195181818185,-7.73872,-0.4961978124609038,0.32,-277.48036750000006,-955.1205950000003,445.2711775000001,21.537838842975205,0.4207479338842974
C,10:30,0.5,275.0,-1.2540146972886759,-2.2017,-1.4374750880657128,0.09090909090909091,-344.8540417543859,-754.3726466666667,415.2719950877193,4.059897926634768,0.14462519936204146
C,10:30,1.0,262.0,-1.218741634640695,-1.0005,-5.823185235333239,0.007633587786259542,-319.3103082758621,-377.94574827586206,318.4099082758616,0.9709792050539616,0.10685706764938141
C,10:30,1.5,204.0,-1.0763208431372546,-0.8003,-12.661438728389104,0.0,-219.56945199999996,-216.06845199999998,218.66905199999957,0.5757450980392157,0.1036862745098039
C,10:30,2.0,145.0,-0.9238241141498215,-0.8003,-20.14897011622123,0.0,-133.9544965517241,-130.45349655172413,133.25429655172414,0.4234007134363853,0.10064209274673008
C,10:30,3.0,85.0,-0.8552870588235294,-0.8003,-28.52723813402675,0.0,-72.6994,-69.19839999999999,71.89909999999998,0.3549321266968326,0.10081447963800905
C,11:00,-1.0,273.0,-1.5799342175476114,-2.3486200000000004,-0.5656014852834447,0.45787545787545786,-431.32204139049793,-1051.5733779837783,912.6494000000002,129.0402293727902,1.0145883471491801
C,11:00,-0.5,275.0,-2.9034465779497096,-5.2336800000000006,-1.1268431986423963,0.4254545454545455,-798.4478089361702,-1402.3741289361692,1095.885724255319,68.48773099241184,0.8713673560482068
C,11:00,0.0,275.0,-2.1310360612440187,-7.0065,-1.1987094962791678,0.3054545454545455,-586.0349168421052,-1099.6876578947367,667.8686252631578,20.690443871917555,0.4002620537357377
C,11:00,0.5,273.0,-1.8439796336996332,-1.8013,-2.5079907754592115,0.07326007326007326,-503.40643999999986,-783.3413,510.78480000000036,3.62024642024642,0.1392940392940392
C,11:00,1.0,250.0,-1.6928104133333333,-0.9004,-3.6097756257767086,0.004,-423.20260333333334,-449.16537416666665,422.3022033333325,1.3288666666666669,0.1256666666666667
C,11:00,1.5,185.0,-1.3204999238675295,-0.8003,-3.7817018599922974,0.0,-244.29248591549296,-240.79148591549296,243.39208591549254,0.8196802436239056,0.11427483821850018
C,11:00,2.0,125.0,-1.1087507782945731,-0.8003,-4.698774178043127,0.0,-138.59384728682164,-135.09284728682172,137.89364728682165,0.6081426356589147,0.11214263565891472
C,11:00,3.0,77.0,-0.9399571428571428,-0.8003,-6.461160348741035,0.0,-72.3767,-68.87569999999998,71.5764,0.43951762523191096,0.11743970315398887
C,11:30,-1.0,270.0,-2.281897240740741,-4.2913,-0.8350113259313916,0.45925925925925926,-616.1122550000001,-1431.3737124999998,1000.62645,132.53842592592594,1.0347222222222223
C,11:30,-0.5,275.0,-3.1593834828282823,-5.73418,-1.2502981469157666,0.43272727272727274,-868.8304577777776,-1640.0214777777778,953.0703400000002,71.35861693861693,0.8877078477078475
C,11:30,0.0,275.0,-2.3318010715151507,-6.36026,-1.3365539584065977,0.32,-641.2452946666665,-1282.360321333333,679.7504346666669,18.987132121212124,0.3867684848484847
C,11:30,0.5,274.0,-1.096098712836033,-1.501,-1.0759401343363784,0.04744525547445255,-300.33104731707306,-698.2535078048779,366.82862390243906,3.051504361758946,0.1387306391312088
C,11:30,1.0,241.0,-0.30250356846473014,-0.9004,-0.39067253512713496,0.008298755186721992,-72.90335999999996,-268.25472,166.57925999999978,1.109881902330035,0.12398978614746246
C,11:30,1.5,177.0,-0.2423712994350282,-0.8003,-0.362945469121388,0.005649717514124294,-42.89971999999999,-157.27423333333329,96.24423333333331,0.8724704673857216,0.11314843348741654
C,11:30,2.0,110.0,-0.4856760998217468,-0.8003,-1.30394172403246,0.00909090909090909,-53.42437098039215,-90.63810000000002,52.62407098039213,0.8955258467023174,0.12279857397504457
C,11:30,3.0,60.0,-1.4555171851851854,-0.8003,-2.2383985597574934,0.0,-87.33103111111112,-83.83003111111107,86.5307311111111,0.9575925925925926,0.1642592592592592
C,12:00,-1.0,270.0,-3.5864303460690308,-3.3223000000000003,-1.6217095786361,0.45185185185185184,-968.3361934386384,-1451.126789161603,1049.2002534386388,131.16362449934746,1.0228837586067205
C,12:00,-0.5,275.0,-4.08996045012285,-4.29538,-2.001995532508156,0.4509090909090909,-1124.7391237837837,-1554.355801441442,1190.1387037837837,69.23233415233416,0.885061425061425
C,12:00,0.0,275.0,-2.2670309090909084,-4.8043,-1.7412699449327296,0.33454545454545453,-623.4334999999999,-967.2207211940299,662.7701053731339,18.17818181818182,0.38654545454545425
C,12:00,0.5,272.0,-2.0332093477229605,-1.3508499999999999,-8.568779841717742,0.025735294117647058,-553.0329425806452,-638.4390174193549,561.4445929032254,2.242125237191651,0.1281546489563567
C,12:00,1.0,232.0,-1.2188483103448275,-0.9004,-5.960615522672599,0.0,-282.772808,-279.271808,281.9725079999994,0.7189137931034483,0.10813793103448276
C,12:00,1.5,156.0,-1.0290665064102562,-0.8003,-6.104896244410493,0.0,-160.53437499999998,-157.033375,159.73407499999988,0.5285379684418147,0.10866617357001972
C,12:00,2.0,111.0,-1.0704397397397396,-0.8003,-4.311468527111704,0.0,-118.8188111111111,-115.31781111111113,118.01851111111111,0.5698698698698699,0.12482482482482479
C,12:00,3.0,55.0,-0.8541367741935483,-0.8003,-12.98131227388431,0.0,-46.97752258064516,-43.47652258064516,46.27732258064516,0.3537829912023461,0.11196480938416423
C,12:30,-1.0,273.0,0.4891959762976971,-0.4270600000000001,0.22843967579610017,0.4908424908424908,133.55050152927132,-554.6800471445636,562.9264910155316,131.83189132651498,1.0187045133281691
C,12:30,-0.5,275.0,0.37973343845535046,-1.3280600000000002,0.1870664946123458,0.48363636363636364,104.42669557522137,-547.4524444247786,479.0586040707963,68.99829444891392,0.8855671761866449
C,12:30,0.0,275.0,0.6875222890600926,-3.2027,0.43558197913242325,0.33454545454545453,189.06862949152546,-373.00674610169517,299.1615284745762,15.14358089368259,0.36139907550077005
C,12:30,0.5,271.0,-0.23884940959409587,-1.1006,-0.2428992558206134,0.033210332103321034,-64.72818999999998,-414.4065825,198.68157333333323,1.395018450184502,0.11678966789667898
C,12:30,1.0,232.0,-0.08865870689655143,-0.8003,-0.11052847598053567,0.004310344827586207,-20.56881999999993,-202.897,128.71469999999988,0.4510610079575597,0.10537135278514588
C,12:30,1.5,163.0,-0.22674429447852737,-0.8003,-0.38607598276899713,0.006134969325153374,-36.95931999999996,-129.0357,78.11530000000002,0.34101665205959686,0.10482033304119194
C,12:30,2.0,108.0,-0.8008503485838778,-0.8003,-37.550525483843664,0.0,-86.4918376470588,-82.9908376470588,85.79163764705878,0.3022331154684096,0.10315904139433553
C,12:30,3.0,58.0,-0.8319408045977011,-0.8003,-22.289299112007722,0.0,-48.25256666666667,-44.751566666666676,47.55236666666666,0.3316091954022989,0.11264367816091954
C,13:00,-1.0,273.0,-1.017599989317817,-2.34044,-1.018504880042868,0.42124542124542125,-277.804797083764,-519.1514113133398,589.0417000000001,130.0952873393411,1.0018807459345196
C,13:00,-0.5,275.0,-1.1883497668449197,-2.4262,-1.1467057039576014,0.4072727272727273,-326.7961858823529,-566.6308658823532,596.88096,67.48037891520244,0.8694698242933536
C,13:00,0.0,275.0,-1.2681489702882485,-2.73382,-1.7344277716962273,0.24727272727272728,-348.7409668292683,-558.580103414634,361.38114390243913,11.796283813747229,0.3322838137472282
C,13:00,0.5,270.0,-1.050263851851852,-0.8003,-19.717854379522425,0.0,-283.57124,-280.21900000000005,279.86803999999927,0.5541798941798942,0.12010582010582012
C,13:00,1.0,232.0,-0.85035,-0.7001999999999999,-15.2352665158981,0.0,-197.2812,-193.78019999999998,196.48089999999934,0.35000000000000003,0.13448275862068965
C,13:00,1.5,156.0,-0.7864399999999998,-0.7001999999999999,-40.92965286239815,0.0,-122.68463999999997,-119.18364,121.86431999999982,0.2861538461538462,0.1226923076923077
C,13:00,2.0,126.0,-0.7812333333333332,-0.7001999999999999,-56.75432033087881,0.0,-98.43539999999999,-94.93440000000001,97.7351999999999,0.28095238095238095,0.12301587301587304
C,13:00,3.0,49.0,-0.7727214285714283,-0.7001999999999999,-54.01924075880327,0.0,-37.86334999999999,-34.362350000000006,37.163149999999995,0.2724489795918368,0.10918367346938775
P,09:00,-1.0,275.0,-5.328466541924087,-11.480596699029125,-0.990819635009695,0.43636363636363634,-1465.3282990291239,-3260.3701386407765,2217.0176155339786,135.6746584289497,1.322658428949683
P,09:00,-0.5,276.0,-4.455445095440085,-15.277629999999998,-0.9245163171492745,0.40217391304347827,-1229.7028463414636,-2967.373713658536,1984.1701190243894,80.03410555510237,0.9641780188704893
P,09:00,0.0,276.0,-2.159285846588901,-19.0185,-0.5641972184674743,0.30434782608695654,-595.9628936585366,-2195.5542609756085,1368.4998209756097,35.36769807604909,0.569509670251982
P,09:00,0.5,276.0,-1.713765403771913,-9.069259388646289,-0.6085079544166897,0.12318840579710146,-472.999251441048,-1825.4222441921397,816.2076494323138,14.343296310360104,0.3193832668818429
P,09:00,1.0,276.0,-0.0027051159420287242,-3.2027,-0.0012584987621671868,0.050724637681159424,-0.7466119999999279,-1152.476352,442.5418639999999,5.771968944099379,0.17704140786749475
P,09:00,1.5,276.0,0.2061683954451346,-1.6011000000000002,0.12658287024516565,0.028985507246376812,56.90247714285715,-784.7267142857143,274.10862857142854,2.715069506063295,0.12376515823720792
P,09:00,2.0,268.0,-0.19923282489989086,-1.1006,-0.17767505692455285,0.018656716417910446,-53.39439707317075,-516.958243902439,182.36542487804866,1.534310156534401,0.1111758281761922
P,09:00,3.0,230.0,-0.8389899038901604,-0.9004,-2.0098529614416125,0.004347826086956522,-192.96767789473688,-282.15896315789473,192.1673778947363,0.7651029748283753,0.10988558352402746
P,09:30,-1.0,274.0,-2.5670212168955935,-7.223975706051872,-0.5644460373810442,0.45255474452554745,-703.3638134293926,-2106.3061711815535,1694.5828546974046,134.69039840972675,1.2013473148362326
P,09:30,-0.5,276.0,-2.4278688432389317,-10.28193,-0.5825410578245138,0.42028985507246375,-670.0918007339451,-2041.9969344954125,1573.646356146789,75.80269578513496,0.929507379337854
P,09:30,0.0,276.0,-1.792564603356216,-13.11613,-0.5491626260360686,0.3333333333333333,-494.74783052631557,-1753.0134505263154,1146.9354799999999,30.569244851258578,0.5254042715484362
P,09:30,0.5,276.0,-2.046121097490902,-5.46509,-0.9219248339791615,0.11956521739130435,-564.7294229074889,-1536.1404544493394,749.1273362995591,10.304714933282257,0.2565265274851561
P,09:30,1.0,276.0,-0.9808975362318836,-2.05155,-0.5931512821391248,0.043478260869565216,-270.72771999999986,-950.6555999999999,390.72025999999994,3.8192292490118573,0.13843214756258224
P,09:30,1.5,273.0,-0.8196253433091731,-1.2006999999999999,-0.6455353409894432,0.007326007326007326,-223.75771872340425,-614.2925787234043,309.5007765957447,1.8249551866573142,0.11250097420310183
P,09:30,2.0,256.0,-0.4225026811393804,-0.9004,-0.37075164164170643,0.00390625,-108.16068637168138,-392.9716292035398,205.18062300884924,1.0861898506637169,0.1080648506637168
P,09:30,3.0,206.0,-0.6317632038834952,-0.8003,-1.3436807430271343,0.0048543689320388345,-130.14322,-221.92797333333334,129.34292,0.6077669902912621,0.1087378640776699
P,10:00,-1.0,276.0,-2.9144557735359955,-5.354386422764227,-0.719046841081932,0.44565217391304346,-804.3897934959348,-1961.4313848780484,1738.6956204878052,132.046418051137,1.1424325438906557
P,10:00,-0.5,276.0,-2.042950704381238,-6.26388,-0.5605827710826052,0.4311594202898551,-563.8543944092216,-1650.0447744092216,1517.8197482420746,72.96729941945453,0.9165747817733779
P,10:00,0.0,276.0,-0.4541712138335159,-12.89779,-0.17048830213099408,0.3115942028985507,-125.35125501805038,-1070.7506350180502,843.6345950180505,26.167901428347196,0.5055825877674881
P,10:00,0.5,276.0,-1.4744445763249763,-4.264225328467154,-0.8879950384707744,0.10144927536231885,-406.94670306569344,-1158.3388312408758,579.3263048175181,7.852065481857611,0.21981910504601715
P,10:00,1.0,276.0,-1.2418933603296392,-1.6011000000000002,-1.262001200273629,0.025362318840579712,-342.7625674509804,-765.6757874509804,361.4024349019609,2.5732594487070193,0.11927394146064224
P,10:00,1.5,266.0,-0.4770278580597838,-1.1006,-0.6012004324341165,0.011278195488721804,-126.88941024390249,-438.6248902439024,224.99206585365852,1.2793874931230516,0.10908674124335228
P,10:00,2.0,230.0,-0.7389288305847077,-0.9004,-1.7330260644565327,0.008695652173913044,-169.95363103448278,-285.2311793103448,169.2534310344825,0.8185307346326837,0.10592203898050974
P,10:00,3.0,178.0,-1.0181926966292136,-0.8003,-16.803414662532518,0.0,-181.2383,-177.73729999999995,180.53809999999964,0.5176750216076059,0.1070008643042351
P,10:30,-1.0,269.0,-2.1905124154610993,-2.3279199999999998,-0.6058392891897386,0.4684014869888476,-589.2478397590357,-1466.1739802409638,1378.5608696385543,132.27883321050336,1.1111752179383294
P,10:30,-0.5,276.0,-1.7858201774112943,-4.2773,-0.5648798050707655,0.4528985507246377,-492.88636896551725,-1309.8143889655166,1349.8373396551722,70.27296351824089,0.8976011994002997
P,10:30,0.0,276.0,-0.12683921195652156,-9.531096250000001,-0.05834035852778163,0.32971014492753625,-35.007622499999954,-701.8205425000006,632.1870399999998,23.323711297760212,0.45160984848484836
P,10:30,0.5,276.0,-1.217833115942029,-3.35285,-1.111936891826269,0.09057971014492754,-336.12194,-780.7040400000003,374.82792000000006,5.9121460423634336,0.171566332218506
P,10:30,1.0,274.0,-1.659339894566099,-1.3008,-4.338390147665041,0.025547445255474453,-454.65913111111115,-614.3481644444445,453.8588311111109,1.9900567721005678,0.11414436334144362
P,10:30,1.5,248.0,-1.5217397648251885,-1.0005,-11.902061780705083,0.0,-377.3914616766467,-373.89046167664674,376.69126167664587,1.0207190457794089,0.10660614255360246
P,10:30,2.0,210.0,-1.1992699999999998,-0.9004,-14.516189083797864,0.0,-251.84669999999997,-248.34570000000002,251.04639999999978,0.6985714285714286,0.1061904761904762
P,10:30,3.0,145.0,-1.0273467432950192,-0.8003,-14.700691326775354,0.0,-148.96527777777777,-145.46427777777777,148.16497777777772,0.5268199233716476,0.11371647509578545
P,11:00,-1.0,268.0,-3.304521733314556,-2.166292075471693,-1.1551461274861923,0.4552238805970149,-885.611824528301,-1559.982783396225,1293.0629762264145,130.3031741561733,1.1244428128897264
P,11:00,-0.5,276.0,-4.628398655913978,-4.26637,-1.766686067415467,0.4311594202898551,-1277.4380290322579,-1938.6439690322568,1640.5173090322583,68.61394449402864,0.9023502911300945
P,11:00,0.0,276.0,-3.599378977553906,-8.7938,-2.106677952043893,0.286231884057971,-993.4285978048781,-1542.9225378048782,1159.1518087804877,21.230059208200778,0.4228128313891834
P,11:00,0.5,276.0,-2.8793553043478264,-2.9024,-3.6437693148575794,0.05434782608695652,-794.7020640000001,-1139.647932,793.0008639999996,4.8384513457556935,0.15439337474120077
P,11:00,1.0,271.0,-1.8360679902799026,-1.1006,-5.524196603731019,0.014760147601476014,-497.57442536585364,-571.3183682926829,496.77412536585337,1.66669966699667,0.1128251282512825
P,11:00,1.5,229.0,-1.4622623098930885,-0.9004,-7.471193625553341,0.0,-334.85806896551725,-331.3570689655172,334.05776896551623,0.9613010088842042,0.10933594338202077
P,11:00,2.0,192.0,-1.2908346875,-0.8003,-5.661847745248262,0.0,-247.84026,-244.33926,247.03995999999978,0.7900446428571429,0.1155654761904762
P,11:00,3.0,131.0,-1.0749473282442747,-0.8003,-7.776074478656996,0.0,-140.8181,-137.31709999999998,140.11789999999996,0.5743729552889859,0.12475463467829882
P,11:30,-1.0,270.0,-3.264482378766671,-2.220678564231735,-1.2754630317585718,0.4444444444444444,-881.4102422670012,-1510.8187352644818,1388.3907057430724,129.28734303573094,1.0769726653605691
P,11:30,-0.5,276.0,-3.4796607131456287,-3.03022,-1.537648353163871,0.4601449275362319,-960.3863568281936,-1561.2856168281946,1379.2139489867843,67.06382876843517,0.8779592032177741
P,11:30,0.0,276.0,-3.3677251561003643,-6.9064,-2.2577500897619753,0.2971014492753623,-929.4921430837005,-1430.4875830837002,1040.9797725991184,19.10491285194407,0.39476792440784014
P,11:30,0.5,276.0,-2.7589407971014492,-2.0015,-3.7175231201642274,0.03985507246376811,-761.46766,-1057.66722,759.2659599999996,3.745903010033445,0.13756967670011144
P,11:30,1.0,263.0,-1.480789417844882,-1.0005,-4.004921260833131,0.0038022813688212928,-389.44761689320393,-459.9500368932039,388.7474168932033,1.303876112075012,0.11262135922330098
P,11:30,1.5,225.0,-1.18133241352657,-0.9004,-4.8810843335434555,0.0044444444444444444,-265.79979304347825,-292.0688434782609,265.09959304347785,0.8374492753623188,0.11122705314009658
P,11:30,2.0,172.0,-1.2898348191214468,-0.8003,-4.8685117108444524,0.0,-221.85158888888884,-218.35058888888886,221.15138888888862,0.7890457733480989,0.11985972683647099
P,11:30,3.0,108.0,-1.1279421296296297,-0.8003,-5.734163968249378,0.0,-121.81775,-118.31674999999997,121.11754999999997,0.6273148148148148,0.1625
P,12:00,-1.0,258.0,-2.3055411548519613,-1.7787193373493968,-0.9837946345847675,0.4689922480620155,-594.829617951806,-1126.896677590361,1018.3195410843365,127.42537825721492,1.1908821331838935
P,12:00,-0.5,276.0,-2.900379782608696,-3.26879,-1.353727996795117,0.45652173913043476,-800.5048200000001,-1311.7593000000002,1199.4239149999996,67.23865663322185,0.873076923076923
P,12:00,0.0,276.0,-1.6284923577763357,-5.905399999999999,-1.2560172998660533,0.2971014492753623,-449.46389074626865,-860.2713262686566,725.651917910448,16.120787367510275,0.36788881678563684
P,12:00,0.5,275.0,-1.9793472121212123,-1.8013,-3.8271405698600667,0.04,-544.3204833333334,-771.8832333333334,542.0186833333335,2.817099567099567,0.12655411255411256
P,12:00,1.0,252.0,-1.3324867391304347,-0.95045,-8.351759091205508,0.003968253968253968,-335.78665826086956,-355.26631739130437,334.88625826086883,0.9716528640441684,0.11093857832988267
P,12:00,1.5,209.0,-1.0825291520467835,-0.8003,-14.21208127954244,0.0,-226.24859277777776,-222.74759277777778,225.54839277777756,0.5819472048419417,0.10634911871753977
P,12:00,2.0,176.0,-0.9645062499999999,-0.8003,-16.03503985399199,0.0,-169.7531,-166.25209999999996,168.95279999999968,0.46404220779220784,0.11290584415584416
P,12:00,3.0,98.0,-0.9489642857142855,-0.8003,-11.42843836018906,0.0,-92.99849999999998,-89.49749999999999,92.19819999999999,0.44851576994434134,0.14443413729128016
P,12:30,-1.0,262.0,-5.212764530903713,-4.33128,-2.711166342562534,0.4351145038167939,-1365.744307096773,-1780.0553825806444,1421.4447196774188,128.96301403595174,1.1137773947303578
P,12:30,-0.5,276.0,-5.718242028985508,-5.04621,-3.3586433621602327,0.427536231884058,-1578.2348000000002,-1979.43394,1590.1012000000005,65.91376811594203,0.8811594202898548
P,12:30,0.0,276.0,-3.3401954324067473,-5.565189999999999,-3.309406514282128,0.2536231884057971,-921.8939393442623,-1247.6863006557378,963.0672678688527,14.528136136849607,0.3487883107626514
P,12:30,0.5,276.0,-2.0459782058970513,-1.3008,-5.48269112997835,0.018115942028985508,-564.6899848275862,-643.3935931034482,563.7895848275855,1.9035857071464266,0.12387556221889051
P,12:30,1.0,250.0,-1.3839003012345679,-0.9004,-5.790107266695442,0.0,-345.975075308642,-342.474075308642,345.27487530864107,0.8830172839506173,0.12181728395061729
P,12:30,1.5,209.0,-1.0839052631578947,-0.8003,-6.413318433171767,0.0,-226.53619999999998,-223.03519999999997,225.83599999999961,0.5833219412166781,0.1297334244702666
P,12:30,2.0,173.0,-0.968015028901734,-0.8003,-7.469094732863189,0.0,-167.46659999999997,-163.9656,166.76639999999966,0.46754748142031377,0.13806771263418663
P,12:30,3.0,96.0,-0.9934095833333334,-0.82032,-6.912585313077526,0.0,-95.36732,-91.86631999999997,94.66711999999993,0.49291666666666667,0.19500000000000003
P,13:00,-1.0,268.0,-4.057604598087993,-2.4407300000000003,-3.896320875208589,0.40298507462686567,-1087.438032287582,-1307.4356473202615,1172.1707037908493,126.80367525119502,1.0268095795532142
P,13:00,-0.5,276.0,-4.000417164431802,-2.25749,-3.776601116114072,0.41304347826086957,-1104.1151373831774,-1331.0323373831777,1161.892266542056,64.15419883516185,0.8563727482053363
P,13:00,0.0,276.0,-2.69765929468599,-2.75225,-4.134532702913481,0.2318840579710145,-744.5539653333333,-931.1636906666668,769.1385160000002,10.411227053140095,0.31738647342995124
P,13:00,0.5,275.0,-1.1881663845261121,-0.9004,-8.182585225488063,0.0036363636363636364,-326.7457557446808,-329.23659574468087,325.84535574467964,0.7103365570599613,0.12524564796905222
P,13:00,1.0,255.0,-0.8929717647058824,-0.8003,-12.38173851267764,0.0,-227.7078,-224.20680000000002,227.0075999999991,0.39257918552036203,0.12003016591251885
P,13:00,1.5,201.0,-0.7913358208955223,-0.7001999999999999,-22.688339329641227,0.0,-159.05849999999998,-155.55749999999995,158.35829999999953,0.29104477611940305,0.11044776119402985
P,13:00,2.0,179.0,-0.8221094972067038,-0.7001999999999999,-18.44053298867014,0.0,-147.15759999999997,-143.65659999999997,146.35729999999975,0.3217877094972067,0.12681564245810056
P,13:00,3.0,116.0,-0.7895133620689654,-0.7001999999999999,-52.86838163923426,0.0,-91.58354999999999,-88.08254999999998,90.88334999999991,0.2892241379310345,0.11422413793103449
