side,slot,n,mean,t,win,total,ex5,pos
Call,09:00,81,2.6,0.3,53,207,-566,3/6
Call,09:30,82,17.3,2.27,61,1418,492,4/6
Call,10:00,81,13.4,1.77,60,1082,250,5/6
Call,10:30,81,6.8,1.09,53,550,-126,4/6
Call,11:00,83,9.5,1.87,57,789,262,5/6
Call,11:30,91,7.2,1.84,59,658,213,5/6
Call,12:00,88,4.9,1.24,55,428,30,5/6
Call,12:30,87,4.6,1.78,56,403,110,5/6
Call,13:00,86,1.7,1.06,51,148,-15,4/6
Put,09:00,51,33.2,1.98,59,1694,74,5/6
Put,09:30,49,38.6,2.51,69,1892,526,6/6
Put,10:00,50,28.0,2.19,64,1398,255,6/6
Put,10:30,54,13.9,1.53,57,748,-66,5/6
Put,11:00,56,5.3,0.7,57,297,-260,4/6
Put,11:30,56,7.6,1.02,62,424,-84,4/6
Put,12:00,54,6.8,1.12,59,365,-53,5/6
Put,12:30,61,-0.6,-0.11,57,-36,-373,2/6
Put,13:00,56,-0.5,-0.16,57,-26,-160,4/6
