grp,cp,slot,level,n,mean,t,win,total,total_ex_top5
盤前漲・開盤後漲,C,09:00,-1.0,81.0,2.550312685185186,0.3012967771569558,0.5308641975308642,206.57532750000004,-565.6349074999999
盤前漲・開盤後漲,C,09:00,-0.5,81.0,1.4335218362023985,0.20102412880654058,0.5185185185185185,116.11526873239427,-593.8942112676056
盤前漲・開盤後漲,C,09:00,0.0,81.0,0.013238825654923228,0.0026649444053895572,0.35802469135802467,1.0723448780487814,-573.7016351219513
盤前漲・開盤後漲,C,09:00,0.5,81.0,-1.2926083868140925,-0.5271363593988853,0.16049382716049382,-104.70127933194149,-457.8041393319414
盤前漲・開盤後漲,C,09:00,1.0,81.0,-2.021998904991948,-3.3877934563661527,0.04938271604938271,-163.7819113043478,-219.26369130434782
盤前漲・開盤後漲,C,09:00,1.5,73.0,-1.4462561643835614,-10.453112485425164,0.0,-105.57669999999999,-101.97559999999999
盤前漲・開盤後漲,C,09:00,2.0,64.0,-1.04429375,-18.24871760397295,0.0,-66.8348,-63.333800000000004
盤前漲・開盤後漲,C,09:00,3.0,39.0,-0.8901333333333334,-28.769293132736216,0.0,-34.7152,-31.214199999999998
盤前漲・開盤後漲,C,09:30,-1.0,82.0,17.29735739198851,2.267129258403343,0.6097560975609756,1418.3833061430578,491.9275909116411
盤前漲・開盤後漲,C,09:30,-0.5,82.0,14.534036195121955,2.030188841237797,0.5853658536585366,1191.7909680000002,302.85704799999996
盤前漲・開盤後漲,C,09:30,0.0,82.0,10.790677073170732,2.007042228072996,0.43902439024390244,884.8355200000001,140.06650000000002
盤前漲・開盤後漲,C,09:30,0.5,82.0,4.43848243902439,1.4774834770060676,0.1951219512195122,363.95555999999993,-92.98909999999995
盤前漲・開盤後漲,C,09:30,1.0,81.0,0.7563801477593078,0.459780052533098,0.04938271604938271,61.26679196850393,-116.32943228346454
盤前漲・開盤後漲,C,09:30,1.5,63.0,-0.4661539682539683,-0.8835463885424488,0.015873015873015872,-29.367700000000003,-58.7297
盤前漲・開盤後漲,C,09:30,2.0,50.0,-0.892392,-33.4834136264189,0.0,-44.6196,-41.11860000000001
盤前漲・開盤後漲,C,09:30,3.0,36.0,-0.819763888888889,-37.02649286608435,0.0,-29.5115,-26.010499999999993
盤前漲・開盤後漲,C,10:00,-1.0,81.0,13.36249695889983,1.774694662148975,0.6049382716049383,1082.3622536708863,250.2861718987342
盤前漲・開盤後漲,C,10:00,-0.5,81.0,12.007316049382716,1.765333173998186,0.5555555555555556,972.5926000000001,183.63536000000005
盤前漲・開盤後漲,C,10:00,0.0,81.0,9.11784049382716,1.7328670070653873,0.41975308641975306,738.54508,56.79534000000001
盤前漲・開盤後漲,C,10:00,0.5,81.0,3.3230727983539095,1.065496252886668,0.19753086419753085,269.1688966666667,-165.39931666666666
盤前漲・開盤後漲,C,10:00,1.0,77.0,0.4387623025623025,0.25497654254785707,0.025974025974025976,33.78469729729729,-106.9222027027027
盤前漲・開盤後漲,C,10:00,1.5,63.0,0.3227301587301587,0.24610119931664964,0.015873015873015872,20.331999999999997,-58.42940000000001
盤前漲・開盤後漲,C,10:00,2.0,41.0,-0.8711024390243903,-24.889323692945624,0.0,-35.7152,-32.21419999999999
盤前漲・開盤後漲,C,10:00,3.0,27.0,-0.8114222222222222,-37.57759362702785,0.0,-21.908399999999997,-18.407399999999996
盤前漲・開盤後漲,C,10:30,-1.0,81.0,6.796046544801935,1.0884450277347646,0.5308641975308642,550.4797701289567,-126.12634759671745
盤前漲・開盤後漲,C,10:30,-0.5,81.0,6.287424046030366,1.1000421652747872,0.5185185185185185,509.28134772845965,-133.81169227154035
盤前漲・開盤後漲,C,10:30,0.0,81.0,5.682847407407408,1.3766517461734455,0.4074074074074074,460.31064000000003,-85.4495875
盤前漲・開盤後漲,C,10:30,0.5,81.0,1.6571752696556208,0.794585760748076,0.12345679012345678,134.23119684210528,-180.73334315789475
盤前漲・開盤後漲,C,10:30,1.0,77.0,-0.7157664128974475,-1.6606303553562263,0.012987012987012988,-55.11401379310345,-83.87541379310345
盤前漲・開盤後漲,C,10:30,1.5,50.0,-0.8523519999999999,-29.331140718728207,0.0,-42.617599999999996,-39.11660000000001
盤前漲・開盤後漲,C,10:30,2.0,39.0,-0.8208333333333332,-34.7848026701548,0.0,-32.012499999999996,-28.511499999999998
盤前漲・開盤後漲,C,10:30,3.0,21.0,-0.7955333333333333,-32.605656816114454,0.0,-16.7062,-13.2052
盤前漲・開盤後漲,C,11:00,-1.0,83.0,9.50355764564632,1.870785960724107,0.5662650602409639,788.7952845886446,262.32856023175
盤前漲・開盤後漲,C,11:00,-0.5,84.0,8.036211509625128,1.7410879815014788,0.5476190476190477,675.0417668085107,170.24106680851068
盤前漲・開盤後漲,C,11:00,0.0,84.0,3.1612336842105244,0.8977507106278817,0.4166666666666667,265.54362947368406,-147.12637157894727
盤前漲・開盤後漲,C,11:00,0.5,84.0,-0.8037973809523807,-0.6660045835851758,0.09523809523809523,-67.51897999999998,-235.88548
盤前漲・開盤後漲,C,11:00,1.0,78.0,-0.8063829594017093,-2.0164273519915574,0.01282051282051282,-62.89787083333333,-88.86064166666667
盤前漲・開盤後漲,C,11:00,1.5,54.0,-0.9022537037037038,-20.25093004976795,0.0,-48.721700000000006,-45.2207
盤前漲・開盤後漲,C,11:00,2.0,33.0,-0.8093999999999999,-33.176676562185044,0.0,-26.710199999999997,-23.209199999999996
盤前漲・開盤後漲,C,11:00,3.0,26.0,-0.7656499999999998,-43.73149155588268,0.0,-19.906899999999997,-16.405900000000003
盤前漲・開盤後漲,C,11:30,-1.0,91.0,7.228656497252746,1.844062689500028,0.5934065934065934,657.8077412499998,212.7752037499999
盤前漲・開盤後漲,C,11:30,-0.5,91.0,5.745516947496947,1.5314416878097918,0.5604395604395604,522.8420422222222,103.06665333333338
盤前漲・開盤後漲,C,11:30,0.0,91.0,2.0678712380952384,0.7968564130725451,0.4175824175824176,188.1762826666667,-149.68197733333326
盤前漲・開盤後漲,C,11:30,0.5,91.0,-1.2401829697132138,-1.901922655316372,0.07692307692307693,-112.85665024390246,-216.5005082926829
盤前漲・開盤後漲,C,11:30,1.0,76.0,-1.08289,-13.499015404945773,0.0,-82.29964,-78.79863999999998
盤前漲・開盤後漲,C,11:30,1.5,46.0,-0.8372934782608695,-30.399763628984,0.0,-38.515499999999996,-35.0145
盤前漲・開盤後漲,C,11:30,2.0,28.0,-0.8324749999999999,-28.55911923167166,0.0,-23.309299999999997,-19.808299999999992
盤前漲・開盤後漲,C,11:30,3.0,13.0,-0.7772,-27.642205954091885,0.0,-10.1036,-6.6026
盤前漲・開盤後漲,C,12:00,-1.0,88.0,4.866891337954273,1.242164764201017,0.5454545454545454,428.28643773997607,30.124341287971163
盤前漲・開盤後漲,C,12:00,-0.5,90.0,4.8339054594594595,1.376289659648425,0.5555555555555556,435.05149135135133,52.35568360360361
盤前漲・開盤後漲,C,12:00,0.0,90.0,2.506568689883915,1.0329866922323956,0.4444444444444444,225.59118208955235,-79.58793761194019
盤前漲・開盤後漲,C,12:00,0.5,89.0,-1.307504646611091,-3.1429729750016744,0.0449438202247191,-116.3679135483871,-169.8825935483871
盤前漲・開盤後漲,C,12:00,1.0,71.0,-0.8989901408450705,-40.28681662258904,0.0,-63.828300000000006,-60.3273
盤前漲・開盤後漲,C,12:00,1.5,35.0,-0.8060200000000001,-40.140449959143915,0.0,-28.210700000000003,-24.70969999999999
盤前漲・開盤後漲,C,12:00,2.0,30.0,-0.7635966666666666,-58.16035243860865,0.0,-22.907899999999998,-19.406899999999997
盤前漲・開盤後漲,C,12:00,3.0,16.0,-0.76901875,-30.291444705087713,0.0,-12.3043,-8.8033
盤前漲・開盤後漲,C,12:30,-1.0,87.0,4.633247449704061,1.777331688424109,0.5632183908045977,403.09252812425336,110.44426410991635
盤前漲・開盤後漲,C,12:30,-0.5,88.0,4.440419780772325,1.6662020755511935,0.5568181818181818,390.75694070796465,89.7298607079646
盤前漲・開盤後漲,C,12:30,0.0,88.0,2.533160092449923,1.370059361999691,0.4318181818181818,222.91808813559322,-35.04895186440678
盤前漲・開盤後漲,C,12:30,0.5,86.0,-0.9380784786821706,-2.2201856575021495,0.046511627906976744,-80.67474916666667,-135.09032916666666
盤前漲・開盤後漲,C,12:30,1.0,68.0,-0.8061882352941178,-63.29507646633001,0.0,-54.820800000000006,-51.319800000000015
盤前漲・開盤後漲,C,12:30,1.5,47.0,-0.7939106382978722,-71.22444031370522,0.0,-37.31379999999999,-33.8128
盤前漲・開盤後漲,C,12:30,2.0,32.0,-0.7471218749999999,-67.949898616567,0.0,-23.907899999999998,-20.406899999999997
盤前漲・開盤後漲,C,12:30,3.0,15.0,-0.7691577777777777,-30.891791547888545,0.0,-11.537366666666665,-8.036366666666666
盤前漲・開盤後漲,C,13:00,-1.0,86.0,1.723051312859239,1.0640765633820566,0.5116279069767442,148.18241290589455,-15.20446680455014
盤前漲・開盤後漲,C,13:00,-0.5,86.0,1.8368880164158683,1.1242672545180656,0.5,157.97236941176467,-13.870710588235283
盤前漲・開盤後漲,C,13:00,0.0,86.0,0.5481738230289283,0.43254668012476616,0.3488372093023256,47.14294878048783,-86.10267024390244
盤前漲・開盤後漲,C,13:00,0.5,86.0,-0.9632534883720927,-18.934076150390528,0.0,-82.83979999999997,-79.33879999999999
盤前漲・開盤後漲,C,13:00,1.0,65.0,-0.77489,-48.481235952779464,0.0,-50.36785,-46.86685
盤前漲・開盤後漲,C,13:00,1.5,34.0,-0.7484835294117647,-49.262819740950164,0.0,-25.448439999999998,-21.947439999999993
盤前漲・開盤後漲,C,13:00,2.0,37.0,-0.7442981081081081,-51.58392923668412,0.0,-27.53903,-24.03803
盤前漲・開盤後漲,C,13:00,3.0,15.0,-0.7602600000000002,-33.0351453356694,0.0,-11.403900000000002,-7.902899999999999
盤前漲・開盤後漲,P,09:00,-1.0,81.0,-10.396071652882645,-1.1198245136694058,0.41975308641975306,-842.0818038834942,-1829.1488648543677
盤前漲・開盤後漲,P,09:00,-0.5,81.0,-9.172550773863293,-1.1141972262250532,0.3950617283950617,-742.9766126829267,-1693.909494634146
盤前漲・開盤後漲,P,09:00,0.0,81.0,-6.567029316470943,-1.0631636683870158,0.2716049382716049,-531.9293746341464,-1311.206927317073
盤前漲・開盤後漲,P,09:00,0.5,81.0,-3.8277058278074283,-0.9374009630045003,0.1111111111111111,-310.0441720524017,-883.8788665502183
盤前漲・開盤後漲,P,09:00,1.0,81.0,-2.3631008888888885,-0.9234490452422524,0.04938271604938271,-191.41117199999997,-431.883204
盤前漲・開盤後漲,P,09:00,1.5,81.0,-0.9994253615520282,-0.5390636043463027,0.012345679012345678,-80.95345428571429,-222.78051428571428
盤前漲・開盤後漲,P,09:00,2.0,80.0,-1.1462267195121951,-1.83657215916882,0.0125,-91.69813756097561,-135.02669756097558
盤前漲・開盤後漲,P,09:00,3.0,71.0,-1.0732932542624167,-17.708166635863577,0.0,-76.20382105263158,-72.70282105263158
盤前漲・開盤後漲,P,09:30,-1.0,80.0,-22.857841409221898,-3.140425231319781,0.3375,-1828.6273127377517,-2346.8053893948127
盤前漲・開盤後漲,P,09:30,-0.5,82.0,-18.76660895949877,-3.1425284704719503,0.3048780487804878,-1538.8619346788992,-2044.944554678899
盤前漲・開盤後漲,P,09:30,0.0,82.0,-10.933439358151476,-2.8296308182961827,0.25609756097560976,-896.542027368421,-1320.0537389473684
盤前漲・開盤後漲,P,09:30,0.5,82.0,-5.908141302245621,-3.639800465252122,0.06097560975609756,-484.46758678414096,-676.0753867841408
盤前漲・開盤後漲,P,09:30,1.0,82.0,-2.6287514634146336,-4.205859405816566,0.024390243902439025,-215.55761999999996,-252.4664799999999
盤前漲・開盤後漲,P,09:30,1.5,82.0,-1.7184980280228332,-7.093683856367302,0.0,-140.91683829787232,-137.21563829787232
盤前漲・開盤後漲,P,09:30,2.0,80.0,-1.24449375,-7.07498060932858,0.0,-99.5595,-96.0585
盤前漲・開盤後漲,P,09:30,3.0,63.0,-0.96332,-10.743563914493413,0.0,-60.689159999999994,-57.188159999999996
盤前漲・開盤後漲,P,10:00,-1.0,81.0,-19.984416342467128,-2.919125250708898,0.32098765432098764,-1618.7377237398373,-2195.4396708943095
盤前漲・開盤後漲,P,10:00,-0.5,81.0,-16.019176268545202,-2.7638384420298814,0.32098765432098764,-1297.5532777521614,-1861.5747777521613
盤前漲・開盤後漲,P,10:00,0.0,81.0,-9.165502716049382,-2.5718650371563974,0.2222222222222222,-742.4057199999999,-1163.73422
盤前漲・開盤後漲,P,10:00,0.5,81.0,-4.775229808056231,-3.0564864679853443,0.04938271604938271,-386.7936144525547,-553.9219496350364
盤前漲・開盤後漲,P,10:00,1.0,81.0,-2.665416702977487,-8.37553714661865,0.0,-215.89875294117644,-212.29765294117644
盤前漲・開盤後漲,P,10:00,1.5,79.0,-1.5548667181228775,-8.204363731636892,0.0,-122.83447073170731,-119.33347073170731
盤前漲・開盤後漲,P,10:00,2.0,73.0,-1.1331313179026925,-13.112871153256975,0.0,-82.71858620689655,-79.21758620689653
盤前漲・開盤後漲,P,10:00,3.0,59.0,-0.9545610169491525,-13.565398254819527,0.0,-56.3191,-52.81810000000001
盤前漲・開盤後漲,P,10:30,-1.0,78.0,-13.608930997837502,-2.1121940991307975,0.38461538461538464,-1061.4966178313252,-1588.4961445783129
盤前漲・開盤後漲,P,10:30,-0.5,81.0,-10.269410647083866,-1.965097410525976,0.35802469135802467,-831.8222624137932,-1341.7968024137929
盤前漲・開盤後漲,P,10:30,0.0,81.0,-4.877025709876542,-1.429931306495818,0.2716049382716049,-395.03908249999995,-802.8111224999999
盤前漲・開盤後漲,P,10:30,0.5,81.0,-2.78863975308642,-1.9125181512848863,0.037037037037037035,-225.87982000000002,-385.0128199999999
盤前漲・開盤後漲,P,10:30,1.0,80.0,-1.545511472222222,-4.1628772732206505,0.0125,-123.64091777777777,-144.42459555555556
盤前漲・開盤後漲,P,10:30,1.5,75.0,-1.1984542435129741,-14.986436948960733,0.0,-89.88406826347305,-86.383068263473
盤前漲・開盤後漲,P,10:30,2.0,59.0,-1.0491361581920904,-15.573744260437005,0.0,-61.899033333333335,-58.398033333333345
盤前漲・開盤後漲,P,10:30,3.0,45.0,-0.8912550617283949,-22.137049326206302,0.0,-40.10647777777777,-36.60547777777778
盤前漲・開盤後漲,P,11:00,-1.0,79.0,-12.6814989730117,-2.632345811878767,0.3670886075949367,-1001.8384188679242,-1375.4948690566034
盤前漲・開盤後漲,P,11:00,-0.5,84.0,-15.01759183563748,-3.406881799327396,0.32142857142857145,-1261.4777141935483,-1615.8481941935488
盤前漲・開盤後漲,P,11:00,0.0,84.0,-9.612171591173055,-3.9091082336232534,0.19047619047619047,-807.4224136585366,-1075.6064936585367
盤前漲・開盤後漲,P,11:00,0.5,84.0,-3.218037523809524,-2.9876859778909237,0.011904761904761904,-270.315152,-348.6154919999999
盤前漲・開盤後漲,P,11:00,1.0,82.0,-1.7022123140987506,-9.751378770130598,0.0,-139.58140975609754,-135.78010975609754
盤前漲・開盤後漲,P,11:00,1.5,69.0,-1.1640817091454272,-13.884506406588145,0.0,-80.32163793103447,-76.82063793103448
盤前漲・開盤後漲,P,11:00,2.0,66.0,-0.9750633333333333,-22.25438431199721,0.0,-64.35418,-60.85318
盤前漲・開盤後漲,P,11:00,3.0,47.0,-0.8663234042553191,-25.52490548502338,0.0,-40.7172,-37.2162
盤前漲・開盤後漲,P,11:30,-1.0,88.0,-12.872558007213184,-3.176823921956741,0.32954545454545453,-1132.7851046347603,-1487.756385138539
盤前漲・開盤後漲,P,11:30,-0.5,91.0,-12.87944043956044,-3.5713249558316558,0.32967032967032966,-1172.02908,-1506.34996
盤前漲・開盤後漲,P,11:30,0.0,91.0,-8.05440138161398,-3.7585154699109418,0.18681318681318682,-732.9505257268722,-984.500385726872
盤前漲・開盤後漲,P,11:30,0.5,91.0,-2.7664404945054946,-5.551076517540317,0.01098901098901099,-251.746085,-281.8482249999999
盤前漲・開盤後漲,P,11:30,1.0,90.0,-1.3547373786407768,-12.531396604119475,0.0,-121.92636407766992,-118.42536407766988
盤前漲・開盤後漲,P,11:30,1.5,78.0,-1.0410644927536232,-17.979533953402534,0.0,-81.2030304347826,-77.70203043478261
盤前漲・開盤後漲,P,11:30,2.0,59.0,-0.9395836158192088,-23.973244716528136,0.0,-55.43543333333332,-51.934433333333345
盤前漲・開盤後漲,P,11:30,3.0,41.0,-0.8332597560975609,-26.63570979353067,0.0,-34.16365,-30.662649999999992
盤前漲・開盤後漲,P,12:00,-1.0,81.0,-11.60929709355942,-2.746908499925061,0.345679012345679,-940.353064578313,-1330.4962310843373
盤前漲・開盤後漲,P,12:00,-0.5,90.0,-10.965606111111112,-2.9253060163486415,0.34444444444444444,-986.9045500000002,-1367.5625899999998
盤前漲・開盤後漲,P,12:00,0.0,90.0,-5.45917984079602,-2.580409720516893,0.2,-491.3261856716418,-751.882784477612
盤前漲・開盤後漲,P,12:00,0.5,89.0,-1.726017715355805,-1.758973158525657,0.011235955056179775,-153.61557666666664,-232.51651666666663
盤前漲・開盤後漲,P,12:00,1.0,82.0,-1.1751707847295865,-16.785834563049328,0.0,-96.3640043478261,-92.86300434782606
盤前漲・開盤後漲,P,12:00,1.5,72.0,-0.9393535632716047,-28.937046475470382,0.0,-67.63345655555554,-64.13245655555556
盤前漲・開盤後漲,P,12:00,2.0,56.0,-0.8927392857142858,-35.90410864948104,0.0,-49.99340000000001,-46.492399999999996
盤前漲・開盤後漲,P,12:00,3.0,39.0,-0.8196666666666667,-27.022230488717877,0.0,-31.967,-28.465999999999998
盤前漲・開盤後漲,P,12:30,-1.0,83.0,-9.966800252623392,-3.6666730936201293,0.3253012048192771,-827.2444209677416,-1022.8990829032258
盤前漲・開盤後漲,P,12:30,-0.5,88.0,-10.207023636363635,-4.105955490048275,0.3409090909090909,-898.2180799999999,-1076.962
盤前漲・開盤後漲,P,12:30,0.0,88.0,-5.304301676602086,-4.19810476109774,0.19318181818181818,-466.7785475409836,-603.1173137704917
盤前漲・開盤後漲,P,12:30,0.5,88.0,-1.6804896551724136,-14.437380472346508,0.0,-147.8830896551724,-144.38208965517242
盤前漲・開盤後漲,P,12:30,1.0,85.0,-0.9616376470588237,-32.543599610584806,0.0,-81.73920000000001,-78.2382
盤前漲・開盤後漲,P,12:30,1.5,69.0,-0.8384333333333334,-44.255872696485035,0.0,-57.8519,-54.350899999999996
盤前漲・開盤後漲,P,12:30,2.0,56.0,-0.8153660714285714,-44.41148028393175,0.0,-45.6605,-42.15950000000001
盤前漲・開盤後漲,P,12:30,3.0,32.0,-0.8003,-29.480317928482137,0.0,-25.6096,-22.1086
盤前漲・開盤後漲,P,13:00,-1.0,83.0,-7.10594613906607,-4.384238052197225,0.30120481927710846,-589.7935295424838,-686.8317295424835
盤前漲・開盤後漲,P,13:00,-0.5,86.0,-6.779280767224517,-4.179797898776164,0.3488372093023256,-583.0181459813084,-682.6674859813083
盤前漲・開盤後漲,P,13:00,0.0,86.0,-3.2941954418604653,-4.240363552234516,0.20930232558139536,-283.300808,-345.22560400000003
盤前漲・開盤後漲,P,13:00,0.5,86.0,-1.0108269915883226,-16.813532788689884,0.0,-86.93112127659575,-83.43012127659574
盤前漲・開盤後漲,P,13:00,1.0,82.0,-0.7907219512195123,-75.7674414234952,0.0,-64.8392,-61.33820000000001
盤前漲・開盤後漲,P,13:00,1.5,72.0,-0.7572013888888889,-102.84977955782797,0.0,-54.518499999999996,-51.0175
盤前漲・開盤後漲,P,13:00,2.0,61.0,-0.778967213114754,-40.787344527497545,0.0,-47.516999999999996,-44.01599999999999
盤前漲・開盤後漲,P,13:00,3.0,42.0,-0.7705083333333332,-48.137847608342355,0.0,-32.361349999999995,-28.86034999999999
盤前漲・開盤後跌,C,09:00,-1.0,56.0,23.052275624999996,2.103440242235625,0.6428571428571429,1290.9274349999998,325.8843450000001
盤前漲・開盤後跌,C,09:00,-0.5,56.0,18.71211313380282,1.8435986400280981,0.6071428571428571,1047.8783354929578,136.78949549295777
盤前漲・開盤後跌,C,09:00,0.0,56.0,13.125519416376306,1.6116879350635176,0.44642857142857145,735.0290873170732,-89.2657770731707
盤前漲・開盤後跌,C,09:00,0.5,56.0,4.698276784223083,0.9019345716612743,0.26785714285714285,263.10349991649264,-279.050575782881
盤前漲・開盤後跌,C,09:00,1.0,56.0,1.8979527329192547,0.6638989209754269,0.08928571428571429,106.28535304347827,-175.36493260869565
盤前漲・開盤後跌,C,09:00,1.5,51.0,0.6556439215686275,0.39229475874373365,0.0392156862745098,33.43784,-69.49369999999996
盤前漲・開盤後跌,C,09:00,2.0,41.0,-1.0835097560975608,-18.39590309047424,0.0,-44.423899999999996,-40.8228
盤前漲・開盤後跌,C,09:00,3.0,32.0,-0.8878874999999999,-27.72979630254277,0.0,-28.412399999999998,-24.911399999999997
盤前漲・開盤後跌,C,09:30,-1.0,58.0,-0.052877045993131956,-0.005407189248023573,0.5689655172413793,-3.0668686676016534,-642.4562865077139
盤前漲・開盤後跌,C,09:30,-0.5,59.0,-0.8541554576271175,-0.10168761107506256,0.5423728813559322,-50.39517199999993,-651.747012
盤前漲・開盤後跌,C,09:30,0.0,59.0,-0.33548508474576216,-0.05563520964366685,0.3728813559322034,-19.79361999999997,-544.5186599999997
盤前漲・開盤後跌,C,09:30,0.5,59.0,-1.1325247457627112,-0.35379869498515365,0.1694915254237288,-66.81895999999996,-346.89725999999996
盤前漲・開盤後跌,C,09:30,1.0,59.0,-0.9364796103029496,-0.4251940230055085,0.01694915254237288,-55.25229700787403,-172.916637007874
盤前漲・開盤後跌,C,09:30,1.5,53.0,-0.9724926719415703,-1.382128218430846,0.018867924528301886,-51.54211161290323,-78.11535161290323
盤前漲・開盤後跌,C,09:30,2.0,41.0,-1.1211082926829268,-6.810159971890972,0.0,-45.96544,-42.46444
盤前漲・開盤後跌,C,09:30,3.0,30.0,-0.91041,-13.821804889741149,0.0,-27.3123,-23.8113
盤前漲・開盤後跌,C,10:00,-1.0,60.0,3.8631781181434612,0.4827207368564898,0.5333333333333333,231.79068708860768,-361.6318762025317
盤前漲・開盤後跌,C,10:00,-0.5,61.0,1.2386292790410722,0.1675227263661314,0.5245901639344263,75.5563860215054,-483.1658939784945
盤前漲・開盤後跌,C,10:00,0.0,61.0,2.1670024537281867,0.4468114071671509,0.4098360655737705,132.1871496774194,-321.37973032258066
盤前漲・開盤後跌,C,10:00,0.5,61.0,-0.23901464480874315,-0.1083329164761528,0.11475409836065574,-14.579893333333333,-227.75627333333335
盤前漲・開盤後跌,C,10:00,1.0,61.0,-1.1550774833850244,-1.5117919463549752,0.03278688524590164,-70.45972648648649,-119.63478648648649
盤前漲・開盤後跌,C,10:00,1.5,51.0,-1.1866633986928103,-9.424082435391698,0.0,-60.51983333333333,-57.01883333333335
盤前漲・開盤後跌,C,10:00,2.0,38.0,-0.95045,-21.60742135283277,0.0,-36.1171,-32.6161
盤前漲・開盤後跌,C,10:00,3.0,22.0,-0.9049499999999999,-25.30770987102619,0.0,-19.9089,-16.3078
盤前漲・開盤後跌,C,10:30,-1.0,60.0,2.2768105459163746,0.2879040627016976,0.48333333333333334,136.60863275498247,-481.8793699179364
盤前漲・開盤後跌,C,10:30,-0.5,60.0,1.768136333333332,0.24406225800719009,0.43333333333333335,106.08817999999992,-485.93958
盤前漲・開盤後跌,C,10:30,0.0,60.0,3.176635,0.6346962923511911,0.35,190.59810000000002,-289.3951799999999
盤前漲・開盤後跌,C,10:30,0.5,60.0,0.9294894853801167,0.4275063893857711,0.15,55.769369122807,-173.21403017543852
盤前漲・開盤後跌,C,10:30,1.0,59.0,-1.0067121215663355,-1.874453884437218,0.01694915254237288,-59.3960151724138,-85.76905517241374
盤前漲・開盤後跌,C,10:30,1.5,49.0,-1.0311428571428571,-18.903784835145135,0.0,-50.525999999999996,-47.025000000000006
盤前漲・開盤後跌,C,10:30,2.0,39.0,-0.8747333333333333,-28.695619792363498,0.0,-34.114599999999996,-30.613599999999995
盤前漲・開盤後跌,C,10:30,3.0,23.0,-0.8307652173913044,-28.513133443488876,0.0,-19.1076,-15.6066
盤前漲・開盤後跌,C,11:00,-1.0,57.0,-5.054038952653941,-0.8281677256421331,0.43859649122807015,-288.0802203012746,-773.5981725376591
盤前漲・開盤後跌,C,11:00,-0.5,57.0,-7.413840029861889,-1.1948918404591717,0.3508771929824561,-422.5888817021277,-890.6919417021276
盤前漲・開盤後跌,C,11:00,0.0,57.0,-5.214958079409048,-1.1881230079585376,0.21052631578947367,-297.2526105263158,-674.1125315789475
盤前漲・開盤後跌,C,11:00,0.5,57.0,-0.5356210526315786,-0.30604813260246055,0.08771929824561403,-30.53039999999998,-202.11439999999996
盤前漲・開盤後跌,C,11:00,1.0,53.0,-1.3396753144654088,-10.295577367702624,0.0,-71.00279166666667,-67.50179166666668
盤前漲・開盤後跌,C,11:00,1.5,44.0,-0.9231499999999998,-19.129651643232275,0.0,-40.618599999999994,-37.11760000000002
盤前漲・開盤後跌,C,11:00,2.0,26.0,-0.8156999999999999,-25.30886598898097,0.0,-21.208199999999998,-17.707199999999997
盤前漲・開盤後跌,C,11:00,3.0,19.0,-0.7792263157894737,-36.976273726273725,0.0,-14.805299999999999,-11.304300000000001
盤前漲・開盤後跌,C,11:30,-1.0,48.0,-11.246495703125,-2.0727477636344176,0.3541666666666667,-539.83179375,-838.159965
盤前漲・開盤後跌,C,11:30,-0.5,49.0,-13.720223764172331,-2.5371846750160976,0.32653061224489793,-672.2909644444443,-961.8287044444443
盤前漲・開盤後跌,C,11:30,0.0,49.0,-8.738001904761905,-2.552469492816397,0.2857142857142857,-428.16209333333336,-616.6282933333333
盤前漲・開盤後跌,C,11:30,0.5,49.0,-3.1393409357889497,-3.583774212469891,0.02040816326530612,-153.82770585365853,-179.0666658536585
盤前漲・開盤後跌,C,11:30,1.0,45.0,-1.1394764444444443,-13.034294962506626,0.0,-51.276439999999994,-47.775439999999996
盤前漲・開盤後跌,C,11:30,1.5,39.0,-0.9080999999999998,-21.145892037384478,0.0,-35.41589999999999,-31.914899999999996
盤前漲・開盤後跌,C,11:30,2.0,25.0,-0.8243240000000001,-26.359608644806332,0.0,-20.6081,-17.1071
盤前漲・開盤後跌,C,11:30,3.0,12.0,-0.8336666666666667,-32.50268796414716,0.0,-10.004,-6.2027
盤前漲・開盤後跌,C,12:00,-1.0,50.0,-5.808465519805586,-1.1523306924090428,0.44,-290.4232759902793,-596.7028829404617
盤前漲・開盤後跌,C,12:00,-0.5,51.0,-7.026909888712242,-1.5041079244678581,0.4117647058823529,-358.37240432432435,-637.2856443243244
盤前漲・開盤後跌,C,12:00,0.0,51.0,-5.700016956394497,-1.9430518038423052,0.2549019607843137,-290.7008647761193,-487.71150925373144
盤前漲・開盤後跌,C,12:00,0.5,51.0,-2.622170651486401,-7.786024650273069,0.0,-133.73070322580645,-129.72920322580646
盤前漲・開盤後跌,C,12:00,1.0,44.0,-1.0505499999999999,-14.695337305251245,0.0,-46.224199999999996,-42.72320000000001
盤前漲・開盤後跌,C,12:00,1.5,36.0,-0.8475694444444444,-32.2282113695328,0.0,-30.5125,-27.01149999999999
盤前漲・開盤後跌,C,12:00,2.0,26.0,-0.8310999999999998,-32.84359433928885,0.0,-21.608599999999996,-18.107599999999994
盤前漲・開盤後跌,C,12:00,3.0,12.0,-0.7836166666666667,-37.78267644525856,0.0,-9.403400000000001,-5.8023
盤前漲・開盤後跌,C,12:30,-1.0,53.0,-2.3686840454453235,-0.5250172613220977,0.4528301886792453,-125.54025440860214,-407.1519918757467
盤前漲・開盤後跌,C,12:30,-0.5,54.0,-2.715694444444444,-0.657469348977544,0.4444444444444444,-146.64749999999998,-414.14997999999997
盤前漲・開盤後跌,C,12:30,0.0,54.0,-2.8112201757689883,-1.1779480100016784,0.2777777777777778,-151.80588949152536,-329.4405101694915
盤前漲・開盤後跌,C,12:30,0.5,54.0,-1.7426766203703707,-9.701456673250913,0.0,-94.10453750000002,-90.50343749999999
盤前漲・開盤後跌,C,12:30,1.0,50.0,-0.9171860000000001,-20.077145076632696,0.0,-45.859300000000005,-42.35830000000001
盤前漲・開盤後跌,C,12:30,1.5,37.0,-0.8111216216216216,-32.35080803643768,0.0,-30.011499999999998,-26.510499999999997
盤前漲・開盤後跌,C,12:30,2.0,23.0,-0.7872434782608697,-49.82131330769533,0.0,-18.106600000000004,-14.6056
盤前漲・開盤後跌,C,12:30,3.0,15.0,-0.7825044444444444,-32.742255175230746,0.0,-11.737566666666666,-8.236566666666667
盤前漲・開盤後跌,C,13:00,-1.0,54.0,-2.813919102225284,-1.1178672060164088,0.3888888888888889,-151.95163152016534,-288.5086317063081
盤前漲・開盤後跌,C,13:00,-0.5,55.0,-3.4411869946524054,-1.271747635958665,0.4,-189.2652847058823,-329.3787247058824
盤前漲・開盤後跌,C,13:00,0.0,55.0,-1.7937628292682921,-1.1741320807878048,0.2,-98.65695560975607,-226.31076048780488
盤前漲・開盤後跌,C,13:00,0.5,54.0,-1.0216851851851851,-11.781531926746863,0.0,-55.171,-51.669999999999995
盤前漲・開盤後跌,C,13:00,1.0,49.0,-0.7859999999999998,-35.4336699146265,0.0,-38.51399999999999,-35.013000000000005
盤前漲・開盤後跌,C,13:00,1.5,37.0,-0.7965124324324324,-33.52754275403553,0.0,-29.470959999999998,-25.96996
盤前漲・開盤後跌,C,13:00,2.0,20.0,-0.7500831666666667,-28.006350639785072,0.0,-15.001663333333335,-11.500663333333335
盤前漲・開盤後跌,C,13:00,3.0,10.0,-0.825325,-17.435894529438325,0.0,-8.25325,-4.75225
盤前漲・開盤後跌,P,09:00,-1.0,55.0,-29.104071724624877,-2.815391037898527,0.34545454545454546,-1600.7239448543683,-2146.5871788349505
盤前漲・開盤後跌,P,09:00,-0.5,56.0,-26.017179128919857,-2.9591897212385403,0.32142857142857145,-1456.962031219512,-1963.0283224390244
盤前漲・開盤後跌,P,09:00,0.0,56.0,-16.219347526132406,-2.6394056791493754,0.26785714285714285,-908.2834614634147,-1338.4923400000002
盤前漲・開盤後跌,P,09:00,0.5,56.0,-9.484539756706178,-2.3979890899150984,0.08928571428571429,-531.134226375546,-793.1493663755458
盤前漲・開盤後跌,P,09:00,1.0,56.0,-4.159743,-1.474502324118866,0.017857142857142856,-232.945608,-372.7463279999999
盤前漲・開盤後跌,P,09:00,1.5,56.0,-1.3608163265306126,-0.7367753320201154,0.017857142857142856,-76.20571428571431,-170.21191428571424
盤前漲・開盤後跌,P,09:00,2.0,55.0,-1.0227619955654104,-1.0829271015552118,0.01818181818181818,-56.25190975609757,-101.45930975609755
盤前漲・開盤後跌,P,09:00,3.0,45.0,-1.188758245614035,-7.654577960487108,0.0,-53.49412105263158,-49.592721052631575
盤前漲・開盤後跌,P,09:30,-1.0,59.0,-8.87916316416743,-0.8820518019713985,0.3728813559322034,-523.8706266858784,-1301.1372436887607
盤前漲・開盤後跌,P,09:30,-0.5,59.0,-8.100022923340072,-0.8865721391552168,0.3728813559322034,-477.9013524770643,-1224.2536524770646
盤前漲・開盤後跌,P,09:30,0.0,59.0,-5.800983193577164,-0.8643589400730685,0.3220338983050847,-342.25800842105264,-968.3398084210526
盤前漲・開盤後跌,P,09:30,0.5,59.0,-4.464794576271187,-1.1771960734872886,0.11864406779661017,-263.42288,-633.6987799999998
盤前漲・開盤後跌,P,09:30,1.0,59.0,-2.549489830508475,-1.2626164952298342,0.05084745762711865,-150.41990000000004,-293.78105999999997
盤前漲・開盤後跌,P,09:30,1.5,58.0,-2.9752901320616285,-4.436566058260569,0.0,-172.56682765957444,-168.76552765957445
盤前漲・開盤後跌,P,09:30,2.0,52.0,-1.9176347345132743,-4.075027672815487,0.0,-99.71700619469026,-96.01580619469021
盤前漲・開盤後跌,P,09:30,3.0,44.0,-1.18432,-6.043549536534428,0.0,-52.11008,-48.60908
盤前漲・開盤後跌,P,10:00,-1.0,61.0,-10.0917424710116,-1.2438878069279675,0.4098360655737705,-615.5962907317075,-1176.3006351219515
盤前漲・開盤後跌,P,10:00,-0.5,61.0,-8.48857686587613,-1.167253899547684,0.4098360655737705,-517.8031888184439,-1059.0305088184436
盤前漲・開盤後跌,P,10:00,0.0,61.0,-4.606168302065455,-0.9767399540865069,0.2786885245901639,-280.9762664259927,-694.9760864259927
盤前漲・開盤後跌,P,10:00,0.5,61.0,-4.538964439392126,-2.214146696059859,0.09836065573770492,-276.8768308029197,-466.12827080291976
盤前漲・開盤後跌,P,10:00,1.0,61.0,-3.6191032658309226,-4.489675866422226,0.0,-220.76529921568627,-216.96271921568626
盤前漲・開盤後跌,P,10:00,1.5,61.0,-1.945306317473011,-4.185705016673064,0.0,-118.66368536585367,-115.16268536585365
盤前漲・開盤後跌,P,10:00,2.0,49.0,-1.4952940886699508,-3.997955760881753,0.0,-73.26941034482759,-69.76841034482757
盤前漲・開盤後跌,P,10:00,3.0,39.0,-1.025179487179487,-6.447272052558216,0.0,-39.98199999999999,-36.481
盤前漲・開盤後跌,P,10:30,-1.0,60.0,-9.905022172690765,-1.2673535406485539,0.43333333333333335,-594.3013303614459,-1091.4369549397593
盤前漲・開盤後跌,P,10:30,-0.5,60.0,-7.682536339080459,-1.1341660356252576,0.4,-460.9521803448275,-938.0045137931035
盤前漲・開盤後跌,P,10:30,0.0,60.0,-3.816012083333333,-0.8980733628795378,0.3333333333333333,-228.96072499999997,-586.2850175000002
盤前漲・開盤後跌,P,10:30,0.5,60.0,-4.027600333333333,-2.442214935405801,0.11666666666666667,-241.65601999999998,-367.45413999999994
盤前漲・開盤後跌,P,10:30,1.0,59.0,-2.7817935969868173,-5.142442047966347,0.0,-164.1258222222222,-160.62482222222218
盤前漲・開盤後跌,P,10:30,1.5,51.0,-1.7401258189503346,-4.87356962301679,0.0,-88.74641676646706,-85.24541676646703
盤前漲・開盤後跌,P,10:30,2.0,43.0,-1.3162085271317827,-5.604220413667755,0.0,-56.59696666666666,-53.09596666666667
盤前漲・開盤後跌,P,10:30,3.0,31.0,-1.115668817204301,-5.380241408689434,0.0,-34.58573333333333,-31.084733333333332
盤前漲・開盤後跌,P,11:00,-1.0,57.0,-2.529310731545843,-0.41601766233555704,0.45614035087719296,-144.17071169811305,-504.2214007547167
盤前漲・開盤後跌,P,11:00,-0.5,57.0,-1.161227187323147,-0.22705160441021252,0.43859649122807015,-66.18994967741938,-413.9552896774193
盤前漲・開盤後跌,P,11:00,0.0,57.0,-4.276505301668807,-1.364950869936217,0.22807017543859648,-243.76080219512198,-485.25133121951205
盤前漲・開盤後跌,P,11:00,0.5,57.0,-4.643849684210526,-6.06739012446899,0.03508771929824561,-264.699432,-276.5510919999999
盤前漲・開盤後跌,P,11:00,1.0,55.0,-2.1224634146341463,-6.154778017730539,0.0,-116.73548780487805,-113.13438780487803
盤前漲・開盤後跌,P,11:00,1.5,47.0,-1.3421472487160673,-7.805588493684534,0.0,-63.08092068965516,-59.57992068965518
盤前漲・開盤後跌,P,11:00,2.0,32.0,-1.103549375,-9.107496250804294,0.0,-35.31358,-31.812579999999997
盤前漲・開盤後跌,P,11:00,3.0,26.0,-0.9119499999999999,-15.088200122775223,0.0,-23.7107,-20.209699999999994
盤前漲・開盤後跌,P,11:30,-1.0,48.0,5.366622045549963,1.0144702597854462,0.6041666666666666,257.59785818639824,-36.736680201511085
盤前漲・開盤後跌,P,11:30,-0.5,49.0,3.6720889795918374,0.754328810322284,0.6122448979591837,179.93236000000005,-83.34505999999996
盤前漲・開盤後跌,P,11:30,0.0,49.0,-0.5502219652971322,-0.1829709500267685,0.3673469387755102,-26.960876299559477,-209.1869340969163
盤前漲・開盤後跌,P,11:30,0.5,49.0,-3.90384612244898,-6.206684378548148,0.02040816326530612,-191.28846000000001,-195.89548000000002
盤前漲・開盤後跌,P,11:30,1.0,45.0,-1.6883716504854365,-7.0217328319404,0.0,-75.97672427184465,-72.47572427184465
盤前漲・開盤後跌,P,11:30,1.5,40.0,-1.1267130434782608,-10.269448297230008,0.0,-45.06852173913043,-41.56752173913044
盤前漲・開盤後跌,P,11:30,2.0,28.0,-0.9871646825396825,-11.375269281029682,0.0,-27.64061111111111,-24.13961111111111
盤前漲・開盤後跌,P,11:30,3.0,17.0,-0.8518220588235293,-21.326081457943896,0.0,-14.480974999999999,-10.979975000000001
盤前漲・開盤後跌,P,12:00,-1.0,49.0,-0.06618683550528173,-0.013312611783944755,0.5306122448979592,-3.2431549397588046,-300.4308922891565
盤前漲・開盤後跌,P,12:00,-0.5,51.0,-1.4729786274509797,-0.3010164583257751,0.5098039215686274,-75.12190999999997,-363.83330999999987
盤前漲・開盤後跌,P,12:00,0.0,51.0,-3.234741580333625,-1.0888497178620455,0.27450980392156865,-164.97182059701487,-362.4897301492536
盤前漲・開盤後跌,P,12:00,0.5,51.0,-3.201236535947712,-3.6246069454467507,0.0392156862745098,-163.26306333333332,-190.54426333333328
盤前漲・開盤後跌,P,12:00,1.0,46.0,-1.6248477315689984,-5.182355562037936,0.0,-74.74299565217393,-71.1418956521739
盤前漲・開盤後跌,P,12:00,1.5,34.0,-1.1576386307189543,-6.962546512764877,0.0,-39.359713444444445,-35.85871344444445
盤前漲・開盤後跌,P,12:00,2.0,30.0,-0.9085033333333332,-10.966382711260616,0.0,-27.255099999999995,-23.754099999999998
盤前漲・開盤後跌,P,12:00,3.0,12.0,-0.7912,-21.43393658248564,0.0,-9.4944,-5.993399999999999
盤前漲・開盤後跌,P,12:30,-1.0,52.0,-2.6059490508684817,-0.5793694725352684,0.5,-135.50935064516105,-429.8538096774193
盤前漲・開盤後跌,P,12:30,-0.5,54.0,-4.128779629629627,-0.9273435767583935,0.46296296296296297,-222.95409999999987,-515.04268
盤前漲・開盤後跌,P,12:30,0.0,54.0,-3.5856140194292645,-1.333865187917358,0.2777777777777778,-193.6231570491803,-390.1731170491803
盤前漲・開盤後跌,P,12:30,0.5,54.0,-1.9190472541507029,-2.752136827072372,0.037037037037037035,-103.62855172413795,-131.7071
盤前漲・開盤後跌,P,12:30,1.0,45.0,-1.272184307270233,-6.47093640435853,0.0,-57.24829382716048,-53.74729382716049
盤前漲・開盤後跌,P,12:30,1.5,40.0,-0.8946799999999999,-14.706031110174626,0.0,-35.7872,-32.286199999999994
盤前漲・開盤後跌,P,12:30,2.0,31.0,-0.8302838709677419,-25.72183732576597,0.0,-25.7388,-22.2378
盤前漲・開盤後跌,P,12:30,3.0,21.0,-0.77456,-31.286105544885967,0.0,-16.26576,-12.764759999999999
盤前漲・開盤後跌,P,13:00,-1.0,53.0,-1.1855717523739044,-0.44267609429626137,0.4716981132075472,-62.835302875816936,-247.25834614379082
盤前漲・開盤後跌,P,13:00,-0.5,55.0,-1.7475615361087495,-0.6292581999034739,0.4,-96.11588448598123,-287.87018448598127
盤前漲・開盤後跌,P,13:00,0.0,55.0,-1.3510307393939387,-0.7353931610573194,0.2545454545454545,-74.30669066666663,-216.7994493333333
盤前漲・開盤後跌,P,13:00,0.5,55.0,-1.0557582978723403,-11.742361468561215,0.0,-58.06670638297872,-54.56570638297873
盤前漲・開盤後跌,P,13:00,1.0,46.0,-0.7797108695652171,-45.66615998635181,0.0,-35.86669999999999,-32.3657
盤前漲・開盤後跌,P,13:00,1.5,34.0,-0.7384735294117646,-71.24839543000074,0.0,-25.108099999999997,-21.607099999999992
盤前漲・開盤後跌,P,13:00,2.0,32.0,-0.7565062499999999,-60.70531496294099,0.0,-24.208199999999998,-20.707199999999997
盤前漲・開盤後跌,P,13:00,3.0,25.0,-0.776276,-33.81342863053001,0.0,-19.4069,-15.9059
盤前跌・開盤後漲,C,09:00,-1.0,76.0,-0.27127305921052747,-0.03342549478892042,0.4605263157894737,-20.61675250000009,-692.9207199999998
盤前跌・開盤後漲,C,09:00,-0.5,75.0,-1.4597179267605633,-0.19849609282796155,0.4266666666666667,-109.47884450704225,-721.5647045070423
盤前跌・開盤後漲,C,09:00,0.0,75.0,1.3754639934959347,0.2649038058166795,0.37333333333333335,103.15979951219511,-416.7026404878048
盤前跌・開盤後漲,C,09:00,0.5,75.0,0.07877286847599155,0.029311091361939285,0.2,5.907965135699366,-299.9937348643007
盤前跌・開盤後漲,C,09:00,1.0,74.0,-2.293499359576969,-2.8096498812555,0.05405405405405406,-169.7189526086957,-231.88309434782605
盤前跌・開盤後漲,C,09:00,1.5,69.0,-1.7814362318840578,-5.432867552283144,0.0,-122.91909999999999,-119.41810000000001
盤前跌・開盤後漲,C,09:00,2.0,59.0,-1.1831683615819206,-8.283360881156373,0.0,-69.80693333333332,-66.30593333333331
盤前跌・開盤後漲,C,09:00,3.0,42.0,-0.9778106666666668,-10.735324849569473,0.0,-41.068048000000005,-37.56704800000001
盤前跌・開盤後漲,C,09:30,-1.0,77.0,-6.071898145388972,-1.0569037918775477,0.42857142857142855,-467.5361571949508,-978.204972342216
盤前跌・開盤後漲,C,09:30,-0.5,76.0,-9.693078736842105,-1.762348732575441,0.3815789473684211,-736.673984,-1224.757384
盤前跌・開盤後漲,C,09:30,0.0,76.0,-6.87059212406015,-1.986363805735017,0.2894736842105263,-522.1650014285714,-885.4907814285716
盤前跌・開盤後漲,C,09:30,0.5,76.0,-3.559545,-2.3267762754757997,0.05263157894736842,-270.52542,-399.6988199999999
盤前跌・開盤後漲,C,09:30,1.0,72.0,-1.050540461504812,-1.4303017064388277,0.013888888888888888,-75.63891322834647,-122.34387322834644
盤前跌・開盤後漲,C,09:30,1.5,63.0,-1.1233569892473119,-9.482604423072695,0.0,-70.77149032258065,-67.27049032258063
盤前跌・開盤後漲,C,09:30,2.0,47.0,-0.9153085106382979,-23.769232380099997,0.0,-43.0195,-39.5185
盤前跌・開盤後漲,C,09:30,3.0,30.0,-0.82032,-38.80547342069862,0.0,-24.6096,-21.1086
盤前跌・開盤後漲,C,10:00,-1.0,77.0,-7.539858642117376,-1.2879683469801924,0.42857142857142855,-580.569115443038,-1065.9628260759494
盤前跌・開盤後漲,C,10:00,-0.5,76.0,-9.313574473684211,-1.7459006966107173,0.39473684210526316,-707.83166,-1152.0446400000003
盤前跌・開盤後漲,C,10:00,0.0,76.0,-4.3391239700056605,-1.3393643853098431,0.3026315789473684,-329.7734217204302,-676.6951617204301
盤前跌・開盤後漲,C,10:00,0.5,76.0,-2.507808706140351,-2.4339625273637795,0.07894736842105263,-190.59346166666666,-308.2683816666666
盤前跌・開盤後漲,C,10:00,1.0,75.0,-1.5502744504504504,-7.636937826155642,0.0,-116.27058378378378,-112.76958378378373
盤前跌・開盤後漲,C,10:00,1.5,58.0,-1.0692729885057473,-10.0713755625824,0.0,-62.017833333333336,-58.516833333333345
盤前跌・開盤後漲,C,10:00,2.0,41.0,-0.9639873680378594,-13.044298482302505,0.0,-39.52348208955224,-36.02248208955224
盤前跌・開盤後漲,C,10:00,3.0,25.0,-0.8283280000000001,-23.39900968111037,0.0,-20.7082,-17.207199999999997
盤前跌・開盤後漲,C,10:30,-1.0,74.0,-12.12569521941637,-2.0411015583127403,0.40540540540540543,-897.3014462368113,-1294.9260491207506
盤前跌・開盤後漲,C,10:30,-0.5,73.0,-9.388047945205479,-1.9279792314797903,0.3424657534246575,-685.3274999999999,-1060.35492
盤前跌・開盤後漲,C,10:30,0.0,73.0,-5.0880982191780815,-1.7357245628246512,0.2876712328767123,-371.43116999999995,-646.71483
盤前跌・開盤後漲,C,10:30,0.5,73.0,-3.135043523191541,-3.678730753181983,0.0410958904109589,-228.85817719298248,-280.5384171929824
盤前跌・開盤後漲,C,10:30,1.0,67.0,-1.3080125579001542,-8.798274043984295,0.0,-87.63684137931034,-84.1358413793103
盤前跌・開盤後漲,C,10:30,1.5,53.0,-0.9689968301886793,-13.172438202791096,0.0,-51.356832000000004,-47.855832
盤前跌・開盤後漲,C,10:30,2.0,34.0,-0.8709588235294117,-16.419659651670738,0.0,-29.612599999999997,-26.111599999999992
盤前跌・開盤後漲,C,10:30,3.0,21.0,-0.8146,-19.05906532619896,0.0,-17.1066,-13.6056
盤前跌・開盤後漲,C,11:00,-1.0,68.0,-2.6767100729329956,-0.5226854585415829,0.4411764705882353,-182.0162849594437,-556.7090081112397
盤前跌・開盤後漲,C,11:00,-0.5,69.0,-5.274886376811594,-1.068929434128721,0.42028985507246375,-363.96716,-724.0843199999999
盤前跌・開盤後漲,C,11:00,0.0,69.0,-0.44406001525553007,-0.146625098106982,0.36231884057971014,-30.640141052631574,-333.67384421052634
盤前跌・開盤後漲,C,11:00,0.5,67.0,-2.849514626865672,-4.899825545876269,0.04477611940298507,-190.91748,-213.06531999999999
盤前跌・開盤後漲,C,11:00,1.0,58.0,-1.2469387212643679,-7.8629009496071856,0.0,-72.32244583333333,-68.82144583333331
盤前跌・開盤後漲,C,11:00,1.5,40.0,-0.9873178169014084,-9.197486265777684,0.0,-39.492712676056335,-35.991712676056345
盤前跌・開盤後漲,C,11:00,2.0,32.0,-0.8474886143410851,-14.48364279536182,0.0,-27.119635658914724,-23.618635658914723
盤前跌・開盤後漲,C,11:00,3.0,11.0,-0.8198000000000001,-13.363014915456699,0.0,-9.017800000000001,-5.4167000000000005
盤前跌・開盤後漲,C,11:30,-1.0,70.0,-1.693056517857143,-0.4075485081937243,0.4857142857142857,-118.51395625,-453.63785125000004
盤前跌・開盤後漲,C,11:30,-0.5,70.0,-2.3201019999999994,-0.5884649390821551,0.44285714285714284,-162.40713999999997,-483.47132
盤前跌・開盤後漲,C,11:30,0.0,70.0,-2.8240090857142857,-1.0791309104880484,0.2857142857142857,-197.680636,-452.23224
盤前跌・開盤後漲,C,11:30,0.5,70.0,-2.221124425087109,-4.28886387353146,0.04285714285714286,-155.47870975609763,-181.07422975609757
盤前跌・開盤後漲,C,11:30,1.0,61.0,-1.082195737704918,-7.773936100314473,0.0,-66.01394,-62.512939999999986
盤前跌・開盤後漲,C,11:30,1.5,44.0,-0.9118439393939393,-11.795974415353404,0.0,-40.121133333333326,-36.62013333333335
盤前跌・開盤後漲,C,11:30,2.0,23.0,-0.8568782608695653,-11.949901465802508,0.0,-19.7082,-16.2072
盤前跌・開盤後漲,C,11:30,3.0,14.0,-0.7860000000000001,-17.725691161294154,0.0,-11.004000000000001,-7.502999999999999
盤前跌・開盤後漲,C,12:00,-1.0,72.0,-4.867609828203048,-1.2607050124250985,0.4444444444444444,-350.4679076306195,-627.7412751154311
盤前跌・開盤後漲,C,12:00,-0.5,71.0,-5.6378050704225355,-1.4567872721541526,0.4507042253521127,-400.28416000000004,-668.32944
盤前跌・開盤後漲,C,12:00,0.0,71.0,-2.676137859995795,-1.1780390336721738,0.352112676056338,-190.00578805970144,-394.20302746268646
盤前跌・開盤後漲,C,12:00,0.5,69.0,-2.219607237026648,-4.327507929818261,0.028985507246376812,-153.15289935483872,-172.38241032258065
盤前跌・開盤後漲,C,12:00,1.0,58.0,-1.0169302068965518,-13.748703132179257,0.0,-58.981952,-55.480952000000016
盤前跌・開盤後漲,C,12:00,1.5,37.0,-0.8871331081081082,-16.18389660391649,0.0,-32.823925,-29.322924999999998
盤前跌・開盤後漲,C,12:00,2.0,20.0,-0.825325,-21.92267204886399,0.0,-16.5065,-13.005500000000001
盤前跌・開盤後漲,C,12:00,3.0,12.0,-0.7419083333333334,-32.37835006318153,0.0,-8.9029,-5.401899999999999
盤前跌・開盤後漲,C,12:30,-1.0,67.0,0.4095937484619917,0.1305135043342134,0.5671641791044776,27.442781146953443,-234.28587476702512
盤前跌・開盤後漲,C,12:30,-0.5,66.0,0.445843740949317,0.14435897524695313,0.5454545454545454,29.425686902654924,-231.4590033628318
盤前跌・開盤後漲,C,12:30,0.0,66.0,-0.9621058808423211,-0.427864235401145,0.3333333333333333,-63.498988135593194,-273.18577016949143
盤前跌・開盤後漲,C,12:30,0.5,65.0,-1.598444717948718,-9.867125986505457,0.0,-103.89890666666668,-100.60386666666665
盤前跌・開盤後漲,C,12:30,1.0,55.0,-0.85868,-27.782518060115255,0.0,-47.2274,-43.7264
盤前跌・開盤後漲,C,12:30,1.5,36.0,-0.7585916666666666,-45.633298107437916,0.0,-27.309299999999997,-23.808299999999992
盤前跌・開盤後漲,C,12:30,2.0,20.0,-0.765265,-50.966699966699935,0.0,-15.305299999999999,-11.804300000000001
盤前跌・開盤後漲,C,12:30,3.0,9.0,-0.7558111111111111,-42.97854411141529,0.0,-6.8023,-3.2012
盤前跌・開盤後漲,C,13:00,-1.0,71.0,0.5737179667040512,0.3166483833733238,0.4225352112676056,40.73397563598763,-145.83355888314367
盤前跌・開盤後漲,C,13:00,-0.5,70.0,0.9999014285714285,0.5462212937246028,0.42857142857142855,69.9931,-113.92896000000002
盤前跌・開盤後漲,C,13:00,0.0,70.0,-0.6157625435540068,-0.4632229015037535,0.2571428571428571,-43.10337804878048,-190.5233419512195
盤前跌・開盤後漲,C,13:00,0.5,67.0,-0.9686125373134329,-15.172568587895169,0.0,-64.89704,-61.544800000000016
盤前跌・開盤後漲,C,13:00,1.0,59.0,-0.7858788135593219,-33.360132569358434,0.0,-46.36684999999999,-42.86585000000001
盤前跌・開盤後漲,C,13:00,1.5,41.0,-0.7480526829268291,-53.44030154026329,0.0,-30.670159999999996,-27.169159999999994
盤前跌・開盤後漲,C,13:00,2.0,29.0,-0.7752174712643679,-40.165204982001605,0.0,-22.48130666666667,-18.980306666666667
盤前跌・開盤後漲,C,13:00,3.0,9.0,-0.7446888888888888,-42.34608857938161,0.0,-6.7021999999999995,-3.2012
盤前跌・開盤後漲,P,09:00,-1.0,76.0,-8.645564430250372,-1.0187367829259397,0.42105263157894735,-657.0628966990283,-1365.3149807766988
盤前跌・開盤後漲,P,09:00,-0.5,76.0,-5.794328639281129,-0.8234693602841239,0.3815789473684211,-440.3689765853658,-1100.3497087804876
盤前跌・開盤後漲,P,09:00,0.0,76.0,-3.3268061360718884,-0.6808039487849655,0.2894736842105263,-252.8372663414635,-783.2940473170731
盤前跌・開盤後漲,P,09:00,0.5,76.0,-4.575388492300621,-1.7405648127439655,0.10526315789473684,-347.72952541484716,-685.5333254148472
盤前跌・開盤後漲,P,09:00,1.0,76.0,-2.855422684210527,-2.1809164985365217,0.039473684210526314,-217.01212400000003,-350.58966399999986
盤前跌・開盤後漲,P,09:00,1.5,76.0,-2.6290873684210525,-6.041119777463633,0.02631578947368421,-199.81064,-204.00915714285708
盤前跌・開盤後漲,P,09:00,2.0,73.0,-1.9924030404276643,-5.2239596602578695,0.0,-145.4454219512195,-141.7442219512195
盤前跌・開盤後漲,P,09:00,3.0,64.0,-1.3456638980263156,-5.1585944781182365,0.0,-86.1224894736842,-82.62148947368419
盤前跌・開盤後漲,P,09:30,-1.0,77.0,-2.202561378794108,-0.4008616084986579,0.5064935064935064,-169.5972261671463,-562.3516013256477
盤前跌・開盤後漲,P,09:30,-0.5,77.0,-4.044960559990471,-0.7888143644103736,0.4805194805194805,-311.4619631192663,-688.3630152293578
盤前跌・開盤後漲,P,09:30,0.0,77.0,-6.163821544771017,-1.8225308329427286,0.35064935064935066,-474.61425894736834,-785.3007789473684
盤前跌・開盤後漲,P,09:30,0.5,77.0,-7.31544730819841,-7.029247311038802,0.06493506493506493,-563.2894427312775,-641.4912427312775
盤前跌・開盤後漲,P,09:30,1.0,77.0,-3.4437672727272717,-9.140247451410223,0.0,-265.1700799999999,-260.96838
盤前跌・開盤後漲,P,09:30,1.5,76.0,-1.6998828947368423,-10.815011770375698,0.0,-129.1911,-125.38979999999995
盤前跌・開盤後漲,P,09:30,2.0,72.0,-1.2425436701081611,-10.118160488509814,0.0,-89.4631442477876,-85.96214424778759
盤前跌・開盤後漲,P,09:30,3.0,56.0,-0.9478283333333334,-18.87588049602379,0.0,-53.07838666666667,-49.577386666666676
盤前跌・開盤後漲,P,10:00,-1.0,77.0,1.311015791363108,0.2125114207830335,0.4805194805194805,100.94821593495932,-495.8039936585365
盤前跌・開盤後漲,P,10:00,-0.5,77.0,0.8869498042591417,0.15673310215686384,0.45454545454545453,68.29513492795391,-488.728725072046
盤前跌・開盤後漲,P,10:00,0.0,77.0,0.33176656758404094,0.08407290227435112,0.33766233766233766,25.546025703971154,-418.7707342960288
盤前跌・開盤後漲,P,10:00,0.5,77.0,-3.0596493828798943,-1.552638632791294,0.09090909090909091,-235.59300248175185,-474.1196802919708
盤前跌・開盤後漲,P,10:00,1.0,77.0,-1.0275561701044056,-0.6916282433283931,0.012987012987012988,-79.12182509803922,-186.3109450980392
盤前跌・開盤後漲,P,10:00,1.5,73.0,-0.4526392515870367,-0.4477957985670493,0.0136986301369863,-33.04266536585368,-102.04358536585363
盤前跌・開盤後漲,P,10:00,2.0,63.0,-0.6662833716475095,-1.4254856775101576,0.015873015873015872,-41.9758524137931,-67.15535862068964
盤前跌・開盤後漲,P,10:00,3.0,50.0,-0.9465999999999998,-16.51368946322682,0.0,-47.32999999999999,-43.82900000000001
盤前跌・開盤後漲,P,10:30,-1.0,70.0,6.1737000068846815,0.9670473876001893,0.5142857142857142,432.1590004819277,-201.8022498795179
盤前跌・開盤後漲,P,10:30,-0.5,74.0,4.324483657968314,0.7363868270367775,0.5,320.01179068965524,-288.0241693103447
盤前跌・開盤後漲,P,10:30,0.0,74.0,3.6410473310810825,0.8888468412703091,0.32432432432432434,269.4375025000001,-210.14025750000013
盤前跌・開盤後漲,P,10:30,0.5,74.0,0.8319375675675676,0.3707250282870723,0.10810810810810811,61.56338,-258.5248
盤前跌・開盤後漲,P,10:30,1.0,74.0,-1.1459406906906906,-1.6330873450605405,0.04054054054054054,-84.7996111111111,-148.7799111111111
盤前跌・開盤後漲,P,10:30,1.5,69.0,-1.3725109693656166,-8.808443369605605,0.0,-94.70325688622754,-91.10215688622753
盤前跌・開盤後漲,P,10:30,2.0,63.0,-1.076615343915344,-11.755864762238582,0.0,-67.82676666666667,-64.32576666666667
盤前跌・開盤後漲,P,10:30,3.0,38.0,-0.9314251461988304,-14.910118972750025,0.0,-35.39415555555556,-31.893155555555552
盤前跌・開盤後漲,P,11:00,-1.0,67.0,0.5885636215150692,0.10852331466178064,0.4925373134328358,39.43376264150964,-439.7528615094337
盤前跌・開盤後漲,P,11:00,-0.5,70.0,-2.851764783410137,-0.5568270879428336,0.4714285714285714,-199.6235348387096,-649.6891529032258
盤前跌・開盤後漲,P,11:00,0.0,70.0,0.6943635574912891,0.2245271295191751,0.32857142857142857,48.60544902439023,-277.87497097560976
盤前跌・開盤後漲,P,11:00,0.5,70.0,-2.5483562285714285,-2.185823616747738,0.05714285714285714,-178.38493599999998,-268.844388
盤前跌・開盤後漲,P,11:00,1.0,69.0,-1.354138168964298,-3.014862360110512,0.014492753623188406,-93.43553365853656,-116.94583658536585
盤前跌・開盤後漲,P,11:00,1.5,64.0,-1.1789109913793103,-11.876174494314535,0.0,-75.45030344827586,-71.94930344827586
盤前跌・開盤後漲,P,11:00,2.0,54.0,-0.9966337037037036,-15.061142441929336,0.0,-53.81822,-50.31722
盤前跌・開盤後漲,P,11:00,3.0,31.0,-0.883793548387097,-21.54864925816775,0.0,-27.397600000000008,-23.8966
盤前跌・開盤後漲,P,11:30,-1.0,69.0,-4.1960656474281715,-0.9448776523744595,0.36231884057971014,-289.5285296725438,-666.2376771788411
盤前跌・開盤後漲,P,11:30,-0.5,71.0,-4.126571700688714,-0.9892443436340119,0.4225352112676056,-292.9865907488987,-666.2342307488987
盤前跌・開盤後漲,P,11:30,0.0,71.0,-3.4792959496184164,-1.3090483729108178,0.28169014084507044,-247.03001242290756,-515.4433903964757
盤前跌・開盤後漲,P,11:30,0.5,71.0,-1.4589110563380283,-0.8922894928905657,0.04225352112676056,-103.58268500000001,-216.54662499999998
盤前跌・開盤後漲,P,11:30,1.0,69.0,-0.3667956578021667,-0.3355334689152239,0.014492753623188406,-25.308900388349503,-95.81132038834951
盤前跌・開盤後漲,P,11:30,1.5,59.0,-0.5359776271186442,-1.0403930087310762,0.01694915254237288,-31.622680000000003,-57.89173043478263
盤前跌・開盤後漲,P,11:30,2.0,46.0,-0.9831949275362316,-13.41146387515531,0.0,-45.226966666666655,-41.72596666666667
盤前跌・開盤後漲,P,11:30,3.0,29.0,-0.8805525862068964,-19.511689325519693,0.0,-25.536024999999995,-22.035024999999997
盤前跌・開盤後漲,P,12:00,-1.0,66.0,-0.6217642332968188,-0.16639520971407337,0.4696969696969697,-41.036439397590044,-385.70466867469855
盤前跌・開盤後漲,P,12:00,-0.5,72.0,-2.1769416666666666,-0.5970753261243049,0.4583333333333333,-156.7398,-488.3385400000002
盤前跌・開盤後漲,P,12:00,0.0,72.0,-1.0640690630182423,-0.46784934675686063,0.3194444444444444,-76.61297253731345,-314.1275608955223
盤前跌・開盤後漲,P,12:00,0.5,72.0,-2.4837701851851848,-8.501340090218118,0.013888888888888888,-178.83145333333331,-185.02335333333332
盤前跌・開盤後漲,P,12:00,1.0,68.0,-1.3557141943734012,-8.533781630291806,0.0,-92.18856521739129,-88.58746521739124
盤前跌・開盤後漲,P,12:00,1.5,58.0,-0.9941061973180076,-14.648698800122295,0.0,-57.65815944444444,-54.15715944444445
盤前跌・開盤後漲,P,12:00,2.0,54.0,-0.8776259259259258,-24.28729168283803,0.0,-47.391799999999996,-43.890800000000006
盤前跌・開盤後漲,P,12:00,3.0,25.0,-0.8796519999999998,-18.182118967297104,0.0,-21.991299999999995,-18.490299999999994
盤前跌・開盤後漲,P,12:30,-1.0,60.0,-5.213593999999995,-1.6715991137555093,0.38333333333333336,-312.8156399999997,-521.94538516129
盤前跌・開盤後漲,P,12:30,-0.5,67.0,-6.986325671641791,-2.352542695984258,0.373134328358209,-468.08382,-657.0769200000001
盤前跌・開盤後漲,P,12:30,0.0,67.0,-4.922200577440665,-3.2408501025007106,0.22388059701492538,-329.78743868852456,-455.19126786885244
盤前跌・開盤後漲,P,12:30,0.5,67.0,-2.0910387545033453,-8.225236305117955,0.0,-140.09959655172415,-136.4984965517241
盤前跌・開盤後漲,P,12:30,1.0,64.0,-1.179112075617284,-6.134676934667696,0.0,-75.46317283950617,-71.96217283950617
盤前跌・開盤後漲,P,12:30,1.5,56.0,-0.9481517857142857,-10.307414300655424,0.0,-53.0965,-49.5955
盤前跌・開盤後漲,P,12:30,2.0,48.0,-0.8536270833333334,-16.74467206000516,0.0,-40.9741,-37.47310000000001
盤前跌・開盤後漲,P,12:30,3.0,22.0,-0.9186,-16.609379156461795,0.0,-20.2092,-16.7082
盤前跌・開盤後漲,P,13:00,-1.0,69.0,-5.437367799564271,-3.2144797525906625,0.34782608695652173,-375.1783781699347,-462.06171124183015
盤前跌・開盤後漲,P,13:00,-0.5,71.0,-5.720249061471632,-3.1621921830890543,0.38028169014084506,-406.1376833644859,-499.182483364486
盤前跌・開盤後漲,P,13:00,0.0,71.0,-3.8775191924882626,-4.249165702301817,0.2112676056338028,-275.30386266666665,-335.11996266666665
盤前跌・開盤後漲,P,13:00,0.5,71.0,-1.0657134851663175,-10.393194568155419,0.0,-75.66565744680854,-72.16465744680849
盤前跌・開盤後漲,P,13:00,1.0,68.0,-0.7942985294117646,-55.79420731163199,0.0,-54.01229999999999,-50.51130000000001
盤前跌・開盤後漲,P,13:00,1.5,60.0,-0.7385716666666665,-85.79218509577032,0.0,-44.31429999999999,-40.81330000000001
盤前跌・開盤後漲,P,13:00,2.0,53.0,-0.7634707547169812,-47.3277464312074,0.0,-40.463950000000004,-36.96294999999999
盤前跌・開盤後漲,P,13:00,3.0,29.0,-0.7692344827586206,-47.551489191719995,0.0,-22.307799999999997,-18.8068
盤前跌・開盤後跌,C,09:00,-1.0,51.0,-29.68347480392157,-3.061939722215956,0.37254901960784315,-1513.857215,-1937.1198474999999
盤前跌・開盤後跌,C,09:00,-0.5,51.0,-28.277958746202703,-3.63204313892736,0.3333333333333333,-1442.175896056338,-1799.3395960563382
盤前跌・開盤後跌,C,09:00,0.0,51.0,-19.037576250597798,-4.003739854199333,0.21568627450980393,-970.9163887804878,-1223.3993287804874
盤前跌・開盤後跌,C,09:00,0.5,51.0,-11.125400335666626,-3.6300599723235427,0.058823529411764705,-567.3954171189979,-669.8499615866386
盤前跌・開盤後跌,C,09:00,1.0,51.0,-5.989623231031543,-4.0003385626621775,0.0196078431372549,-305.4707847826087,-303.0993847826087
盤前跌・開盤後跌,C,09:00,1.5,49.0,-3.1021959183673475,-3.4861729907527095,0.0,-152.00760000000002,-148.4065
盤前跌・開盤後跌,C,09:00,2.0,38.0,-2.196351754385965,-3.572223599231402,0.0,-83.46136666666668,-79.86026666666666
盤前跌・開盤後跌,C,09:00,3.0,31.0,-1.298604258064516,-5.307059726917164,0.0,-40.256732,-36.755732
盤前跌・開盤後跌,C,09:30,-1.0,49.0,-36.1399214156911,-3.4348896578210124,0.24489795918367346,-1770.8561493688637,-2263.2841707994385
盤前跌・開盤後跌,C,09:30,-0.5,49.0,-27.802688734693877,-3.5048905658891565,0.20408163265306123,-1362.331748,-1804.332332
盤前跌・開盤後跌,C,09:30,0.0,49.0,-15.20028448979592,-2.772248639174719,0.16326530612244897,-744.81394,-1085.2466399999998
盤前跌・開盤後跌,C,09:30,0.5,49.0,-6.2449514285714285,-2.2472847603448955,0.04081632653061224,-306.00262,-442.6771799999999
盤前跌・開盤後跌,C,09:30,1.0,46.0,-2.9866335980828485,-2.041928065464454,0.043478260869565216,-137.38514551181103,-187.873505511811
盤前跌・開盤後跌,C,09:30,1.5,45.0,-2.0242467383512546,-4.641659952777616,0.0,-91.09110322580646,-87.59010322580646
盤前跌・開盤後跌,C,09:30,2.0,37.0,-1.376201240063593,-6.375356376367882,0.0,-50.91944588235294,-47.41844588235294
盤前跌・開盤後跌,C,09:30,3.0,25.0,-1.016516,-12.44725207455833,0.0,-25.4129,-21.9119
盤前跌・開盤後跌,C,10:00,-1.0,50.0,-30.665262891139243,-3.0721342401290532,0.32,-1533.263144556962,-1954.9322837974673
盤前跌・開盤後跌,C,10:00,-0.5,50.0,-23.46226224086022,-3.2119555897327605,0.28,-1173.113112043011,-1544.2636120430109
盤前跌・開盤後跌,C,10:00,0.0,50.0,-13.322220206451613,-3.18352328904228,0.18,-666.1110103225807,-926.5313303225804
盤前跌・開盤後跌,C,10:00,0.5,50.0,-6.413846066666666,-3.1290866712709646,0.08,-320.6923033333333,-383.44391666666667
盤前跌・開盤後跌,C,10:00,1.0,50.0,-3.017163297297297,-4.292967973963137,0.0,-150.85816486486485,-147.3571648648648
盤前跌・開盤後跌,C,10:00,1.5,46.0,-1.7901557971014492,-4.441259129422474,0.0,-82.34716666666667,-78.84616666666666
盤前跌・開盤後跌,C,10:00,2.0,34.0,-1.2450814749780508,-6.459462603764764,0.0,-42.332770149253726,-38.831770149253735
盤前跌・開盤後跌,C,10:00,3.0,20.0,-0.96046,-13.91034144585974,0.0,-19.2092,-15.7082
盤前跌・開盤後跌,C,10:30,-1.0,54.0,-21.757303106682297,-2.4845949480664458,0.3888888888888889,-1174.894367760844,-1551.703307760844
盤前跌・開盤後跌,C,10:30,-0.5,54.0,-17.422835190987332,-2.592956565121474,0.37037037037037035,-940.833100313316,-1304.8533603133158
盤前跌・開盤後跌,C,10:30,0.0,54.0,-10.705306990740738,-2.5741202019456946,0.18518518518518517,-578.0865774999999,-840.4120975
盤前跌・開盤後跌,C,10:30,0.5,54.0,-5.384902417153996,-3.590726752569078,0.05555555555555555,-290.7847305263158,-319.6264105263158
盤前跌・開盤後跌,C,10:30,1.0,52.0,-2.1377103448275867,-4.0044952669652,0.0,-111.16093793103451,-107.65993793103445
盤前跌・開盤後跌,C,10:30,1.5,48.0,-1.5035025,-4.405176895333007,0.0,-72.16812,-68.66711999999998
盤前跌・開盤後跌,C,10:30,2.0,32.0,-1.1723311422413794,-6.1620385487343645,0.0,-37.51459655172414,-34.013596551724135
盤前跌・開盤後跌,C,10:30,3.0,20.0,-0.98895,-9.097605342775411,0.0,-19.779,-16.0778
盤前跌・開盤後跌,C,11:00,-1.0,56.0,-13.726559298543288,-2.0184622561717727,0.35714285714285715,-768.6873207184241,-1146.6899620625725
盤前跌・開盤後跌,C,11:00,-0.5,56.0,-12.17277739361702,-2.202254966204409,0.3392857142857143,-681.6755340425531,-1036.5530378723404
盤前跌・開盤後跌,C,11:00,0.0,56.0,-8.518184906015037,-2.3579873821989037,0.16071428571428573,-477.01835473684207,-767.2804284210525
盤前跌・開盤後跌,C,11:00,0.5,56.0,-3.5987710714285717,-1.4772342558771072,0.07142857142857142,-201.53118,-317.69962
盤前跌・開盤後跌,C,11:00,1.0,54.0,-3.9106887962962964,-1.8903227929475361,0.0,-211.177195,-207.676195
盤前跌・開盤後跌,C,11:00,1.5,45.0,-2.5324216275430356,-1.7740227635281514,0.0,-113.9589732394366,-110.4579732394366
盤前跌・開盤後跌,C,11:00,2.0,33.0,-1.9016821705426354,-2.1448611765120273,0.0,-62.75551162790697,-59.25451162790698
盤前跌・開盤後跌,C,11:00,3.0,21.0,-1.3641285714285714,-2.575029743416154,0.0,-28.6467,-25.145699999999998
盤前跌・開盤後跌,C,11:30,-1.0,52.0,-13.567257764423074,-1.4212884509701913,0.25,-705.4974037499999,-1349.07894375
盤前跌・開盤後跌,C,11:30,-0.5,56.0,-11.473303849206347,-1.4289385560561971,0.26785714285714285,-642.5050155555555,-1245.7302155555556
盤前跌・開盤後跌,C,11:30,0.0,56.0,-3.8868819285714276,-0.6605285274950591,0.21428571428571427,-217.66538799999995,-703.8791146666666
盤前跌・開盤後跌,C,11:30,0.5,55.0,2.41342579157428,0.49686028648415564,0.03636363636363636,132.7384185365854,-180.72874390243902
盤前跌・開盤後跌,C,11:30,1.0,52.0,2.542089615384617,0.7097721174486863,0.038461538461538464,132.18866000000008,-63.16270000000001
盤前跌・開盤後跌,C,11:30,1.5,45.0,1.6345269629629633,0.622216151754745,0.022222222222222223,73.55371333333335,-40.8208
盤前跌・開盤後跌,C,11:30,2.0,32.0,0.36567903186274514,0.2855521784361731,0.03125,11.701729019607845,-25.511999999999997
盤前跌・開盤後跌,C,11:30,3.0,19.0,-2.8852121637426897,-1.4063936266986954,0.0,-54.81903111111111,-51.318031111111104
盤前跌・開盤後跌,C,12:00,-1.0,52.0,-13.78893690905692,-2.5674945525486055,0.3269230769230769,-717.0247192709598,-1021.3727650789792
盤前跌・開盤後跌,C,12:00,-0.5,55.0,-14.296618014742014,-3.037946758931187,0.32727272727272727,-786.3139908108108,-1068.9130344144146
盤前跌・開盤後跌,C,12:00,0.0,55.0,-7.11884266485753,-2.4261619511791004,0.2,-391.5363465671641,-609.4693835820894
盤前跌・開盤後跌,C,12:00,0.5,55.0,-2.4910571964809383,-3.9676593897069576,0.01818181818181818,-137.0081458064516,-153.29268064516128
盤前跌・開盤後跌,C,12:00,1.0,53.0,-2.0138557735849054,-2.2734043144103513,0.0,-106.73435599999999,-103.23335599999999
盤前跌・開盤後跌,C,12:00,1.5,44.0,-1.4814874999999998,-2.492830333619527,0.0,-65.18544999999999,-61.684450000000005
盤前跌・開盤後跌,C,12:00,2.0,33.0,-1.6779444444444442,-2.0136048466532355,0.0,-55.37216666666666,-51.871166666666674
盤前跌・開盤後跌,C,12:00,3.0,14.0,-1.0976016129032258,-4.3857367301746,0.0,-15.36642258064516,-11.565122580645161
盤前跌・開盤後跌,C,12:30,-1.0,60.0,-3.234061440860216,-0.4479538397003042,0.35,-194.04368645161296,-799.4425432497013
盤前跌・開盤後跌,C,12:30,-0.5,61.0,-3.1980670825475106,-0.482215873609597,0.36065573770491804,-195.08209203539815,-774.1003120353981
盤前跌・開盤後跌,C,12:30,0.0,61.0,2.6416642067240903,0.46198129074061095,0.2459016393442623,161.1415166101695,-363.1726016949153
盤前跌・開盤後跌,C,12:30,0.5,60.0,3.650868388888889,0.8326941298725292,0.08333333333333333,219.05210333333335,-105.96588749999995
盤前跌・開盤後跌,C,12:30,1.0,56.0,2.314990714285714,0.6962861981952351,0.017857142857142856,129.63948,-52.688700000000004
盤前跌・開盤後跌,C,12:30,1.5,42.0,1.3922757142857145,0.6104193535288255,0.023809523809523808,58.47558000000001,-33.60080000000001
盤前跌・開盤後跌,C,12:30,2.0,32.0,-0.8866168014705882,-13.067025875473686,0.0,-28.371737647058822,-24.870737647058817
盤前跌・開盤後跌,C,12:30,3.0,19.0,-0.95659649122807,-8.96935103992625,0.0,-18.17533333333333,-14.674333333333333
盤前跌・開盤後跌,C,13:00,-1.0,54.0,-5.6580347056570535,-2.256263226217726,0.2962962962962963,-305.5338741054809,-479.88776000000007
盤前跌・開盤後跌,C,13:00,-0.5,56.0,-6.263476617647058,-2.4444575241128863,0.25,-350.75469058823523,-529.6233905882353
盤前跌・開盤後跌,C,13:00,0.0,56.0,-4.137185836236934,-2.102735944779683,0.125,-231.6824068292683,-384.9983224390244
盤前跌・開盤後跌,C,13:00,0.5,56.0,-1.3403803571428572,-6.259662957016947,0.0,-75.0613,-71.56029999999998
盤前跌・開盤後跌,C,13:00,1.0,53.0,-1.0798245283018866,-4.494397987941092,0.0,-57.230699999999985,-53.729699999999994
盤前跌・開盤後跌,C,13:00,1.5,42.0,-0.8498733333333333,-13.054790345270748,0.0,-35.69468,-32.19367999999999
盤前跌・開盤後跌,C,13:00,2.0,35.0,-0.8473946666666666,-21.297509714457192,0.0,-29.65881333333333,-26.157813333333326
盤前跌・開盤後跌,C,13:00,3.0,15.0,-0.7669333333333335,-33.732779752864204,0.0,-11.504000000000001,-8.003
盤前跌・開盤後跌,P,09:00,-1.0,51.0,33.207392929754434,1.9794329397436297,0.5882352941176471,1693.5770394174763,74.022083495146
盤前跌・開盤後跌,P,09:00,-0.5,51.0,28.806080927785743,1.7871015184534138,0.5490196078431373,1469.110127317073,-56.63939999999995
盤前跌・開盤後跌,P,09:00,0.0,51.0,22.466531544715444,1.5528143077995886,0.45098039215686275,1145.7931087804877,-260.3454185365853
盤前跌・開盤後跌,P,09:00,0.5,51.0,14.212279909238806,1.1673931532591502,0.21568627450980393,724.8262753711791,-438.17068462882094
盤前跌・開盤後跌,P,09:00,1.0,51.0,13.166535686274512,1.2969345401357804,0.09803921568627451,671.4933200000002,-296.4903599999999
盤前跌・開盤後跌,P,09:00,1.5,51.0,8.608074789915968,1.076913171821346,0.0784313725490196,439.0118142857143,-169.3727571428571
盤前跌・開盤後跌,P,09:00,2.0,48.0,5.329393170731707,0.8825323642997577,0.0625,255.81087219512193,-112.01481463414632
盤前跌・開盤後跌,P,09:00,3.0,39.0,0.8476270175438595,0.349832587084222,0.02564102564102564,33.05745368421052,-56.13383157894737
盤前跌・開盤後跌,P,09:30,-1.0,49.0,38.6208073939893,2.5077747143337064,0.6938775510204082,1892.419562305476,525.7095106628246
盤前跌・開盤後跌,P,09:30,-0.5,49.0,35.47589349185546,2.3483848270055603,0.6122448979591837,1738.3187811009175,403.44790733944956
盤前跌・開盤後跌,P,09:30,0.0,49.0,27.13625192266381,2.0115582997631805,0.4897959183673469,1329.6763442105266,140.9274842105264
盤前跌・開盤後跌,P,09:30,0.5,49.0,16.03972039198058,1.4747748060477597,0.30612244897959184,785.9462992070485,-151.92951233480179
盤前跌・開盤後跌,P,09:30,1.0,49.0,8.050093061224493,0.907441468057912,0.12244897959183673,394.45456000000013,-203.24849999999995
盤前跌・開盤後跌,P,09:30,1.5,48.0,4.985038173758865,0.6963359371230995,0.041666666666666664,239.28183234042555,-151.05282765957443
盤前跌・開盤後跌,P,09:30,2.0,45.0,4.264169998033432,0.6598459793065556,0.022222222222222223,191.8876499115044,-92.92329292035399
盤前跌・開盤後跌,P,09:30,3.0,37.0,1.1442704504504502,0.4382899785111055,0.02702702702702703,42.33800666666666,-49.44674666666666
盤前跌・開盤後跌,P,10:00,-1.0,50.0,27.966118367479677,2.1919122106052202,0.64,1398.3059183739838,255.38048520325202
盤前跌・開盤後跌,P,10:00,-0.5,50.0,24.967740068011523,2.085905734696235,0.6,1248.387003400576,184.31264340057643
盤前跌・開盤後跌,P,10:00,0.0,50.0,19.240618114079425,1.8861050780737811,0.5,962.0309057039711,36.245045703971115
盤前跌・開盤後跌,P,10:00,0.5,50.0,10.639056893430656,1.3776740276896202,0.22,531.9528446715328,-178.90892350364965
盤前跌・開盤後跌,P,10:00,1.0,50.0,3.6866221960784316,0.772405265970443,0.12,184.33110980392158,-133.5835301960784
盤前跌・開盤後跌,P,10:00,1.5,46.0,3.3794719830328734,0.7984246931688418,0.043478260869565216,155.45571121951218,-83.7778487804878
盤前跌・開盤後跌,P,10:00,2.0,39.0,0.8695671264367811,0.36939454997648824,0.02564102564102564,33.91311793103446,-52.683924137931044
盤前跌・開盤後跌,P,10:00,3.0,25.0,-1.3242079999999998,-4.577743579432877,0.0,-33.105199999999996,-29.404000000000003
盤前跌・開盤後跌,P,10:30,-1.0,54.0,13.851145814368586,1.5300906561376915,0.5740740740740741,747.9618739759036,-66.27273903614454
盤前跌・開盤後跌,P,10:30,-0.5,54.0,10.914250798212008,1.297631669739107,0.5740740740740741,589.3695431034484,-149.72981689655163
盤前跌・開盤後跌,P,10:30,0.0,54.0,7.028308935185184,1.0837800401467341,0.42592592592592593,379.52868249999995,-216.2771775
盤前跌・開盤後跌,P,10:30,0.5,54.0,1.8626644444444447,0.5055928832478273,0.12962962962962962,100.58388000000001,-252.72355999999996
盤前跌・開盤後跌,P,10:30,1.0,54.0,-1.2997107407407409,-0.8761450690319764,0.05555555555555555,-70.18438,-146.55971555555556
盤前跌・開盤後跌,P,10:30,1.5,46.0,-2.0924656469669354,-4.268720397420516,0.0,-96.25341976047903,-92.45211976047904
盤前跌・開盤後跌,P,10:30,2.0,38.0,-1.5531824561403509,-4.866999436847832,0.0,-59.02093333333333,-55.51993333333334
盤前跌・開盤後跌,P,10:30,3.0,26.0,-1.3414388888888888,-4.887727098037311,0.0,-34.87741111111111,-31.37641111111111
盤前跌・開盤後跌,P,11:00,-1.0,56.0,5.301106233153645,0.6962112699586148,0.5714285714285714,296.8619490566041,-260.346227924528
盤前跌・開盤後跌,P,11:00,-0.5,56.0,5.879199458525345,0.8273099875226284,0.5714285714285714,329.2351696774193,-216.0087103225806
盤前跌・開盤後跌,P,11:00,0.0,56.0,1.8972844468641117,0.3439317638892008,0.44642857142857145,106.24792902439026,-338.75375097560976
盤前跌・開盤後跌,P,11:00,0.5,56.0,-0.7471257857142858,-0.23851992682953038,0.14285714285714285,-41.839044,-328.99558800000005
盤前跌・開盤後跌,P,11:00,1.0,56.0,-2.40729662891986,-1.6539036896435937,0.05357142857142857,-134.80861121951216,-181.24095121951217
盤前跌・開盤後跌,P,11:00,1.5,40.0,-2.665007672413793,-2.488403202443608,0.0,-106.60030689655173,-102.8991068965517
盤前跌・開盤後跌,P,11:00,2.0,34.0,-2.6044552941176473,-2.057114375049714,0.0,-88.55148000000001,-84.95037999999997
盤前跌・開盤後跌,P,11:00,3.0,26.0,-1.8343,-2.6995830544258976,0.0,-47.6918,-44.1908
盤前跌・開盤後跌,P,11:30,-1.0,56.0,7.5712976925153,1.0214341890220842,0.625,423.99267078085677,-84.09390680100731
盤前跌・開盤後跌,P,11:30,-0.5,56.0,8.397488105726875,1.3760408089887781,0.6071428571428571,470.259333920705,-29.49037885462559
盤前跌・開盤後跌,P,11:30,0.0,56.0,3.359305202957835,0.715778316842685,0.44642857142857145,188.12109136563876,-187.14350863436124
盤前跌・開盤後跌,P,11:30,0.5,56.0,-3.382670178571428,-1.179941260662122,0.10714285714285714,-189.42952999999997,-348.92409
盤前跌・開盤後跌,P,11:30,1.0,51.0,-3.0849162383399964,-2.6788844513279777,0.0,-157.3307281553398,-153.82972815533975
盤前跌・開盤後跌,P,11:30,1.5,40.0,-2.5175590217391304,-2.2774918910696442,0.0,-100.70236086956521,-97.20136086956519
盤前跌・開盤後跌,P,11:30,2.0,35.0,-2.56133365079365,-1.9901377407416718,0.0,-89.64667777777775,-86.14567777777773
盤前跌・開盤後跌,P,11:30,3.0,19.0,-2.4229736842105267,-2.227346999784531,0.0,-46.03650000000001,-42.535500000000006
盤前跌・開盤後跌,P,12:00,-1.0,54.0,6.756856396697911,1.1225162489059086,0.5925925925925926,364.8702454216872,-52.858803975903335
盤前跌・開盤後跌,P,12:00,-0.5,55.0,7.190291454545454,1.3776618270212164,0.6,395.46603,-0.721170000000015
盤前跌・開盤後跌,P,12:00,0.0,55.0,3.8824535793758477,1.2028060576346145,0.43636363636363634,213.53494686567163,-46.415753134328355
盤前跌・開盤後跌,P,12:00,0.5,55.0,-1.7112347272727275,-1.1837096291591178,0.10909090909090909,-94.11791000000001,-181.63040999999998
盤前跌・開盤後跌,P,12:00,1.0,48.0,-1.8305865036231885,-3.3299694313472514,0.0,-87.86815217391305,-84.36715217391304
盤前跌・開盤後跌,P,12:00,1.5,37.0,-1.3314973333333333,-3.7378904111754556,0.0,-49.26540133333333,-45.764401333333325
盤前跌・開盤後跌,P,12:00,2.0,33.0,-1.2059,-4.156803926435207,0.0,-39.7947,-36.29370000000001
盤前跌・開盤後跌,P,12:00,3.0,19.0,-1.3865315789473684,-3.3841679167650356,0.0,-26.3441,-22.8431
盤前跌・開盤後跌,P,12:30,-1.0,61.0,-0.5938640772078229,-0.10917190380457066,0.5737704918032787,-36.22570870967719,-373.114116129032
盤前跌・開盤後跌,P,12:30,-0.5,61.0,1.1163367213114759,0.2562698033968498,0.5737704918032787,68.09654000000003,-257.5236799999999
盤前跌・開盤後跌,P,12:30,0.0,61.0,1.426111781779092,0.4825968666149163,0.36065573770491804,86.99281868852461,-185.86572262295078
盤前跌・開盤後跌,P,12:30,0.5,61.0,-2.709408965517241,-1.752931322903573,0.04918032786885246,-165.2739468965517,-212.09770689655176
盤前跌・開盤後跌,P,12:30,1.0,51.0,-2.480821738077947,-2.199888108810508,0.0,-126.5219086419753,-123.02090864197528
盤前跌・開盤後跌,P,12:30,1.5,40.0,-1.9049749999999999,-2.1956770502475758,0.0,-76.199,-72.69799999999998
盤前跌・開盤後跌,P,12:30,2.0,35.0,-1.5050857142857141,-2.371852020891641,0.0,-52.678,-49.177000000000014
盤前跌・開盤後跌,P,12:30,3.0,20.0,-1.6291280000000001,-2.3974996148866263,0.0,-32.58256,-28.961439999999993
盤前跌・開盤後跌,P,13:00,-1.0,56.0,-0.4580409360410837,-0.16333430055778606,0.5714285714285714,-25.650292418300687,-159.51793032679743
盤前跌・開盤後跌,P,13:00,-0.5,56.0,0.015808150867824087,0.005631969638299102,0.5714285714285714,0.8852564485981489,-139.6440635514019
盤前跌・開盤後跌,P,13:00,0.0,56.0,-1.6124668571428569,-0.7779709234626209,0.2857142857142857,-90.29814399999998,-215.5132173333333
盤前跌・開盤後跌,P,13:00,0.5,55.0,-1.8105412843326882,-2.583335274036754,0.01818181818181818,-99.57977063829786,-102.07061063829786
盤前跌・開盤後跌,P,13:00,1.0,52.0,-1.3016884615384614,-3.72596161254539,0.0,-67.6878,-64.1868
盤前跌・開盤後跌,P,13:00,1.5,30.0,-1.047213333333333,-4.558772438946061,0.0,-31.416399999999996,-27.915399999999998
盤前跌・開盤後跌,P,13:00,2.0,29.0,-1.1092293103448274,-4.1419150074024165,0.0,-32.167649999999995,-28.666649999999997
盤前跌・開盤後跌,P,13:00,3.0,18.0,-0.8670333333333332,-11.4048630669715,0.0,-15.606599999999998,-12.105600000000003
