date,slot,cp,strike,spot,ssp,premkt_pct,o2e_pct,dev,npairs,fm_px,payoff,fm_entry,sj_t,sj_close,sj_bid,sj_ask,sj_day,entry,src,pnl,pnl_fm,th_lo,th_hi,plan
2023-01-04,09:30,C,14050.0,14213.55,14223.0,0.1621774079819449,0.1055966209081216,0.1408527005796633,8,183.0,173.0,184.28330995792427,2023-01-04 09:30:25.413,183.0,182.0,183.0,True,183.0,sj_ask,-11.467459999999999,-12.752053267882198,-0.0736316316537949,0.015452894521692436,A
2023-01-11,09:30,P,14900.0,14773.08,14753.0,-0.0874361043852522,-0.316391787277015,0.2976937869452078,8,87.0,147.0,88.0,2023-01-11 09:30:01.210,87.0,86.0,87.0,True,87.0,sj_ask,58.61794,57.61694,-0.0736316316537949,0.015452894521692436,A
2023-02-01,09:30,P,15500.0,15354.31,15359.0,-0.2728690228690267,-0.0130293159609107,-0.0101600137029866,8,148.0,141.0,149.2795389048991,2023-02-01 09:30:01.063,148.0,148.0,150.0,True,150.0,sj_ask,-10.457180000000001,-9.735998443804013,-0.06357371081449122,0.01764406794618749,A
2023-03-22,09:30,C,15550.0,15705.69,15744.0,0.0770366566090974,0.5195971518378251,-0.1419463123544129,9,147.0,194.0,148.03085553997195,2023-03-22 09:30:00.318,147.0,147.0,149.0,True,149.0,sj_ask,43.53612,44.50623360448808,-0.07969158482514496,0.024087674795396547,A
2023-03-29,09:30,C,15650.0,15798.97,15749.0,0.2230009557183887,0.2924348378893882,-0.0327875493395635,9,146.0,99.0,147.02384291725105,2023-03-29 09:30:00.957,146.0,145.0,147.0,True,147.0,sj_ask,-49.46198,-49.48584676016829,-0.08751786924719557,0.016744343417682724,A
2023-04-06,09:30,P,15900.0,15765.02,15795.0,-0.8607149588490293,-0.2978453738910036,-0.0259395310843124,10,141.0,105.0,142.21902017291066,2023-04-06 09:30:01.550,141.0,140.0,141.0,True,141.0,sj_ask,-37.4569,-38.67713919308357,-0.07969158482514496,0.016744343417682724,A
2023-05-10,09:30,P,15850.0,15680.38,15611.0,-0.0063722678901423,-0.1401988274279841,-0.022542505584705,8,170.0,239.0,171.46974063400577,2023-05-10 09:30:25.471,170.0,166.0,168.0,True,168.0,sj_ask,69.51978,66.04656962536025,-0.06035983444775291,0.02583365983155994,A
2023-05-17,09:30,C,15600.0,15778.69,15953.0,0.0891379090793398,0.3816793893129722,0.0071613853034446,10,185.0,353.0,186.2973352033661,2023-05-17 09:30:04.911,185.0,183.0,185.0,True,185.0,sj_ask,166.49594,165.19730746143057,-0.05619890445809399,0.02583365983155994,A
2023-05-31,09:30,C,16450.0,16614.13,16602.0,0.0784881965827377,0.0180984555984586,0.219103858598868,9,203.0,152.0,204.42356241234225,2023-05-31 09:30:14.027,203.0,201.0,203.0,True,203.0,sj_ask,-52.53504,-53.960025974754565,-0.05619890445809399,0.016744343417682724,A
2023-06-14,09:30,P,17400.0,17221.78,17244.0,-0.2320320204188153,-0.0407000407000368,-0.0282743509146699,8,179.0,156.0,180.54755043227664,2023-06-14 09:30:06.305,179.0,178.0,179.0,True,179.0,sj_ask,-24.52388,-26.072977982708917,-0.05619890445809399,0.02583365983155994,A
2023-06-28,09:30,P,17150.0,16981.88,16930.0,-0.2198193916349788,-0.0714498362607951,-0.0497573958922192,8,180.0,220.0,181.55619596541783,2023-06-28 09:32:03.300,180.0,175.0,180.0,True,180.0,sj_ask,38.4814,36.92364783861672,-0.05619890445809399,0.01864054001386774,A
2023-07-12,09:30,P,17100.0,16908.74,16914.0,-0.1951161828179559,-0.1244075829383906,-0.086399551502958,8,204.0,186.0,205.7636887608069,2023-07-12 09:30:04.064,204.0,204.0,206.0,True,206.0,sj_ask,-21.54428,-21.30773244956771,-0.05358627485178064,0.01864054001386774,A
2023-07-26,09:30,P,17350.0,17183.17,17154.0,-0.2435064935064956,-0.4010228989887232,0.0277006859411566,10,165.0,196.0,166.4265129682997,2023-07-26 09:30:00.276,165.0,163.0,165.0,True,165.0,sj_ask,29.49192,28.063980518731995,-0.05619890445809399,0.01587995397926968,A
2023-08-09,09:30,C,16750.0,16929.02,16870.0,0.2205268804386762,0.6184953910199242,0.0269941723303079,8,190.0,120.0,191.3323983169705,2023-08-09 09:30:00.052,190.0,188.0,190.0,True,190.0,sj_ask,-71.5274,-72.86113071528752,-0.05619890445809399,0.01587995397926968,A
2023-08-23,09:30,C,16350.0,16525.18,16557.0,0.2748259435690681,0.4750593824228044,-0.0844927140910556,10,175.0,207.0,176.22720897615707,2023-08-23 09:30:01.119,175.0,175.0,177.0,True,177.0,sj_ask,28.49186,29.265423814866768,-0.05358627485178064,0.01864054001386774,A
2023-08-30,09:30,C,16600.0,16753.85,16724.0,0.0418385033769563,0.1314374477237478,0.062906369777238,9,165.0,124.0,166.1570827489481,2023-08-30 09:30:29.178,165.0,164.0,166.0,True,166.0,sj_ask,-43.500479999999996,-43.65771983169706,-0.05795146228288409,0.01864054001386774,A
2023-09-13,09:30,C,16450.0,16634.89,16592.0,0.1389980056807793,0.3621001810500956,-0.0610772928331559,9,180.0,142.0,181.2622720897616,2023-09-13 09:30:17.377,180.0,178.0,180.0,True,180.0,sj_ask,-39.51184,-40.77537436185134,-0.05567257066056812,0.02255846579154109,A
2023-09-27,09:30,C,16150.0,16304.72,16275.0,0.0739189355673186,0.3508555952234315,-0.0870935888078516,9,142.0,125.0,143.0,2023-09-27 09:30:00.018,142.0,141.0,142.0,True,142.0,sj_ask,-18.4675,-19.4685,-0.05834972358130454,0.01864054001386774,A
2023-10-04,09:30,P,16450.0,16264.78,16280.0,-0.1226617601962631,-0.4421246545901147,-0.1251767221786937,10,210.0,170.0,211.81556195965416,2023-10-04 09:30:00.435,210.0,209.0,210.0,True,210.0,sj_ask,-41.5356,-43.352977521613816,-0.05834972358130454,0.01864054001386774,A
2023-10-18,09:30,P,16750.0,16564.24,16426.0,-0.3119750419966371,-0.2106403466538231,0.1620041642681147,6,166.0,324.0,167.43515850144092,2023-10-18 09:30:01.170,166.0,166.0,167.0,True,167.0,sj_ask,155.50448,155.06888634005765,-0.06184496401067543,0.01864054001386774,A
2023-11-08,09:30,P,16850.0,16698.08,16734.0,-0.2207373821739633,-0.059790732436471,-0.0176069622959351,7,153.0,116.0,154.32276657060518,2023-11-08 09:30:11.074,153.0,153.0,155.0,True,155.0,sj_ask,-40.48968,-39.81176933717579,-0.06444913603892981,0.01864054001386774,A
2023-12-06,09:30,C,17200.0,17381.91,17373.0,0.184597634842798,0.0460643749640166,-0.0104138438533185,9,179.0,173.0,180.25525946704067,2023-12-06 09:30:23.280,179.0,179.0,181.0,True,181.0,sj_ask,-9.52846,-8.782974726507714,-0.06527374115123107,0.027206126413562508,A
2023-12-13,09:30,C,17300.0,17491.52,17449.0,0.0171546203110661,0.1486478760505338,0.0430281526573539,10,210.0,149.0,211.4726507713885,2023-12-13 09:30:00.444,210.0,208.0,210.0,True,210.0,sj_ask,-62.55898,-64.03310342215988,-0.06527374115123107,0.027206126413562508,A
2023-12-27,09:30,C,17650.0,17844.72,17883.0,0.0338047213927605,0.3491974091805128,-0.1892720087542598,8,165.0,233.0,166.1570827489481,2023-12-27 09:30:01.015,165.0,164.0,165.0,True,165.0,sj_ask,66.47734,65.31910016830294,-0.06398959894920726,0.03076392589792084,A
2024-01-03,09:30,P,17800.0,17616.32,17556.0,-0.0905284598845757,-0.4303998187790259,0.0769779239122137,8,171.0,244.0,172.47838616714697,2024-01-03 09:30:00.124,171.0,171.0,173.0,True,173.0,sj_ask,69.47588,69.9980154466859,-0.06527374115123107,0.027206126413562508,A
2024-01-17,09:30,P,17500.0,17312.71,17168.0,-0.0865650969529063,-0.005776006469127,-0.017037546131321,10,187.0,332.0,188.61671469740637,2024-01-17 09:30:25.572,187.0,187.0,190.0,True,190.0,sj_ask,140.46664,141.85130858789626,-0.06527374115123107,0.027206126413562508,A
2024-01-31,09:30,P,18100.0,17938.01,17896.0,-0.2826894296324989,-0.2890494719288483,-0.0387448886014718,10,169.0,204.0,170.46109510086455,2024-01-31 09:30:00.393,169.0,169.0,171.0,True,171.0,sj_ask,31.47108,32.010523804034584,-0.06398959894920726,0.028414214757215252,A
2024-02-15,09:30,C,18400.0,18609.28,18632.0,3.083065321060219,0.1452393760086101,-0.0757441459444563,9,200.0,232.0,201.40252454417956,2024-02-15 09:30:04.752,200.0,200.0,203.0,True,203.0,sj_ask,27.42436,29.023432931276293,-0.06184496401067543,0.028414214757215252,A
2024-02-21,09:30,P,18850.0,18657.81,18671.0,-0.0959692898272579,-0.3255416800085342,0.1399895664612627,8,175.0,179.0,176.51296829971182,2024-02-21 09:30:53.016,175.0,173.0,175.0,True,175.0,sj_ask,2.45158,0.9370987319884728,-0.06184496401067543,0.028414214757215252,A
2024-03-06,09:30,C,19150.0,19366.8,19510.0,0.0778533243369405,0.243750648273,-0.1724565244330678,8,190.0,360.0,191.3323983169705,2024-03-06 09:30:02.898,190.0,188.0,190.0,True,190.0,sj_ask,168.4198,167.0860692847125,-0.05834972358130454,0.028414214757215252,A
2024-03-20,09:30,C,19750.0,19926.45,19748.0,0.0151080223598665,0.1812688821752228,-0.1463402883445708,10,150.0,0.0,151.05189340813465,2024-03-20 09:30:00.471,150.0,0.0,0.0,True,151.05189340813465,sj_trade_model,-151.70294530154277,-151.70294530154277,-0.06184496401067543,0.027206126413562508,A
2024-03-27,09:30,C,20000.0,20178.34,20227.0,0.2234359483614723,0.1387168689620965,0.0242322610186196,10,184.0,227.0,185.29032258064515,2024-03-27 09:30:07.892,184.0,0.0,0.0,True,185.29032258064515,sj_trade_model,40.1198470967742,40.1198470967742,-0.06398959894920726,0.027206126413562508,A
2024-04-03,09:30,P,20550.0,20344.55,20368.0,-0.3960686518996614,-0.0049091801669121,0.0473843727911704,11,196.0,182.0,197.69452449567723,2024-04-03 09:30:00.095,196.0,196.0,197.0,True,197.0,sj_ask,-16.60436,-17.299579020172906,-0.06398959894920726,0.027206126413562508,A
2024-04-17,09:30,C,19900.0,20095.54,20238.0,0.0903433045573276,0.4914251328853591,-0.2626004159208217,11,153.0,338.0,154.07293127629734,2024-04-17 09:30:00.757,153.0,152.0,153.0,True,153.0,sj_ask,183.44224,182.3682357924264,-0.06398959894920726,0.025060834412126084,A
2024-04-24,09:30,C,19800.0,20004.43,20149.0,0.2414244039834923,0.7175112895132951,0.063136204739278,11,223.0,349.0,224.56381486676017,2024-04-24 09:30:00.853,223.0,222.0,223.0,True,223.0,sj_ask,124.37402,122.80864131837308,-0.06527374115123107,0.01971298370840415,A
2024-05-08,09:30,P,20750.0,20566.56,20667.0,-0.0436321326416799,-0.0582015714424288,-0.0145323658674811,10,180.0,83.0,181.55619596541783,2024-05-08 09:30:03.411,180.0,178.0,181.0,True,181.0,sj_ask,-99.59434,-100.15109216138327,-0.06398959894920726,0.025060834412126084,A
2024-05-29,09:30,P,22050.0,21842.98,21730.0,-0.2463616040877747,-0.0228675966155944,0.0150680972657246,9,217.0,320.0,218.87608069164264,2024-05-29 09:30:02.082,217.0,204.0,217.0,True,217.0,sj_ask,101.3484,99.47044322766573,-0.06184496401067543,0.025060834412126084,A
2024-06-19,09:30,C,22800.0,23030.71,23226.0,0.0392208131781979,0.3441366091653686,0.0745482791337792,11,242.0,426.0,243.6970546984572,2024-06-19 09:30:01.906,242.0,242.0,244.0,True,244.0,sj_ask,180.29148,180.59472824684437,-0.06398959894920726,0.025060834412126084,A
2024-07-17,09:30,P,24150.0,23919.62,23680.0,-0.3490691489361652,-0.2168473728106801,0.1973436505978698,12,238.0,470.0,240.05763688760808,2024-07-17 09:30:00.166,238.0,236.0,238.0,True,238.0,sj_ask,230.2884,228.22870547550437,-0.06398959894920726,0.03396382652681929,A
2024-07-26,09:30,P,22250.0,22009.61,22069.0,-3.2841587636108227,-0.0136190303250405,0.2181242045189213,10,211.0,181.0,212.82420749279535,2024-07-26 09:30:12.085,211.0,211.0,219.0,True,219.0,sj_ask,-39.66038,-33.47841170028818,-0.06398959894920726,0.04433501869749884,A
2024-07-31,09:30,C,21950.0,22173.54,22239.0,0.6941273175632423,0.52154195011338,0.0179920104651287,11,244.0,289.0,245.71107994389905,2024-07-31 09:30:01.394,244.0,244.0,246.0,True,246.0,sj_ask,41.309219999999996,41.598428976157074,-0.06184496401067543,0.05186696003710458,A
2024-08-07,09:30,C,20700.0,20905.29,21239.0,0.8858267716535417,1.9317073170731724,0.0423920605316485,11,271.0,539.0,272.90042075736324,2024-08-07 09:30:00.311,271.0,261.0,271.0,True,271.0,sj_ask,266.30422,264.4018988218794,-0.06184496401067543,0.05186696003710458,A
2024-08-14,09:30,P,22250.0,22040.05,22019.0,-0.0407000407000368,-0.3121606948968458,-0.0080748401589891,9,211.0,231.0,212.82420749279535,2024-08-14 09:31:05.213,211.0,211.0,239.0,True,239.0,sj_ask,-9.67938,16.522588299711824,-0.05834972358130454,0.05186696003710458,A
2024-08-21,09:30,P,22500.0,22296.51,22200.0,-0.0089633845740122,-0.1389449150643207,-0.0710958403326467,11,225.0,300.0,226.9452449567723,2024-08-21 09:30:18.217,225.0,222.0,225.0,True,225.0,sj_ask,73.331,71.38380979827092,-0.0563821535445041,0.05186696003710458,A
2024-08-28,09:30,P,22400.0,22180.5,22336.0,-0.2563180142099108,-0.1577927054686401,-0.0432810654355519,11,242.0,64.0,244.0922190201729,2024-08-28 09:30:12.503,242.0,239.0,242.0,True,242.0,sj_ask,-179.68872,-181.78303123919304,-0.05834972358130454,0.04433501869749884,A
2024-09-04,09:30,P,21500.0,21280.88,21119.0,-0.5523310241527857,-0.1223759766544319,-0.0030077110191206,7,225.0,381.0,226.9452449567723,2024-09-04 09:30:21.718,225.0,225.0,269.0,True,269.0,sj_ask,110.30861999999999,152.40542979827092,-0.05834972358130454,0.04433501869749884,A
2024-09-11,09:30,P,21350.0,21117.8,21098.0,-0.2128162686214185,-0.0236966824644579,0.0787958628383656,11,225.0,252.0,226.9452449567723,2024-09-11 09:30:13.618,225.0,222.0,225.0,True,225.0,sj_ask,25.35304,23.405849798270918,-0.05343428028091787,0.04433501869749884,A
2024-09-18,09:30,C,21550.0,21767.62,21619.0,0.3927003927003847,0.0782328578002866,-0.1539201892593822,10,205.0,69.0,206.437587657784,2024-09-18 09:30:04.077,205.0,203.0,205.0,True,205.0,sj_ask,-137.63738,-139.07640524544178,-0.045845338954214,0.05186696003710458,A
2024-10-04,09:30,C,22250.0,22478.76,22229.0,1.5645608768817931,0.6985804487035896,-0.0474862336651948,13,217.0,0.0,218.5217391304348,2024-10-04 09:30:05.292,217.0,217.0,219.0,True,219.0,sj_ask,-219.719,-219.2402608695652,-0.040105741651695836,0.06256929261611587,A
2024-10-16,09:30,C,22750.0,22989.36,22986.0,0.1180585920419696,0.1397562999519541,-0.0893747731314509,10,201.0,236.0,202.4095371669004,2024-10-16 09:30:31.247,201.0,197.0,201.0,True,201.0,sj_ask,33.33928,31.92833329593269,-0.04878895671496402,0.04433501869749884,A
2024-10-23,09:30,P,23650.0,23432.95,23335.0,-0.267391027545516,-0.2425738360711582,-0.0793407250948452,12,232.0,315.0,234.0057636887608,2024-10-23 09:30:22.505,232.0,232.0,236.0,True,236.0,sj_ask,77.29729999999999,79.29353054755045,-0.04878895671496402,0.04433501869749884,A
2024-11-27,09:30,P,22850.0,22603.74,22382.0,-0.2251556222683359,-0.0619469026548635,-0.0536698828775383,10,268.0,468.0,270.3170028818444,2024-11-27 09:31:17.842,268.0,268.0,277.0,True,277.0,sj_ask,189.27536,195.96504011527375,-0.04878895671496402,0.033772998889107675,A
2024-12-11,09:30,C,22750.0,22959.4,22902.0,0.1619256017505455,0.0524315113383133,-0.0240863758382281,9,180.0,152.0,181.2622720897616,2024-12-11 09:30:01.310,180.0,178.0,180.0,True,180.0,sj_ask,-29.63804,-30.901574361851345,-0.058897670114070835,0.029105375218886304,A
2024-12-25,09:30,P,23450.0,23227.53,23277.0,-0.0513874614594067,-0.2056555269922877,0.1044815570894641,10,196.0,173.0,197.69452449567723,2024-12-25 09:30:01.355,196.0,196.0,199.0,True,199.0,sj_ask,-27.664540000000002,-26.357759020172907,-0.058897670114070835,0.029105375218886304,A
2025-01-02,09:30,P,23150.0,22940.53,22733.0,-0.6153312822290591,-0.0130804447351251,-0.2114873303423303,11,222.0,417.0,223.91930835734868,2025-01-02 09:30:10.805,222.0,222.0,227.0,True,227.0,sj_ask,188.31834,191.402112334294,-0.058897670114070835,0.029105375218886304,A
2025-01-08,09:30,C,23350.0,23598.37,23458.0,0.3066831366869804,0.2165697057199933,0.057050295948402,11,228.0,108.0,229.59887798036465,2025-01-08 09:30:02.368,228.0,226.0,228.0,True,228.0,sj_ask,-121.69716,-123.29763685834502,-0.07249033201618958,0.025569000121811136,A
2025-02-12,09:30,C,23250.0,23466.26,23315.0,0.0897129186602896,0.153655725809898,-0.2315877329968796,12,208.0,65.0,209.4586255259467,2025-02-12 09:30:23.038,208.0,205.0,208.0,True,208.0,sj_ask,-144.6743,-146.13438415147263,-0.07356930576130626,0.019864085631175952,A
2025-02-26,09:30,C,23050.0,23267.45,23371.0,0.0994508583041398,0.3844492440604696,0.038814135738574,14,233.0,321.0,234.63394109396916,2025-02-26 09:30:11.045,233.0,231.0,233.0,True,233.0,sj_ask,86.29957999999999,84.6640049649369,-0.07356930576130626,0.025569000121811136,A
2025-03-05,09:30,C,22700.0,22915.39,22928.0,0.4744590280241212,0.8649984553598999,-0.1872555390066255,11,193.0,228.0,194.35343618513323,2025-03-05 09:30:00.365,193.0,191.0,193.0,True,193.0,sj_ask,33.348440000000004,31.99365037868164,-0.06825264495470161,0.03172588134205284,A
2025-03-12,09:30,C,22000.0,22215.62,22235.0,0.3769643019347901,0.067870232116185,-0.1687054914357666,12,183.0,235.0,184.28330995792427,2025-03-12 09:30:00.223,183.0,184.0,187.0,True,187.0,sj_ask,46.368300000000005,49.0877067321178,-0.06825264495470161,0.03172588134205284,A
2025-04-16,09:30,P,19850.0,19650.51,19548.0,-1.0949641739832483,-0.0663231467782243,-0.3148820913511096,10,275.0,302.0,277.3775216138328,2025-04-16 09:30:21.268,275.0,272.0,275.0,True,275.0,sj_ask,25.33404,22.95414086455336,-0.0820804525201357,0.03172588134205284,A
2025-04-23,09:30,C,19250.0,19460.34,19583.0,1.018052057094887,0.9818181818181726,-0.1059116806554683,9,196.0,333.0,197.37447405329596,2025-04-23 09:30:02.834,196.0,196.0,199.0,True,199.0,sj_ask,132.40934,134.03649147265077,-0.08874363683150473,0.03172588134205284,A
2025-06-04,09:30,C,21300.0,21518.25,21580.0,0.2969317057076814,0.7847744360902187,-0.0078076057233422,12,225.0,280.0,226.57784011220195,2025-06-04 09:30:00.382,225.0,223.0,225.0,True,225.0,sj_ask,53.343399999999995,51.76398204768584,-0.09008182234834736,0.025519652650588507,A
2025-06-11,09:30,P,22600.0,22371.55,22405.0,-0.0717102904266742,-0.049336203803374,-0.0718306352519015,11,255.0,195.0,257.20461095100865,2025-06-11 09:30:12.211,255.0,250.0,255.0,True,255.0,sj_ask,-61.7031,-63.90991556195965,-0.09008182234834736,0.01984293671493768,A
2025-06-18,09:30,C,22050.0,22274.11,22307.0,0.1767104666968721,0.3935049075037389,-0.341578263985054,11,160.0,257.0,161.1220196353436,2025-06-18 09:30:00.769,160.0,160.0,162.0,True,162.0,sj_ask,93.39186,94.27071834502104,-0.09008182234834736,0.008510061303730242,A
2025-06-25,09:30,P,22550.0,22334.6,22407.0,-0.0767321146468047,-0.4517119884361764,-0.1259020668176402,11,253.0,143.0,255.1873198847262,2025-06-25 09:32:20.013,253.0,249.0,253.0,True,253.0,sj_ask,-111.70114,-113.89064720461091,-0.09598562689474786,-0.0003001491053739292,A
2025-07-09,09:30,P,22500.0,22285.77,22490.0,-0.0808334830249668,-0.0719101123595522,-0.004128037360529,11,198.0,10.0,199.71181556195964,2025-07-09 09:30:22.728,198.0,198.0,200.0,True,200.0,sj_ask,-191.6498,-191.3613273775216,-0.09598562689474786,-0.0003001491053739292,A
2025-07-18,09:30,P,23550.0,23326.78,23323.0,-0.1026781894412631,-0.2740899357601689,0.1574981373723361,7,185.0,227.0,186.5994236311239,2025-07-18 09:30:00.377,185.0,185.0,198.0,True,198.0,sj_ask,27.335539999999998,38.74751694524498,-0.09598562689474786,-0.0042294728235936,A
2025-07-23,09:30,C,22950.0,23183.59,23270.0,0.082655413929622,0.3651221420498896,-0.0006481511488465,12,196.0,320.0,197.37447405329596,2025-07-23 09:30:05.485,196.0,196.0,199.0,True,199.0,sj_ask,119.3356,120.96275147265078,-0.09598562689474786,-0.003791939458106483,A
2025-07-30,09:30,C,23050.0,23276.95,23416.0,0.0862329151037011,0.034463447206301,-0.0380627356366902,11,217.0,366.0,218.5217391304348,2025-07-30 09:30:08.094,217.0,218.0,225.0,True,225.0,sj_ask,139.30668,145.79141913043478,-0.10748906826596294,-0.002805709033600282,A
2025-08-13,09:30,P,24600.0,24341.75,24348.0,-0.0699156899033548,-0.016462260268335,-0.1318768078782672,12,286.0,252.0,288.47262247838614,2025-08-13 09:30:09.514,286.0,286.0,294.0,True,294.0,sj_ask,-43.78096,-38.24805510086453,-0.09598562689474786,-0.0018285050918242947,A
2025-08-15,09:30,P,24450.0,24225.04,24342.0,-0.0576226539348079,-0.2017955687340422,0.119900365066683,8,191.0,108.0,192.6512968299712,2025-08-15 09:30:33.760,191.0,188.0,191.0,True,191.0,sj_ask,-84.67784,-86.33078812680112,-0.10748906826596294,-0.0018285050918242947,A
2025-08-20,09:30,P,24150.0,23922.35,23637.0,-0.2518891687657398,-1.0142407683391252,-0.1962435757566161,13,246.0,513.0,248.12680115273773,2025-08-20 09:30:01.247,246.0,242.0,246.0,True,246.0,sj_ask,265.28126000000003,263.1523320461096,-0.10748906826596294,0.0008802048376038655,A
2025-08-29,09:30,P,24700.0,24442.47,24347.0,-0.0532481363152315,-0.0409819269702071,-0.0922624280236261,12,253.0,353.0,255.1873198847262,2025-08-29 09:31:16.938,253.0,251.0,253.0,True,253.0,sj_ask,98.26006,96.07055279538906,-0.11558936759527405,0.0008802048376038655,A
2025-09-03,09:30,C,23800.0,24046.1,24082.0,0.1086048454469468,0.1418676458315948,-0.068738868399365,12,245.0,282.0,246.7180925666199,2025-09-03 09:30:00.876,245.0,241.0,244.0,True,244.0,sj_ask,36.27436,33.55354934081348,-0.11558936759527405,-0.0018285050918242947,A
2025-09-24,09:30,P,26500.0,26217.89,26147.0,-0.1514233797698327,-0.6028207461328483,-0.0842921083897274,14,298.0,353.0,300.57636887608066,2025-09-24 09:30:14.553,298.0,293.0,299.0,True,299.0,sj_ask,52.17806,50.60011475504326,-0.11190879650411989,0.00679482358515499,A
2025-09-26,09:30,P,25850.0,25581.97,25572.0,-0.2614178071659201,-1.2334258402713516,0.1273139416388513,14,250.0,278.0,252.16138328530255,2025-09-26 09:30:00.456,250.0,244.0,249.0,True,249.0,sj_ask,27.23956,24.07501533141212,-0.11190879650411989,-0.0018285050918242947,A
2025-10-15,09:30,C,26650.0,26919.31,27156.0,0.2501586827465152,0.2234636871508488,-0.0359216884902258,15,276.0,506.0,277.93548387096774,2025-10-15 09:30:47.950,276.0,276.0,280.0,True,280.0,sj_ask,224.17688,226.2434606451613,-0.10231262216288113,0.00679482358515499,A
2025-10-22,09:30,P,27900.0,27618.54,27691.0,-0.1550499405040928,-0.0613940050559813,0.0655784245172763,14,265.0,209.0,267.2910662824208,2025-10-22 09:30:02.886,265.0,265.0,268.0,True,268.0,sj_ask,-60.82182,-60.11217734870315,-0.0927600929398014,0.027062051786597093,A
2025-10-29,09:30,C,27950.0,28220.66,28321.0,0.0354421407052996,0.2302922940655483,0.1730957764981888,12,279.0,371.0,280.95652173913044,2025-10-29 09:30:16.531,279.0,280.0,283.0,True,283.0,sj_ask,86.15058,88.19610173913044,-0.0927600929398014,0.027062051786597093,A
2025-10-31,09:30,C,28150.0,28424.94,28444.0,0.6645457758925444,0.0105344476438062,0.1915057425295963,14,288.0,294.0,290.0196353436185,2025-10-31 09:30:00.409,288.0,286.0,288.0,True,288.0,sj_ask,4.14312,2.121465021037864,-0.0918908511051952,0.03506120088310518,A
2025-11-05,09:30,P,27800.0,27538.7,27752.0,-0.7237030667813116,-0.7361963190184007,-0.1442074961024775,13,311.0,48.0,313.6887608069164,2025-11-05 09:30:08.304,311.0,311.0,315.0,True,315.0,sj_ask,-268.87004,-267.55748956772334,-0.08652395702914091,0.04365331743153777,A
2025-11-26,09:30,C,27050.0,27339.0,27283.0,0.0294334069168566,0.6914815359717608,0.015106972361556,15,298.0,233.0,300.0897615708275,2025-11-26 09:30:00.693,298.0,298.0,301.0,True,301.0,sj_ask,-69.84666,-68.9355113323983,-0.08106378161577664,0.04365331743153777,A
2025-11-28,09:30,C,27350.0,27627.63,27789.0,0.1270186898929326,0.2174700978615495,0.0194001586759196,12,282.0,439.0,283.9775596072932,2025-11-28 09:30:00.081,282.0,283.0,286.0,True,286.0,sj_ask,151.15822,153.1826828330996,-0.08106378161577664,0.04365331743153777,A
2025-12-05,09:30,C,27550.0,27827.92,27892.0,0.0936397032341718,0.2734599884858912,0.1250521050437658,11,327.0,342.0,329.29312762973353,2025-12-05 09:31:10.934,327.0,322.0,327.0,True,327.0,sj_ask,13.11516,10.819739242636732,-0.07418800772688078,0.05859766619670576,A
2026-01-02,09:30,C,28750.0,29037.1,29337.0,0.0413294299982824,0.254759527662074,0.1297707452381225,12,327.0,587.0,329.29312762973353,2026-01-02 09:30:00.474,327.0,325.0,327.0,True,327.0,sj_ask,258.08626,255.79083924263676,-0.06256033758806229,0.06330949165830876,A
2026-01-09,09:30,P,30250.0,29966.99,30320.0,-0.0262656773261538,-1.3825944170771765,0.1955189372003563,14,279.0,0.0,281.4121037463977,2026-01-09 09:30:00.004,279.0,275.0,279.0,True,279.0,sj_ask,-279.779,-282.1935158501441,-0.06256033758806229,0.07620122341200125,A
2026-01-14,09:30,C,30550.0,30835.91,30841.0,0.1421372270319132,0.0225806451612964,0.236669463541661,13,378.0,291.0,380.65077138849927,2026-01-14 09:30:41.705,378.0,375.0,378.0,True,378.0,sj_ask,-88.99482,-91.64824215988776,-0.06256033758806229,0.07620122341200125,A
2026-01-21,09:30,C,31250.0,31558.17,31245.0,0.2081265409368926,0.7540899795501099,-0.0810697402599092,17,305.0,0.0,307.13884992987374,2026-01-21 09:30:05.737,305.0,303.0,305.0,True,305.0,sj_ask,-305.805,-307.9459887798036,-0.057683751687145846,0.08342453709370361,A
2026-01-23,09:30,P,32100.0,31765.97,31930.0,-0.0531050855928971,-0.193780278168465,0.1242207086561641,17,270.0,170.0,272.3342939481268,2026-01-23 09:30:29.759,270.0,270.0,274.0,True,274.0,sj_ask,-105.9126,-104.24522824207492,-0.06256033758806229,0.08342453709370361,A
2026-01-28,09:30,C,32300.0,32646.29,32718.0,0.1896256422803999,0.1373710238720349,-0.031880242877269,13,377.0,418.0,379.6437587657784,2026-01-28 09:30:07.080,377.0,377.0,382.0,True,382.0,sj_ask,33.963640000000005,36.32223747545584,-0.06256033758806229,0.08342453709370361,A
2026-02-04,09:30,C,31800.0,32120.34,32342.0,0.0155738981467035,0.4640298972282686,0.1096703872472071,18,350.0,542.0,352.45441795231415,2026-02-04 09:30:30.217,350.0,350.0,353.0,True,353.0,sj_ask,187.00016,187.54628762973357,-0.06256033758806229,0.08342453709370361,A
2026-02-06,09:30,P,31550.0,31252.07,31676.0,-0.9508816120906816,-0.4450378282153999,0.3295934970812153,14,255.0,0.0,257.20461095100865,2026-02-06 09:30:04.995,255.0,252.0,256.0,True,256.0,sj_ask,-256.756,-257.96181556195967,-0.057683751687145846,0.09411864840106465,A
2026-02-11,09:30,C,32950.0,33297.65,33684.0,0.2615597378389678,0.3238477915379789,-0.0581379460908693,14,332.0,734.0,334.328190743338,2026-02-11 09:30:12.271,332.0,332.0,337.0,True,337.0,sj_ask,394.98932,397.6638010659187,-0.057683751687145846,0.09411864840106465,A
2026-03-04,09:30,P,33400.0,33088.77,32932.0,-0.2593299153451744,-0.9324287977047874,0.318161943190165,16,304.0,468.0,306.6282420749279,2026-03-04 09:30:00.019,304.0,297.0,304.0,True,304.0,sj_ask,162.03736,159.40648968299715,-0.04011223690146004,0.11403548366989416,A
2026-03-06,09:30,C,33150.0,33460.69,33573.0,0.2162941600576839,0.1798561151079125,-0.0878391363252018,16,335.0,423.0,337.3492286115007,2026-03-06 09:30:38.989,335.0,335.0,337.0,True,337.0,sj_ask,83.99154,83.64196215988783,-0.03380323455866862,0.1244701275724446,A
2026-03-11,09:30,C,33300.0,33635.84,34151.0,0.7128832502643068,0.8608020155364215,-0.0840755042670227,17,292.0,851.0,294.0476858345021,2026-03-11 09:30:03.932,292.0,292.0,297.0,True,297.0,sj_ask,552.0199799999999,554.9752464796634,-0.03380323455866862,0.1244701275724446,A
2026-03-13,09:30,C,33000.0,33322.03,33421.0,0.6842981320510422,1.6287043840313542,-0.0973576579420987,14,351.0,421.0,353.4614305750351,2026-03-13 09:30:05.313,351.0,340.0,351.0,True,351.0,sj_ask,67.98058,65.51668799438988,-0.03380323455866862,0.1244701275724446,A
2026-04-07,09:30,C,32850.0,33173.3,33117.0,1.3805742211362215,0.4067245119305784,0.0158071824826411,15,360.0,267.0,362.5245441795232,2026-04-07 09:30:25.308,360.0,360.0,375.0,True,375.0,sj_ask,-110.03734,-97.54940872370268,-0.03218476773334582,0.10098199722156635,A
2026-04-10,09:30,C,34850.0,35192.62,35350.0,0.0766566350576258,0.3347612698232582,0.0679399559683213,16,397.0,500.0,399.7840112201964,2026-04-10 09:30:38.557,397.0,392.0,397.0,True,397.0,sj_ask,100.896,98.10920476858344,-0.008012670868212642,0.10098199722156635,A
2026-04-17,09:30,C,36550.0,36904.58,36813.0,0.0053845946746289,0.2745995423340863,0.1668137383860957,16,,263.0,,,,,,True,,no_fill,,,0.0036681473479959915,0.11403548366989416,A
2026-04-22,09:30,C,37550.0,37912.09,37900.0,0.6490080202617099,0.0262123197902974,-0.1318928227224458,17,386.0,350.0,388.70687237026647,2026-04-22 09:30:21.354,386.0,383.0,386.0,True,386.0,sj_ask,-38.144000000000005,-40.853579242636734,0.0036681473479959915,0.1244701275724446,A
2026-04-24,09:30,C,38200.0,38598.06,38880.0,0.6623386863616076,1.1671323011044563,-0.2653373374867041,18,337.0,680.0,339.3632538569425,2026-04-24 09:30:00.617,337.0,337.0,343.0,True,343.0,sj_ask,334.8794,338.51978288920054,-0.005526238448275642,0.1244701275724446,A
2026-05-06,09:30,C,41000.0,41429.17,41216.0,0.2286126819877276,0.3313325330132066,0.0053828627512464,19,463.0,216.0,466.2468443197756,2026-05-06 09:30:20.075,463.0,463.0,473.0,True,473.0,sj_ask,-259.29732,-252.53741116409532,-0.015638324132896092,0.11403548366989416,A
2026-05-08,09:30,C,41500.0,41935.44,41610.0,0.4267900145442427,0.3418803418803406,0.0079569922188049,15,500.0,110.0,505.0,2026-05-08 09:30:14.097,500.0,500.0,505.0,True,505.0,sj_ask,-397.3372,-397.3372,-0.008012670868212642,0.11403548366989416,A
2026-05-13,09:30,C,40800.0,41230.68,41485.0,0.2479579929988373,0.2497696299529561,0.0627499416040011,18,493.0,685.0,496.4572230014025,2026-05-13 09:30:00.899,493.0,490.0,493.0,True,493.0,sj_ask,189.6773,186.2166197755961,-0.008012670868212642,0.11403548366989416,A
2026-05-15,09:30,P,42450.0,42040.01,41096.0,-0.1817795509808983,-0.4824748119767297,0.0312590250324262,20,470.0,1354.0,474.0634005763689,2026-05-15 09:30:23.938,470.0,462.0,470.0,True,470.0,sj_ask,881.70808,877.6406160230548,-0.008012670868212642,0.11403548366989416,A
2026-05-27,09:30,C,44200.0,44668.77,44332.0,0.1170169674602927,1.0833895257361226,0.0060497016600713,19,444.0,132.0,447.1136044880785,2026-05-27 09:30:02.258,444.0,446.0,456.0,True,456.0,sj_ask,-326.34264,-317.4473580925666,-0.015638324132896092,0.10098199722156635,A
2026-06-03,09:30,C,45950.0,46398.47,46445.0,0.0685430321723856,0.3103728755511792,0.0824133313046093,21,510.0,495.0,515.0,2026-06-03 09:30:05.946,510.0,500.0,510.0,True,510.0,sj_ask,-17.4389,-22.4439,-0.015638324132896092,0.11403548366989416,A
2026-06-05,09:30,P,45000.0,44561.21,44942.0,-1.4544042121617529,-1.600683191731633,0.4328942098911437,20,378.0,58.0,381.2680115273775,2026-06-05 09:30:00.233,378.0,381.0,397.0,True,397.0,sj_ask,-341.29584,-325.54811953890487,-0.015638324132896092,0.10098199722156635,A
2026-06-17,09:30,C,45150.0,45596.66,45670.0,0.7219013771657012,0.2536112029992265,-0.2022517937141366,21,394.0,520.0,396.76297335203367,2026-06-17 09:31:52.203,394.0,381.0,393.0,True,393.0,sj_ask,124.6936,120.9268636746143,-0.03708487306787405,0.0903950526757901,A
2026-06-22,09:30,C,47200.0,47651.98,47778.0,0.3934509455514767,1.0703750526759317,-0.1644044874975936,16,427.0,578.0,429.9943899018233,2026-06-22 09:30:00.217,427.0,427.0,434.0,True,434.0,sj_ask,141.61044,145.6200557082749,-0.03708487306787405,0.0903950526757901,A
2026-07-03,09:30,C,45800.0,46264.78,46825.0,0.0700709468336668,1.277899343544853,-0.1229779478986059,18,430.0,1025.0,433.015427769986,2026-07-03 09:30:35.275,430.0,430.0,436.0,True,436.0,sj_ask,586.6274999999999,589.615056802244,-0.05190169095276086,0.10098199722156635,A
2026-07-13,09:30,P,46400.0,45931.49,45605.0,-0.398646755877341,-0.5949547834364632,-0.1369587981217113,22,565.0,795.0,570.0,2026-07-13 09:31:18.224,565.0,565.0,570.0,True,570.0,sj_ask,222.5179,222.5179,-0.06501748434158129,0.10098199722156635,A
2026-07-15,09:30,C,45050.0,45482.19,45830.0,0.7508608241697301,0.1455251030802795,-0.1411572254030213,21,437.0,780.0,440.06451612903226,2026-07-15 09:30:01.256,437.0,431.0,437.0,True,437.0,sj_ask,340.64639999999997,337.5788193548387,-0.08197146946204326,0.08686685236211401,A
2026-07-17,09:30,P,44500.0,44058.17,42928.0,-1.039919490103991,-0.0903954802259909,0.1778547042910139,21,455.0,1572.0,458.9337175792507,2026-07-17 09:30:11.379,455.0,455.0,462.0,True,462.0,sj_ask,1107.67944,1110.7487887031702,-0.08520459388447643,0.07956189490107896,A
2026-07-22,09:30,C,44500.0,44947.26,44841.0,0.0867418429305377,0.0444444444444469,-0.1777470643033241,22,411.0,341.0,413.8821879382889,2026-07-22 09:30:00.181,411.0,412.0,422.0,True,422.0,sj_ask,-83.31882,-75.19289012622718,-0.08520459388447643,0.08686685236211401,A
2026-07-31,09:30,C,42200.0,42610.75,43181.0,1.1275950213813113,2.6316411140771434,0.1259040847472414,24,540.0,981.0,545.0,2026-07-31 09:30:02.770,540.0,535.0,540.0,True,540.0,sj_ask,438.59637999999995,433.59138,-0.0993014538151493,0.08686685236211401,A
2026-08-21,09:30,C,44500.0,44959.49,45121.0,0.1852513168467018,0.0289616147214122,-0.1738997747399551,18,400.0,621.0,402.8050490883591,2026-08-21 09:30:04.669,400.0,400.0,405.0,True,405.0,sj_ask,213.69258,215.88972586255255,-0.13324891879143091,0.06936176771036301,A
2026-08-26,09:30,P,45600.0,45159.67,45850.0,-0.3345291282434992,-0.4526885282102211,-0.1957467161495474,21,505.0,0.0,510.0,2026-08-26 09:30:17.196,505.0,505.0,510.0,True,510.0,sj_ask,-511.01,-511.01,-0.13657683950319074,0.06936176771036301,A
2026-09-04,09:30,P,46600.0,46122.79,46520.0,-0.1742422612773464,-0.4051200275826394,0.1328586152784749,23,435.0,80.0,438.7608069164265,2026-09-04 09:30:08.834,435.0,435.0,438.0,True,438.0,sj_ask,-360.3684,-361.1299677233429,-0.1382183263061043,0.06430694591329715,A
2026-09-09,09:30,C,46950.0,47449.12,47190.0,0.0446286260758599,0.7009941371399542,-0.205426565692679,21,420.0,240.0,422.945301542777,2026-09-09 09:30:20.340,420.0,420.0,425.0,True,425.0,sj_ask,-187.36880000000002,-185.31204684431972,-0.1382183263061043,0.06936176771036301,A
2026-09-16,09:30,C,45300.0,45773.87,45759.0,0.0109820114652103,0.5182940220494592,-0.0935027382944708,19,461.0,459.0,464.2328190743338,2026-09-16 09:30:22.148,461.0,461.0,468.0,True,468.0,sj_ask,-11.38318,-7.612231893408138,-0.1452693593815035,0.06430694591329715,A
2026-09-18,09:30,P,47200.0,46722.63,47116.0,-0.1696352841391024,-0.2060322854715357,0.012168439430793,18,450.0,84.0,453.8904899135446,2026-09-18 09:30:01.008,450.0,445.0,450.0,True,450.0,sj_ask,-368.39232,-372.28670040345816,-0.1452693593815035,0.06430694591329715,A
2023-01-11,10:00,P,14900.0,14774.8,14753.0,-0.0874361043852522,-0.3433187478963262,0.2557070455480703,7,91.0,147.0,92.0,2023-01-11 10:00:01.036,91.0,90.0,92.0,True,92.0,sj_ask,53.61294,53.61294,-0.04588381058612251,0.03502113091520372,B
2023-03-22,09:30,C,15550.0,15705.69,15744.0,0.0770366566090974,0.5195971518378251,-0.1419463123544129,9,147.0,194.0,148.03085553997195,2023-03-22 09:30:00.318,147.0,147.0,149.0,True,149.0,sj_ask,43.53612,44.50623360448808,-0.07969158482514496,0.024087674795396547,B
2023-04-19,10:00,P,16050.0,15874.79,15775.0,-0.0503113011760314,-0.0817970175548965,0.0505283424939495,9,172.0,275.0,173.39837398373984,2023-04-19 10:00:01.568,172.0,171.0,172.0,True,172.0,sj_ask,101.5125,100.1127276422764,-0.05601588320857219,0.03266649368505066,B
2023-05-10,10:00,P,15750.0,15596.71,15611.0,-0.0063722678901423,-0.5098139179199546,0.1698402450213132,7,128.0,139.0,129.04065040650406,2023-05-10 10:00:02.440,128.0,126.0,128.0,True,128.0,sj_ask,9.55978,8.51808894308944,-0.05601588320857219,0.024909434372452022,B
2023-06-21,10:00,P,17300.0,17147.3,17230.0,-0.0291341335508676,-0.0524567232033534,0.0460306310805402,8,154.0,70.0,155.2520325203252,2023-06-21 10:00:10.970,154.0,152.0,154.0,True,154.0,sj_ask,-85.4986,-86.75188455284552,-0.044501089101901474,0.03669929797126876,B
2023-08-02,10:00,P,17250.0,17082.02,16855.0,-0.2916642361313615,-0.2223132276370498,0.0434969180413968,9,162.0,395.0,163.3170731707317,2023-08-02 10:00:00.014,162.0,160.0,162.0,True,162.0,sj_ask,231.5009,230.1825097560976,-0.05601588320857219,0.028712145797904425,B
2023-08-23,09:30,C,16350.0,16525.18,16557.0,0.2748259435690681,0.4750593824228044,-0.0844927140910556,10,175.0,207.0,176.22720897615707,2023-08-23 09:30:01.119,175.0,175.0,177.0,True,177.0,sj_ask,28.49186,29.265423814866768,-0.05358627485178064,0.01864054001386774,B
2023-09-13,09:30,C,16450.0,16634.89,16592.0,0.1389980056807793,0.3621001810500956,-0.0610772928331559,9,180.0,142.0,181.2622720897616,2023-09-13 09:30:17.377,180.0,178.0,180.0,True,180.0,sj_ask,-39.51184,-40.77537436185134,-0.05567257066056812,0.02255846579154109,B
2023-09-27,09:30,C,16150.0,16304.72,16275.0,0.0739189355673186,0.3508555952234315,-0.0870935888078516,9,142.0,125.0,143.0,2023-09-27 09:30:00.018,142.0,141.0,142.0,True,142.0,sj_ask,-18.4675,-19.4685,-0.05834972358130454,0.01864054001386774,B
2023-10-18,10:00,P,16650.0,16485.72,16426.0,-0.3119750419966371,-0.6379393355801621,0.0873012986068344,9,139.0,224.0,140.130081300813,2023-10-18 10:00:01.536,139.0,139.0,140.0,True,140.0,sj_ask,82.53148,82.40126861788619,-0.06656950839097339,0.028712145797904425,B
2023-12-27,09:30,C,17650.0,17844.72,17883.0,0.0338047213927605,0.3491974091805128,-0.1892720087542598,8,165.0,233.0,166.1570827489481,2023-12-27 09:30:01.015,165.0,164.0,165.0,True,165.0,sj_ask,66.47734,65.31910016830294,-0.06398959894920726,0.03076392589792084,B
2024-01-03,10:00,P,17800.0,17616.86,17556.0,-0.0905284598845757,-0.3964208857175189,0.089207686965631,9,174.0,244.0,175.41463414634146,2024-01-03 10:00:02.685,174.0,173.0,174.0,True,174.0,sj_ask,68.47488,67.05883121951221,-0.047205719964136764,0.0407113652875978,B
2024-02-15,09:30,C,18400.0,18609.28,18632.0,3.083065321060219,0.1452393760086101,-0.0757441459444563,9,200.0,232.0,201.40252454417956,2024-02-15 09:30:04.752,200.0,200.0,203.0,True,203.0,sj_ask,27.42436,29.023432931276293,-0.06184496401067543,0.028414214757215252,B
2024-03-06,09:30,C,19150.0,19366.8,19510.0,0.0778533243369405,0.243750648273,-0.1724565244330678,8,190.0,360.0,191.3323983169705,2024-03-06 09:30:02.898,190.0,188.0,190.0,True,190.0,sj_ask,168.4198,167.0860692847125,-0.05834972358130454,0.028414214757215252,B
2024-03-20,09:30,C,19750.0,19926.45,19748.0,0.0151080223598665,0.1812688821752228,-0.1463402883445708,10,150.0,0.0,151.05189340813465,2024-03-20 09:30:00.471,150.0,0.0,0.0,True,151.05189340813465,sj_trade_model,-151.70294530154277,-151.70294530154277,-0.06184496401067543,0.027206126413562508,B
2024-04-17,09:30,C,19900.0,20095.54,20238.0,0.0903433045573276,0.4914251328853591,-0.2626004159208217,11,153.0,338.0,154.07293127629734,2024-04-17 09:30:00.757,153.0,152.0,153.0,True,153.0,sj_ask,183.44224,182.3682357924264,-0.06398959894920726,0.025060834412126084,B
2024-05-29,10:00,P,22000.0,21778.02,21730.0,-0.2463616040877747,-0.1554996569860467,0.088044372895002,10,202.0,270.0,203.6422764227642,2024-05-29 10:00:01.147,202.0,198.0,200.0,True,200.0,sj_ask,68.3654,64.71948130081302,-0.043715634423665516,0.03742876025320633,B
2024-07-17,10:00,P,24200.0,23935.95,23680.0,-0.3490691489361652,-0.1459549624687195,0.050347418075769,10,263.0,520.0,265.1382113821138,2024-07-17 10:00:00.640,263.0,261.0,263.0,True,263.0,sj_ask,255.26340000000002,253.1230504065041,-0.043715634423665516,0.0407113652875978,B
2024-07-26,10:00,P,22250.0,22040.51,22069.0,-3.2841587636108227,-0.0726348284002198,0.1053358362313572,7,200.0,181.0,201.6260162601626,2024-07-26 10:00:24.095,200.0,200.0,205.0,True,205.0,sj_ask,-25.646379999999997,-22.269022276422763,-0.03712452463818069,0.04518694001511937,B
2024-09-18,09:30,C,21550.0,21767.62,21619.0,0.3927003927003847,0.0782328578002866,-0.1539201892593822,10,205.0,69.0,206.437587657784,2024-09-18 09:30:04.077,205.0,203.0,205.0,True,205.0,sj_ask,-137.63738,-139.07640524544178,-0.045845338954214,0.05186696003710458,B
2024-10-04,09:30,C,22250.0,22478.76,22229.0,1.5645608768817931,0.6985804487035896,-0.0474862336651948,13,217.0,0.0,218.5217391304348,2024-10-04 09:30:05.292,217.0,217.0,219.0,True,219.0,sj_ask,-219.719,-219.2402608695652,-0.040105741651695836,0.06256929261611587,B
2024-10-16,09:30,C,22750.0,22989.36,22986.0,0.1180585920419696,0.1397562999519541,-0.0893747731314509,10,201.0,236.0,202.4095371669004,2024-10-16 09:30:31.247,201.0,197.0,201.0,True,201.0,sj_ask,33.33928,31.92833329593269,-0.04878895671496402,0.04433501869749884,B
2024-10-23,10:00,P,23600.0,23371.4,23335.0,-0.267391027545516,-0.2893863307515509,0.1106779161406112,11,211.0,265.0,212.71544715447155,2024-10-23 10:00:07.360,211.0,211.0,213.0,True,213.0,sj_ask,50.320299999999996,50.60513739837398,-0.02286634947629644,0.043939657560149066,B
2024-12-25,10:00,P,23500.0,23271.6,23277.0,-0.0513874614594067,-0.0814053127677794,0.0565067646976835,11,222.0,223.0,223.8048780487805,2024-12-25 10:01:17.267,222.0,220.0,222.0,True,222.0,sj_ask,-0.68754,-2.4942229268292757,-0.05820732734557903,0.04430478559673814,B
2025-02-12,09:30,C,23250.0,23466.26,23315.0,0.0897129186602896,0.153655725809898,-0.2315877329968796,12,208.0,65.0,209.4586255259467,2025-02-12 09:30:23.038,208.0,205.0,208.0,True,208.0,sj_ask,-144.6743,-146.13438415147263,-0.07356930576130626,0.019864085631175952,B
2025-03-05,09:30,C,22700.0,22915.39,22928.0,0.4744590280241212,0.8649984553598999,-0.1872555390066255,11,193.0,228.0,194.35343618513323,2025-03-05 09:30:00.365,193.0,191.0,193.0,True,193.0,sj_ask,33.348440000000004,31.99365037868164,-0.06825264495470161,0.03172588134205284,B
2025-03-12,09:30,C,22000.0,22215.62,22235.0,0.3769643019347901,0.067870232116185,-0.1687054914357666,12,183.0,235.0,184.28330995792427,2025-03-12 09:30:00.223,183.0,184.0,187.0,True,187.0,sj_ask,46.368300000000005,49.0877067321178,-0.06825264495470161,0.03172588134205284,B
2025-04-23,09:30,C,19250.0,19460.34,19583.0,1.018052057094887,0.9818181818181726,-0.1059116806554683,9,196.0,333.0,197.37447405329596,2025-04-23 09:30:02.834,196.0,196.0,199.0,True,199.0,sj_ask,132.40934,134.03649147265077,-0.08874363683150473,0.03172588134205284,B
2025-06-18,09:30,C,22050.0,22274.11,22307.0,0.1767104666968721,0.3935049075037389,-0.341578263985054,11,160.0,257.0,161.1220196353436,2025-06-18 09:30:00.769,160.0,160.0,162.0,True,162.0,sj_ask,93.39186,94.27071834502104,-0.09008182234834736,0.008510061303730242,B
2025-07-18,10:00,P,23600.0,23379.37,23323.0,-0.1026781894412631,-0.1970021413276179,0.0479891600956072,11,224.0,277.0,225.8211382113821,2025-07-18 10:04:16.003,224.0,191.0,224.0,True,224.0,sj_ask,51.309540000000005,49.48658065040652,-0.10002627290577878,0.005507717173909212,B
2025-08-29,10:00,P,24600.0,24379.97,24347.0,-0.0532481363152315,-0.270480718003363,0.1471376658067624,9,186.0,253.0,187.5121951219512,2025-08-29 10:00:11.877,186.0,185.0,187.0,True,187.0,sj_ask,64.32606,63.81335268292684,-0.11790562156694939,0.006299102667339695,B
2025-10-22,10:00,P,27900.0,27610.28,27691.0,-0.1550499405040928,-0.1011195377392581,0.056287910124797,15,276.0,209.0,278.2439024390244,2025-10-22 10:00:12.046,276.0,276.0,278.0,True,278.0,sj_ask,-70.83182000000001,-71.07596634146343,-0.0707446845722875,0.030688838234782467,B
2026-01-09,10:00,P,30400.0,30104.01,30320.0,-0.0262656773261538,-0.6469622331691349,0.2083757553330567,15,220.0,80.0,221.78861788617888,2026-01-09 10:00:10.349,220.0,221.0,225.0,True,225.0,sj_ask,-146.8314,-143.61680650406504,-0.043836916770260095,0.0704125420937029,B
2026-01-21,09:30,C,31250.0,31558.17,31245.0,0.2081265409368926,0.7540899795501099,-0.0810697402599092,17,305.0,0.0,307.13884992987374,2026-01-21 09:30:05.737,305.0,303.0,305.0,True,305.0,sj_ask,-305.805,-307.9459887798036,-0.057683751687145846,0.08342453709370361,B
2026-01-23,10:00,P,32150.0,31837.87,31930.0,-0.0531050855928971,-0.0156274417877799,0.1967577740707549,15,278.0,220.0,280.260162601626,2026-01-23 10:02:52.091,278.0,275.0,279.0,True,279.0,sj_ask,-60.9176,-62.17902276422763,-0.040977505428647615,0.07381712102606512,B
2026-02-11,09:30,C,32950.0,33297.65,33684.0,0.2615597378389678,0.3238477915379789,-0.0581379460908693,14,332.0,734.0,334.328190743338,2026-02-11 09:30:12.271,332.0,332.0,337.0,True,337.0,sj_ask,394.98932,397.6638010659187,-0.057683751687145846,0.09411864840106465,B
2026-03-06,09:30,C,33150.0,33460.69,33573.0,0.2162941600576839,0.1798561151079125,-0.0878391363252018,16,335.0,423.0,337.3492286115007,2026-03-06 09:30:38.989,335.0,335.0,337.0,True,337.0,sj_ask,83.99154,83.64196215988783,-0.03380323455866862,0.1244701275724446,B
2026-03-11,09:30,C,33300.0,33635.84,34151.0,0.7128832502643068,0.8608020155364215,-0.0840755042670227,17,292.0,851.0,294.0476858345021,2026-03-11 09:30:03.932,292.0,292.0,297.0,True,297.0,sj_ask,552.0199799999999,554.9752464796634,-0.03380323455866862,0.1244701275724446,B
2026-03-13,09:30,C,33000.0,33322.03,33421.0,0.6842981320510422,1.6287043840313542,-0.0973576579420987,14,351.0,421.0,353.4614305750351,2026-03-13 09:30:05.313,351.0,340.0,351.0,True,351.0,sj_ask,67.98058,65.51668799438988,-0.03380323455866862,0.1244701275724446,B
2026-04-22,09:30,C,37550.0,37912.09,37900.0,0.6490080202617099,0.0262123197902974,-0.1318928227224458,17,386.0,350.0,388.70687237026647,2026-04-22 09:30:21.354,386.0,383.0,386.0,True,386.0,sj_ask,-38.144000000000005,-40.853579242636734,0.0036681473479959915,0.1244701275724446,B
2026-04-24,09:30,C,38200.0,38598.06,38880.0,0.6623386863616076,1.1671323011044563,-0.2653373374867041,18,337.0,680.0,339.3632538569425,2026-04-24 09:30:00.617,337.0,337.0,343.0,True,343.0,sj_ask,334.8794,338.51978288920054,-0.005526238448275642,0.1244701275724446,B
2026-05-15,10:00,P,42050.0,41626.16,41096.0,-0.1817795509808983,-1.3953928385601388,0.1927727414486435,20,339.0,954.0,341.7560975609756,2026-05-15 10:00:58.368,339.0,290.0,393.0,True,393.0,sj_ask,558.78508,610.0802263414635,0.00485893504541423,0.09243022278282877,B
2026-06-17,09:30,C,45150.0,45596.66,45670.0,0.7219013771657012,0.2536112029992265,-0.2022517937141366,21,394.0,520.0,396.76297335203367,2026-06-17 09:31:52.203,394.0,381.0,393.0,True,393.0,sj_ask,124.6936,120.9268636746143,-0.03708487306787405,0.0903950526757901,B
2026-06-22,09:30,C,47200.0,47651.98,47778.0,0.3934509455514767,1.0703750526759317,-0.1644044874975936,16,427.0,578.0,429.9943899018233,2026-06-22 09:30:00.217,427.0,427.0,434.0,True,434.0,sj_ask,141.61044,145.6200557082749,-0.03708487306787405,0.0903950526757901,B
2026-07-03,09:30,C,45800.0,46264.78,46825.0,0.0700709468336668,1.277899343544853,-0.1229779478986059,18,430.0,1025.0,433.015427769986,2026-07-03 09:30:35.275,430.0,430.0,436.0,True,436.0,sj_ask,586.6274999999999,589.615056802244,-0.05190169095276086,0.10098199722156635,B
2026-07-15,09:30,C,45050.0,45482.19,45830.0,0.7508608241697301,0.1455251030802795,-0.1411572254030213,21,437.0,780.0,440.06451612903226,2026-07-15 09:30:01.256,437.0,431.0,437.0,True,437.0,sj_ask,340.64639999999997,337.5788193548387,-0.08197146946204326,0.08686685236211401,B
2026-07-17,10:00,P,44300.0,43880.52,42928.0,-1.039919490103991,-0.4293785310734432,0.2573098348016112,17,382.0,1372.0,385.1056910569106,2026-07-17 10:00:18.642,382.0,378.0,382.0,True,382.0,sj_ask,987.75944,984.6506432520324,-0.08820241456286898,0.09248325720023642,B
2026-07-22,09:30,C,44500.0,44947.26,44841.0,0.0867418429305377,0.0444444444444469,-0.1777470643033241,22,411.0,341.0,413.8821879382889,2026-07-22 09:30:00.181,411.0,412.0,422.0,True,422.0,sj_ask,-83.31882,-75.19289012622718,-0.08520459388447643,0.08686685236211401,B
2026-08-21,09:30,C,44500.0,44959.49,45121.0,0.1852513168467018,0.0289616147214122,-0.1738997747399551,18,400.0,621.0,402.8050490883591,2026-08-21 09:30:04.669,400.0,400.0,405.0,True,405.0,sj_ask,213.69258,215.88972586255255,-0.13324891879143091,0.06936176771036301,B
2026-09-09,09:30,C,46950.0,47449.12,47190.0,0.0446286260758599,0.7009941371399542,-0.205426565692679,21,420.0,240.0,422.945301542777,2026-09-09 09:30:20.340,420.0,420.0,425.0,True,425.0,sj_ask,-187.36880000000002,-185.31204684431972,-0.1382183263061043,0.06936176771036301,B
