plan,part,n,mean,t,win,total,ex5,maxdd
A,全部,123,36.1,1.85,0.57,4444,878,1439
A,Call,70,51.1,2.34,0.61,3579,1266,811
A,Put,53,16.3,0.47,0.51,865,-1843,1240
A,2023,24,5.1,0.39,0.38,122,-395,217
A,2024,30,40.2,1.82,0.67,1205,155,401
A,2025,31,24.0,1.11,0.68,743,-225,339
A,2026,38,62.5,1.08,0.53,2374,-1192,1439
A,全部用FinMind+模型,123,36.9,1.89,0.58,4536,970,1437
A,只算Shioaji賣價那幾筆,121,37.7,1.91,0.57,4556,989,1439
B,全部,50,91.3,2.83,0.68,4564,1484,608
B,Call,31,76.5,2.05,0.68,2371,162,469
B,Put,19,115.4,1.92,0.68,2193,58,279
B,2023,11,43.1,1.71,0.73,474,-62,85
B,2024,13,24.6,0.65,0.62,320,-424,383
B,2025,8,25.7,0.81,0.75,206,-182,71
B,2026,18,198.1,2.53,0.67,3565,485,367
B,全部用FinMind+模型,50,92.3,2.83,0.68,4613,1476,609
B,只算Shioaji賣價那幾筆,49,96.2,2.96,0.69,4716,1636,608
