slot,base,th,n,mean,t,win,total,ex5
09:30,兩段同向,不過濾,131,25.273304339301788,3.3689313785538393,0.6412213740458015,3310.8028684485344,1814.513097263663
09:30,兩段同向,貴>+0.10%不買,117,26.50989065464446,3.333030976748225,0.6495726495726496,3101.657206593402,1605.8969173681853
09:30,兩段同向,貴>+0.08%不買,115,25.72610149875731,3.1872535737847403,0.6434782608695652,2958.5016723570907,1462.7413831318743
09:30,兩段同向,貴>+0.06%不買,112,26.902154114999217,3.2803333224519364,0.6428571428571429,3013.0412608799124,1517.2809716546963
09:30,兩段同向,貴>+0.04%不買,103,25.51513830762562,2.9005408462706654,0.6310679611650486,2628.059245685439,1132.2989564602221
09:30,兩段同向,貴>+0.02%不買,92,21.120296040992695,2.840315034889686,0.6195652173913043,1943.0672357713281,859.9321116638308
09:30,兩段同向,貴>+0.00%不買,75,24.635028490510123,2.881745163560008,0.6133333333333333,1847.6271367882593,764.4920126807621
09:30,兩段同向,貴>-0.02%不買,58,32.35211015069578,3.1595834283504174,0.6379310344827587,1876.4223887403552,793.287264632858
09:30,只看盤前,不過濾,266,11.797514186517995,2.5589371485486336,0.5864661654135338,3138.1387736137867,1603.3845821566547
09:30,只看盤前,貴>+0.10%不買,227,14.755350819027939,2.9454038868005274,0.6123348017621145,3349.464635919342,1814.710444462211
09:30,只看盤前,貴>+0.08%不買,211,14.836582343377792,2.910807853715257,0.6113744075829384,3130.518874452714,1634.758585227496
09:30,只看盤前,貴>+0.06%不買,201,15.053795236677,2.841181178359156,0.6119402985074627,3025.812842572077,1530.0525533468608
09:30,只看盤前,貴>+0.04%不買,178,14.267562042224338,2.450238958151206,0.601123595505618,2539.626043515932,1043.865754290715
09:30,只看盤前,貴>+0.02%不買,155,11.682328129717556,2.1888474640348017,0.5870967741935483,1810.7608601062211,727.625735998723
09:30,只看盤前,貴>+0.00%不買,125,13.12311315151032,2.082997638265928,0.568,1640.38914393879,557.254019831293
09:30,只看盤前,貴>-0.02%不買,100,18.176916444856534,2.4742917676139538,0.59,1817.6916444856536,734.5565203781564
09:30,每天買Call,不過濾,266,-3.0942701845427014,-0.736232952429222,0.48120300751879697,-823.0758690883586,-1890.9682108555398
09:30,每天買Call,貴>+0.10%不買,256,-4.217091979422335,-1.005586729824197,0.47265625,-1079.5755467321178,-2134.5613863113604
09:30,每天買Call,貴>+0.08%不買,246,-3.264674098450379,-0.7978172394325055,0.4796747967479675,-803.1098282187932,-1758.5828566900418
09:30,每天買Call,貴>+0.06%不買,238,-2.8133602444399872,-0.6952345863566873,0.4789915966386555,-669.579738176717,-1602.126373408134
09:30,每天買Call,貴>+0.04%不買,223,-3.042792172780957,-0.7284136250346326,0.47533632286995514,-678.5426545301534,-1611.0892897615709
09:30,每天買Call,貴>+0.02%不買,207,-2.757589768752832,-0.6349552837052259,0.47342995169082125,-570.8210821318362,-1503.3677173632536
09:30,每天買Call,貴>+0.00%不買,175,-2.4233709459427,-0.49946342162140867,0.45714285714285713,-424.0899155399725,-1356.6365507713895
09:30,每天買Call,貴>-0.02%不買,152,-0.035895416143794615,-0.006700875254594572,0.46710526315789475,-5.4561032538567815,-938.0027384852733
09:30,每天買Put,不過濾,265,-2.3761343520200033,-0.5073549325951308,0.46037735849056605,-629.6756032853009,-2032.617961037462
09:30,每天買Put,貴>+0.10%不買,208,5.586816723010429,1.0604433737317436,0.5144230769230769,1162.0578783861693,-231.55623262247627
09:30,每天買Put,貴>+0.08%不買,191,5.607199829503456,0.9982784400980796,0.5026178010471204,1070.97516743516,-322.63894357348545
09:30,每天買Put,貴>+0.06%不買,172,6.803712406675163,1.1094240056769042,0.5116279069767442,1170.238533948128,-223.37557706051757
09:30,每天買Put,貴>+0.04%不買,144,6.763494391610635,0.9507311990917442,0.4930555555555556,973.9431923919315,-419.6709186167136
09:30,每天買Put,貴>+0.02%不買,114,1.1740402376257704,0.17072930690019186,0.45614035087719296,133.84058708933782,-823.6918029394808
09:30,每天買Put,貴>+0.00%不買,92,-2.678765632752781,-0.3367910997005078,0.42391304347826086,-246.44643821325585,-1141.1165572910656
09:30,每天買Put,貴>-0.02%不買,60,-1.8513447761767465,-0.1644520781680005,0.45,-111.0806865706048,-1005.7508056484144
10:00,兩段同向,不過濾,131,18.93639825988451,2.811086042744481,0.6183206106870229,2480.6681720448705,1180.061812351549
10:00,兩段同向,貴>+0.10%不買,124,19.68888438635979,2.837207801728136,0.6209677419354839,2441.421663908614,1140.815304215293
10:00,兩段同向,貴>+0.08%不買,121,21.373876866274244,3.0452811421558303,0.628099173553719,2586.2391008191835,1285.632741125862
10:00,兩段同向,貴>+0.06%不買,112,24.101367915049472,3.243783618357144,0.6517857142857143,2699.353206485541,1398.74684679222
10:00,兩段同向,貴>+0.04%不買,97,26.08278228039073,3.203198020444016,0.6804123711340206,2530.029881197901,1250.1589862200267
10:00,兩段同向,貴>+0.02%不買,91,28.4886627815305,3.3488038994577765,0.6923076923076923,2592.4683131192755,1312.5974181414017
10:00,兩段同向,貴>+0.00%不買,75,31.034999242372475,3.135519593744578,0.68,2327.6249431779356,1047.7540482000618
10:00,兩段同向,貴>-0.02%不買,67,31.23101901843054,2.865679129304973,0.6865671641791045,2092.478274234846,812.6073792569723
10:00,只看盤前,不過濾,268,10.497787593538947,2.5210831694571385,0.5597014925373134,2813.4070750684377,1506.5313411979014
10:00,只看盤前,貴>+0.10%不買,244,11.49242611590807,2.6407076127632396,0.5655737704918032,2804.151972281569,1497.2762384110338
10:00,只看盤前,貴>+0.08%不買,233,13.244769840211909,2.9407506298460624,0.5793991416309013,3086.0313727693747,1779.1556388988374
10:00,只看盤前,貴>+0.06%不買,209,14.595247036146878,2.993397511398077,0.5933014354066986,3050.4066305546976,1743.5308966841621
10:00,只看盤前,貴>+0.04%不買,181,16.70732311445965,3.213619146643132,0.6132596685082873,3024.025483717197,1744.1545887393222
10:00,只看盤前,貴>+0.02%不買,160,18.271753342351033,3.2544407126784254,0.60625,2923.4805347761653,1643.609639798292
10:00,只看盤前,貴>+0.00%不買,134,20.318534314011917,3.1623510991129713,0.6044776119402985,2722.683598077597,1442.8127030997223
10:00,只看盤前,貴>-0.02%不買,111,18.876459986426685,2.5194535888000793,0.5945945945945946,2095.287058493362,815.4161635154883
10:00,每天買Call,不過濾,268,-2.9838780568675554,-0.7599641300375873,0.48507462686567165,-799.6793192405048,-1711.6927210126587
10:00,每天買Call,貴>+0.10%不買,258,-2.128461932096942,-0.5487103158458647,0.4806201550387597,-549.1431784810111,-1461.156580253164
10:00,每天買Call,貴>+0.08%不買,252,-1.7189226130198842,-0.4346816044681105,0.48412698412698413,-433.16849848101083,-1345.1819002531638
10:00,每天買Call,貴>+0.06%不買,238,-1.5775537400276518,-0.3855801836816736,0.49159663865546216,-375.45779012658113,-1287.471191898734
10:00,每天買Call,貴>+0.04%不買,209,1.3380373229967961,0.31195390911791615,0.5119617224880383,279.6498005063304,-571.2942794936712
10:00,每天買Call,貴>+0.02%不買,192,2.3453396571729996,0.5235370902855575,0.5104166666666666,450.30521417721593,-400.63886582278474
10:00,每天買Call,貴>+0.00%不買,168,4.061110818264015,0.841791904457292,0.5119047619047619,682.2666174683545,-157.86456860759517
10:00,每天買Call,貴>-0.02%不買,143,3.28039735682039,0.6051285825124154,0.5174825174825175,469.09682202531576,-334.1188258227853
10:00,每天買Put,不過濾,269,-2.7326389597122733,-0.6583759256601354,0.44609665427509293,-735.0798801626015,-1892.1214715447159
10:00,每天買Put,貴>+0.10%不買,229,-0.3211886477083085,-0.07144967159626689,0.462882096069869,-73.55220032520265,-1216.4776334959342
10:00,每天買Put,貴>+0.08%不買,213,1.078833140196191,0.22637433889396721,0.47417840375586856,229.79145886178867,-913.1339743089429
10:00,每天買Put,貴>+0.06%不買,186,2.2273544829093432,0.4224357751419975,0.489247311827957,414.2879338211378,-728.6374993495929
10:00,每天買Put,貴>+0.04%不買,157,2.8504917508155923,0.49675967709087043,0.4840764331210191,447.527204878048,-654.7219546341466
10:00,每天買Put,貴>+0.02%不買,126,6.344020249064395,0.9922936118012208,0.5,799.3465513821138,-284.0895284552845
10:00,每天買Put,貴>+0.00%不買,102,11.22923016419576,1.5002721485467199,0.5098039215686274,1145.3814767479676,61.94539691056917
10:00,每天買Put,貴>-0.02%不買,77,14.482550740154153,1.5688918053485585,0.5194805194805194,1115.1564069918697,31.720327154471534
