level,slot,cp,filt,n,mean,t,win,total,ex5
價內1%,09:30,Call,不過濾,275,-3.0,-0.74,0.49,-827,-1894
價內1%,09:30,Call,正負號,183,-2.6,-0.56,0.46,-479,-1412
價內1%,09:30,Call,極端30%,82,13.1,1.66,0.56,1071,168
價內1%,09:30,Call,極端20%,55,16.3,1.58,0.6,895,51
價內1%,09:30,Put,不過濾,274,-2.6,-0.56,0.45,-703,-2106
價內1%,09:30,Put,正負號,93,-3.3,-0.41,0.42,-304,-1199
價內1%,09:30,Put,極端30%,83,-2.5,-0.29,0.42,-208,-1102
價內1%,09:30,Put,極端20%,56,-1.5,-0.12,0.45,-82,-977
價內1%,10:00,Call,不過濾,275,-2.8,-0.73,0.48,-770,-1682
價內1%,10:00,Call,正負號,172,3.9,0.82,0.51,663,-177
價內1%,10:00,Call,極端30%,82,6.2,0.93,0.54,512,-185
價內1%,10:00,Call,極端20%,55,11.8,1.38,0.58,649,-48
價內1%,10:00,Put,不過濾,276,-2.9,-0.72,0.45,-804,-1961
價內1%,10:00,Put,正負號,103,10.8,1.45,0.51,1110,27
價內1%,10:00,Put,極端30%,83,14.2,1.63,0.53,1179,96
價內1%,10:00,Put,極端20%,56,13.1,1.15,0.52,734,-256
價內1%,10:30,Call,不過濾,276,-4.8,-1.37,0.46,-1324,-2131
價內1%,10:30,Call,正負號,153,-2.1,-0.48,0.47,-328,-1062
價內1%,10:30,Call,極端30%,82,2.3,0.36,0.51,187,-423
價內1%,10:30,Call,極端20%,55,5.5,0.62,0.55,304,-306
價內1%,10:30,Put,不過濾,269,-2.2,-0.61,0.47,-589,-1466
價內1%,10:30,Put,正負號,119,2.0,0.36,0.5,243,-610
價內1%,10:30,Put,極端30%,79,5.7,0.77,0.52,450,-394
價內1%,10:30,Put,極端20%,54,15.3,1.65,0.52,829,-15
價內1%,11:00,Call,不過濾,273,-1.6,-0.57,0.46,-431,-1052
價內1%,11:00,Call,正負號,143,-2.5,-0.71,0.44,-352,-849
價內1%,11:00,Call,極端30%,82,-7.1,-1.49,0.41,-581,-933
價內1%,11:00,Call,極端20%,55,-5.0,-0.85,0.45,-275,-627
價內1%,11:00,Put,不過濾,268,-3.3,-1.16,0.46,-886,-1560
價內1%,11:00,Put,正負號,130,-3.6,-0.78,0.45,-464,-1057
價內1%,11:00,Put,極端30%,82,-4.7,-0.8,0.43,-383,-965
價內1%,11:00,Put,極端20%,55,-5.4,-0.69,0.44,-298,-847
價內1%,11:30,Call,不過濾,270,-2.3,-0.84,0.46,-616,-1431
價內1%,11:30,Call,正負號,125,-5.0,-1.56,0.46,-630,-997
價內1%,11:30,Call,極端30%,81,-4.9,-1.17,0.48,-397,-755
價內1%,11:30,Call,極端20%,54,-6.6,-1.3,0.44,-357,-646
價內1%,11:30,Put,不過濾,270,-3.3,-1.28,0.44,-881,-1511
價內1%,11:30,Put,正負號,147,-5.3,-1.42,0.44,-777,-1265
價內1%,11:30,Put,極端30%,82,-3.1,-0.52,0.48,-254,-742
價內1%,11:30,Put,極端20%,55,-2.7,-0.33,0.49,-150,-638
價內1%,12:00,Call,不過濾,270,-3.6,-1.62,0.45,-968,-1451
價內1%,12:00,Call,正負號,127,-3.7,-1.24,0.45,-472,-846
價內1%,12:00,Call,極端30%,82,-2.5,-0.63,0.51,-201,-523
價內1%,12:00,Call,極端20%,55,-3.4,-0.64,0.51,-184,-473
價內1%,12:00,Put,不過濾,258,-2.3,-0.98,0.47,-595,-1127
價內1%,12:00,Put,正負號,141,-3.3,-0.97,0.46,-468,-984
價內1%,12:00,Put,極端30%,82,-0.5,-0.09,0.49,-38,-540
價內1%,12:00,Put,極端20%,55,2.7,0.41,0.53,150,-352
價平,09:30,Call,不過濾,275,-1.7,-0.68,0.33,-472,-1387
價平,09:30,Call,正負號,182,-4.1,-1.42,0.28,-744,-1488
價平,09:30,Call,極端30%,82,3.3,0.64,0.37,274,-418
價平,09:30,Call,極端20%,55,3.5,0.49,0.36,192,-463
價平,09:30,Put,不過濾,276,-1.8,-0.55,0.33,-495,-1753
價平,09:30,Put,正負號,93,2.9,0.57,0.37,265,-493
價平,09:30,Put,極端30%,83,4.1,0.74,0.36,342,-416
價平,09:30,Put,極端20%,56,7.0,0.92,0.38,394,-359
價平,10:00,Call,不過濾,275,-0.6,-0.26,0.34,-163,-917
價平,10:00,Call,正負號,171,2.1,0.72,0.34,363,-333
價平,10:00,Call,極端30%,81,0.1,0.02,0.31,7,-489
價平,10:00,Call,極端20%,55,0.9,0.15,0.31,51,-425
價平,10:00,Put,不過濾,276,-0.5,-0.17,0.31,-125,-1071
價平,10:00,Put,正負號,103,9.7,1.85,0.39,995,127
價平,10:00,Put,極端30%,83,11.8,1.88,0.41,976,108
價平,10:00,Put,極端20%,56,10.6,1.28,0.41,594,-179
價平,10:30,Call,不過濾,275,-1.0,-0.5,0.32,-277,-955
價平,10:30,Call,正負號,152,-0.2,-0.08,0.32,-32,-615
價平,10:30,Call,極端30%,82,-0.3,-0.09,0.3,-26,-462
價平,10:30,Call,極端20%,55,2.8,0.57,0.33,153,-283
價平,10:30,Put,不過濾,276,-0.1,-0.06,0.33,-35,-702
價平,10:30,Put,正負號,123,2.9,0.87,0.33,357,-267
價平,10:30,Put,極端30%,83,5.3,1.21,0.36,439,-184
價平,10:30,Put,極端20%,56,9.4,1.55,0.39,526,-96
價平,11:00,Call,不過濾,275,-2.1,-1.2,0.31,-586,-1100
價平,11:00,Call,正負號,143,-2.4,-1.28,0.26,-348,-724
價平,11:00,Call,極端30%,82,-4.6,-2.25,0.23,-378,-609
價平,11:00,Call,極端20%,55,-3.4,-1.26,0.25,-189,-420
價平,11:00,Put,不過濾,276,-3.6,-2.11,0.29,-993,-1543
價平,11:00,Put,正負號,133,-3.2,-1.3,0.24,-430,-847
價平,11:00,Put,極端30%,83,-5.7,-1.65,0.19,-470,-877
價平,11:00,Put,極端20%,56,-6.1,-1.39,0.16,-343,-695
價平,11:30,Call,不過濾,275,-2.3,-1.34,0.32,-641,-1282
價平,11:30,Call,正負號,126,-4.1,-2.56,0.28,-512,-759
價平,11:30,Call,極端30%,82,-4.9,-2.53,0.24,-405,-634
價平,11:30,Call,極端20%,55,-6.9,-3.06,0.22,-382,-526
價平,11:30,Put,不過濾,276,-3.4,-2.26,0.3,-929,-1430
價平,11:30,Put,正負號,150,-4.3,-2.34,0.26,-638,-945
價平,11:30,Put,極端30%,83,-2.2,-0.75,0.3,-185,-491
價平,11:30,Put,極端20%,56,-1.6,-0.38,0.27,-89,-396
價平,12:00,Call,不過濾,275,-2.3,-1.74,0.33,-623,-967
價平,12:00,Call,正負號,128,-1.4,-0.93,0.3,-182,-433
價平,12:00,Call,極端30%,82,-1.6,-0.8,0.33,-128,-349
價平,12:00,Call,極端20%,55,-2.6,-1.05,0.35,-145,-346
價平,12:00,Put,不過濾,276,-1.6,-1.26,0.3,-449,-860
價平,12:00,Put,正負號,148,-2.6,-1.55,0.25,-388,-723
價平,12:00,Put,極端30%,83,-2.1,-0.85,0.23,-177,-484
價平,12:00,Put,極端20%,56,-1.8,-0.5,0.23,-99,-405
