group,year,n,total,mean,win_rate
all,2017,33,-323.94128,-9.816402424242424,0.45454545454545453
all,2018,51,225.42648,4.420127058823529,0.5490196078431373
all,2019,52,318.42328000000003,6.123524615384616,0.5576923076923077
all,2020,39,1033.37356,26.49675794871795,0.6923076923076923
all,2021,48,-1128.73054,-23.515219583333334,0.3541666666666667
all,2022,49,685.57174,13.991259999999999,0.6326530612244898
gap_down,2017,16,-101.23870000000002,-6.327418750000001,0.4375
gap_down,2018,21,128.83564,6.135030476190477,0.47619047619047616
gap_down,2019,29,130.0896,4.485848275862069,0.5517241379310345
gap_down,2020,14,493.98382000000004,35.284558571428576,0.6428571428571429
gap_down,2021,23,-765.65208,-33.28922086956521,0.30434782608695654
gap_down,2022,21,58.48169999999999,2.7848428571428565,0.5238095238095238
gap_up,2017,17,-222.70257999999998,-13.100151764705881,0.47058823529411764
gap_up,2018,30,96.59083999999999,3.2196946666666664,0.6
gap_up,2019,23,188.33368000000002,8.188420869565219,0.5652173913043478
gap_up,2020,25,539.38974,21.575589599999997,0.72
gap_up,2021,25,-363.07846,-14.5231384,0.4
gap_up,2022,28,627.09004,22.39607285714286,0.7142857142857143
