date,contract_month,ssp,kind,week,weekday
2002-01-17,200201,5387.0,M,,Thu
2002-02-21,200202,5743.0,M,,Thu
2002-03-21,200203,5989.0,M,,Thu
2002-04-18,200204,6430.0,M,,Thu
2002-05-16,200205,5873.0,M,,Thu
2002-06-20,200206,5306.0,M,,Thu
2002-07-18,200207,5240.0,M,,Thu
2002-08-22,200208,4924.0,M,,Thu
2002-09-19,200209,4491.0,M,,Thu
2002-10-17,200210,4192.0,M,,Thu
2002-11-21,200211,4712.0,M,,Thu
2002-12-19,200212,4492.0,M,,Thu
2003-01-16,200301,5053.0,M,,Thu
2003-02-20,200302,4559.0,M,,Thu
2003-03-20,200303,4578.0,M,,Thu
2003-04-17,200304,4609.0,M,,Thu
2003-05-22,200305,4197.0,M,,Thu
2003-06-19,200306,5031.0,M,,Thu
2003-07-17,200307,5392.0,M,,Thu
2003-08-21,200308,5542.0,M,,Thu
2003-09-18,200309,5744.0,M,,Thu
2003-10-16,200310,5946.0,M,,Thu
2003-11-20,200311,5850.0,M,,Thu
2003-12-18,200312,5736.0,M,,Thu
2004-01-28,200401,6349.0,M,,Wed
2004-02-19,200402,6650.0,M,,Thu
2004-03-18,200403,6586.0,M,,Thu
2004-04-22,200404,6855.0,M,,Thu
2004-05-20,200405,5801.0,M,,Thu
2004-06-17,200406,5576.0,M,,Thu
2004-07-22,200407,5298.0,M,,Thu
2004-08-19,200408,5496.0,M,,Thu
2004-09-16,200409,5835.0,M,,Thu
2004-10-21,200410,5767.0,M,,Thu
2004-11-18,200411,6063.0,M,,Thu
2004-12-16,200412,6001.0,M,,Thu
2005-01-20,200501,5847.0,M,,Thu
2005-02-17,200502,6110.0,M,,Thu
2005-03-17,200503,6011.0,M,,Thu
2005-04-21,200504,5600.0,M,,Thu
2005-05-19,200505,5975.0,M,,Thu
2005-06-16,200506,6290.0,M,,Thu
2005-07-21,200507,6382.0,M,,Thu
2005-08-18,200508,6249.0,M,,Thu
2005-09-22,200509,6009.0,M,,Thu
2005-10-20,200510,5714.0,M,,Thu
2005-11-17,200511,6052.0,M,,Thu
2005-12-22,200512,6497.0,M,,Thu
2006-01-19,200601,6491.0,M,,Thu
2006-02-16,200602,6656.0,M,,Thu
2006-03-16,200603,6519.0,M,,Thu
2006-04-20,200604,7064.0,M,,Thu
2006-05-18,200605,6998.0,M,,Thu
2006-06-22,200606,6413.0,M,,Thu
2006-07-20,200607,6418.0,M,,Thu
2006-08-17,200608,6750.0,M,,Thu
2006-09-21,200609,6926.0,M,,Thu
2006-10-19,200610,7002.0,M,,Thu
2006-11-16,200611,7270.0,M,,Thu
2006-12-21,200612,7649.0,M,,Thu
2007-01-18,200701,7845.0,M,,Thu
2007-02-27,200702,7900.0,M,,Tue
2007-03-22,200703,7843.0,M,,Thu
2007-04-19,200704,7980.0,M,,Thu
2007-05-17,200705,8061.0,M,,Thu
2007-06-21,200706,8799.0,M,,Thu
2007-07-19,200707,9459.0,M,,Thu
2007-08-16,200708,8391.0,M,,Thu
2007-09-20,200709,8999.0,M,,Thu
2007-10-18,200710,9596.0,M,,Thu
2007-11-22,200711,8445.0,M,,Thu
2007-12-20,200712,8026.0,M,,Thu
2008-01-17,200801,8268.0,M,,Thu
2008-02-21,200802,7987.0,M,,Thu
2008-03-20,200803,8171.0,M,,Thu
2008-04-17,200804,9178.0,M,,Thu
2008-05-22,200805,8887.0,M,,Thu
2008-06-19,200806,8069.0,M,,Thu
2008-07-17,200807,6885.0,M,,Thu
2008-08-21,200808,6990.0,M,,Thu
2008-09-18,200809,5559.0,M,,Thu
2008-10-16,200810,5069.0,M,,Thu
2008-11-20,200811,4127.0,M,,Thu
2008-12-17,200812,4667.0,M,,Wed
2009-01-21,200901,4258.0,M,,Wed
2009-02-18,200902,4514.0,M,,Wed
2009-03-18,200903,5067.0,M,,Wed
2009-04-15,200904,5860.0,M,,Wed
2009-05-20,200905,6697.0,M,,Wed
2009-06-17,200906,6203.0,M,,Wed
2009-07-15,200907,6762.0,M,,Wed
2009-08-19,200908,6795.0,M,,Wed
2009-09-16,200909,7445.0,M,,Wed
2009-10-21,200910,7705.0,M,,Wed
2009-11-18,200911,7786.0,M,,Wed
2009-12-16,200912,7752.0,M,,Wed
2010-01-20,201001,8214.0,M,,Wed
2010-02-22,201002,7558.0,M,,Mon
2010-03-17,201003,7842.0,M,,Wed
2010-04-21,201004,7980.0,M,,Wed
2010-05-19,201005,7576.0,M,,Wed
2010-06-17,201006,7520.0,M,,Thu
2010-07-21,201007,7687.0,M,,Wed
2010-08-18,201008,7918.0,M,,Wed
2010-09-15,201009,8154.0,M,,Wed
2010-10-20,201010,8119.0,M,,Wed
2010-11-17,201011,8246.0,M,,Wed
2010-12-15,201012,8727.0,M,,Wed
2011-01-19,201101,9083.0,M,,Wed
2011-02-16,201102,8719.0,M,,Wed
2011-03-16,201103,8305.0,M,,Wed
2011-04-20,201104,8792.0,M,,Wed
2011-05-18,201105,8934.0,M,,Wed
2011-06-15,201106,8839.0,M,,Wed
2011-07-20,201107,8697.0,M,,Wed
2011-08-17,201108,7754.0,M,,Wed
2011-09-21,201109,7537.0,M,,Wed
2011-10-19,201110,7330.0,M,,Wed
2011-11-16,201111,7398.0,M,,Wed
2011-12-21,201112,6952.0,M,,Wed
2012-01-18,201201,7207.0,M,,Wed
2012-02-15,201202,8005.0,M,,Wed
2012-03-21,201203,7980.0,M,,Wed
2012-04-18,201204,7620.0,M,,Wed
2012-05-16,201205,7255.0,M,,Wed
2012-06-20,201206,7311.0,M,,Wed
2012-07-18,201207,7060.0,M,,Wed
2012-08-15,201208,7468.0,M,,Wed
2012-09-19,201209,7767.0,M,,Wed
2012-10-17,201210,7460.0,M,,Wed
2012-11-21,201211,7084.0,M,,Wed
2012-11-28,201211W4,7421.0,W,4.0,Wed
2012-12-05,201212W1,7636.0,W,1.0,Wed
2012-12-12,201212W2,7675.0,W,2.0,Wed
2012-12-19,201212,7659.0,M,,Wed
2012-12-26,201212W4,7647.0,W,4.0,Wed
2013-01-02,201301W1,7770.0,W,1.0,Wed
2013-01-09,201301W2,7741.0,W,2.0,Wed
2013-01-16,201301,7718.0,M,,Wed
2013-01-23,201301W4,7742.0,W,4.0,Wed
2013-01-30,201301W5,7838.0,W,5.0,Wed
2013-02-06,201302W1,7917.0,W,1.0,Wed
2013-02-18,201302W2,7949.0,W,2.0,Mon
2013-02-20,201302,8022.0,M,,Wed
2013-02-27,201302W4,7901.0,W,4.0,Wed
2013-03-06,201303W1,7954.0,W,1.0,Wed
2013-03-13,201303W2,8002.0,W,2.0,Wed
2013-03-20,201303,7795.0,M,,Wed
2013-03-27,201303W4,7881.0,W,4.0,Wed
2013-04-03,201304W1,7930.0,W,1.0,Wed
2013-04-10,201304W2,7745.0,W,2.0,Wed
2013-04-17,201304,7808.0,M,,Wed
2013-04-24,201304W4,8017.0,W,4.0,Wed
2013-05-02,201305W1,8131.0,W,1.0,Thu
2013-05-08,201305W2,8259.0,W,2.0,Wed
2013-05-15,201305,8303.0,M,,Wed
2013-05-22,201305W4,8390.0,W,4.0,Wed
2013-05-29,201305W5,8334.0,W,5.0,Wed
2013-06-05,201306W1,8187.0,W,1.0,Wed
2013-06-13,201306W2,7971.0,W,2.0,Thu
2013-06-19,201306,8019.0,M,,Wed
2013-06-26,201306W4,7802.0,W,4.0,Wed
2013-07-03,201307W1,7905.0,W,1.0,Wed
2013-07-10,201307W2,7990.0,W,2.0,Wed
2013-07-17,201307,8241.0,M,,Wed
2013-07-24,201307W4,8198.0,W,4.0,Wed
2013-07-31,201307W5,8121.0,W,5.0,Wed
2013-08-07,201308W1,7936.0,W,1.0,Wed
2013-08-14,201308W2,7954.0,W,2.0,Wed
2013-08-22,201308,7813.0,M,,Thu
2013-08-28,201308W4,7821.0,W,4.0,Wed
2013-09-04,201309W1,8082.0,W,1.0,Wed
2013-09-11,201309W2,8179.0,W,2.0,Wed
2013-09-18,201309,8238.0,M,,Wed
2013-09-25,201309W4,8276.0,W,4.0,Wed
2013-10-02,201310W1,8220.0,W,1.0,Wed
2013-10-09,201310W2,8342.0,W,2.0,Wed
2013-10-16,201310,8344.0,M,,Wed
2013-10-23,201310W4,8385.0,W,4.0,Wed
2013-10-30,201310W5,8444.0,W,5.0,Wed
2013-11-06,201311W1,8270.0,W,1.0,Wed
2013-11-13,201311W2,8112.0,W,2.0,Wed
2013-11-20,201311,8219.0,M,,Wed
2013-11-27,201311W4,8299.0,W,4.0,Wed
2013-12-04,201312W1,8422.0,W,1.0,Wed
2013-12-11,201312W2,8422.0,W,2.0,Wed
2013-12-18,201312,8338.0,M,,Wed
2013-12-25,201312W4,8475.0,W,4.0,Wed
2014-01-02,201401W1,8606.0,W,1.0,Thu
2014-01-08,201401W2,8560.0,W,2.0,Wed
2014-01-15,201401,8610.0,M,,Wed
2014-01-22,201401W4,8610.0,W,4.0,Wed
2014-02-05,201401W5,8269.0,W,5.0,Wed
2014-02-12,201402W2,8502.0,W,2.0,Wed
2014-02-19,201402,8556.0,M,,Wed
2014-02-26,201402W4,8611.0,W,4.0,Wed
2014-03-05,201403W1,8639.0,W,1.0,Wed
2014-03-12,201403W2,8662.0,W,2.0,Wed
2014-03-19,201403,8696.0,M,,Wed
2014-03-26,201403W4,8736.0,W,4.0,Wed
2014-04-02,201404W1,8900.0,W,1.0,Wed
2014-04-09,201404W2,8930.0,W,2.0,Wed
2014-04-16,201404,8954.0,M,,Wed
2014-04-23,201404W4,8963.0,W,4.0,Wed
2014-04-30,201404W5,8811.0,W,5.0,Wed
2014-05-07,201405W1,8891.0,W,1.0,Wed
2014-05-14,201405W2,8849.0,W,2.0,Wed
2014-05-21,201405,8860.0,M,,Wed
2014-05-28,201405W4,9114.0,W,4.0,Wed
2014-06-04,201406W1,9124.0,W,1.0,Wed
2014-06-11,201406W2,9213.0,W,2.0,Wed
2014-06-18,201406,9302.0,M,,Wed
2014-06-25,201406W4,9242.0,W,4.0,Wed
2014-07-02,201407W1,9464.0,W,1.0,Wed
2014-07-09,201407W2,9495.0,W,2.0,Wed
2014-07-16,201407,9483.0,M,,Wed
2014-07-24,201407W4,9506.0,W,4.0,Thu
2014-07-30,201407W5,9444.0,W,5.0,Wed
2014-08-06,201408W1,9150.0,W,1.0,Wed
2014-08-13,201408W2,9225.0,W,2.0,Wed
2014-08-20,201408,9275.0,M,,Wed
2014-08-27,201408W4,9471.0,W,4.0,Wed
2014-09-03,201409W1,9428.0,W,1.0,Wed
2014-09-10,201409W2,9356.0,W,2.0,Wed
2014-09-17,201409,9172.0,M,,Wed
2014-09-24,201409W4,9111.0,W,4.0,Wed
2014-10-01,201410W1,8994.0,W,1.0,Wed
2014-10-08,201410W2,8979.0,W,2.0,Wed
2014-10-15,201410,8646.0,M,,Wed
2014-10-22,201410W4,8741.0,W,4.0,Wed
2014-10-29,201410W5,8896.0,W,5.0,Wed
2014-11-05,201411W1,8950.0,W,1.0,Wed
2014-11-12,201411W2,8906.0,W,2.0,Wed
2014-11-19,201411,8953.0,M,,Wed
2014-11-26,201411W4,9127.0,W,4.0,Wed
2014-12-03,201412W1,9173.0,W,1.0,Wed
2014-12-10,201412W2,9032.0,W,2.0,Wed
2014-12-17,201412,8843.0,M,,Wed
2014-12-24,201412W4,9176.0,W,4.0,Wed
2014-12-31,201412W5,9277.0,W,5.0,Wed
2015-01-07,201501W1,9096.0,W,1.0,Wed
2015-01-14,201501W2,9193.0,W,2.0,Wed
2015-01-21,201501,9309.0,M,,Wed
2015-01-28,201501W4,9499.0,W,4.0,Wed
2015-02-04,201502W1,9517.0,W,1.0,Wed
2015-02-11,201502W2,9462.0,W,2.0,Wed
2015-02-24,201502,9623.0,M,,Tue
2015-02-25,201502W4,9684.0,W,4.0,Wed
2015-03-04,201503W1,9619.0,W,1.0,Wed
2015-03-11,201503W2,9553.0,W,2.0,Wed
2015-03-18,201503,9633.0,M,,Wed
2015-03-25,201503W4,9669.0,W,4.0,Wed
2015-04-01,201504W1,9525.0,W,1.0,Wed
2015-04-08,201504W2,9584.0,W,2.0,Wed
2015-04-15,201504,9520.0,M,,Wed
2015-04-22,201504W4,9620.0,W,4.0,Wed
2015-04-29,201504W5,9868.0,W,5.0,Wed
2015-05-06,201505W1,9818.0,W,1.0,Wed
2015-05-13,201505W2,9736.0,W,2.0,Wed
2015-05-20,201505,9668.0,M,,Wed
2015-05-27,201505W4,9696.0,W,4.0,Wed
2015-06-03,201506W1,9561.0,W,1.0,Wed
2015-06-10,201506W2,9307.0,W,2.0,Wed
2015-06-17,201506,9181.0,M,,Wed
2015-06-24,201506W4,9380.0,W,4.0,Wed
2015-07-01,201507W1,9388.0,W,1.0,Wed
2015-07-08,201507W2,8994.0,W,2.0,Wed
2015-07-15,201507,9029.0,M,,Wed
2015-07-22,201507W4,8906.0,W,4.0,Wed
2015-07-29,201507W5,8563.0,W,5.0,Wed
2015-08-05,201508W1,8547.0,W,1.0,Wed
2015-08-12,201508W2,8278.0,W,2.0,Wed
2015-08-19,201508,8002.0,M,,Wed
2015-08-26,201508W4,7750.0,W,4.0,Wed
2015-09-02,201509W1,8056.0,W,1.0,Wed
2015-09-09,201509W2,8279.0,W,2.0,Wed
2015-09-16,201509,8318.0,M,,Wed
2015-09-23,201509W4,8199.0,W,4.0,Wed
2015-09-30,201509W5,8156.0,W,5.0,Wed
2015-10-07,201510W1,8481.0,W,1.0,Wed
2015-10-14,201510W2,8528.0,W,2.0,Wed
2015-10-21,201510,8617.0,M,,Wed
2015-10-28,201510W4,8647.0,W,4.0,Wed
2015-11-04,201511W1,8851.0,W,1.0,Wed
2015-11-11,201511W2,8428.0,W,2.0,Wed
2015-11-18,201511,8335.0,M,,Wed
2015-11-25,201511W4,8372.0,W,4.0,Wed
2015-12-02,201512W1,8463.0,W,1.0,Wed
2015-12-09,201512W2,8252.0,W,2.0,Wed
2015-12-16,201512,8198.0,M,,Wed
2015-12-23,201512W4,8316.0,W,4.0,Wed
2015-12-30,201512W5,8281.0,W,5.0,Wed
2016-01-06,201601W1,7996.0,W,1.0,Wed
2016-01-13,201601W2,7814.0,W,2.0,Wed
2016-01-20,201601,7704.0,M,,Wed
2016-01-27,201601W4,7844.0,W,4.0,Wed
2016-02-03,201602W1,8077.0,W,1.0,Wed
2016-02-15,201602W2,8053.0,W,2.0,Mon
2016-02-17,201602,8212.0,M,,Wed
2016-02-24,201602W4,8276.0,W,4.0,Wed
2016-03-02,201603W1,8549.0,W,1.0,Wed
2016-03-09,201603W2,8616.0,W,2.0,Wed
2016-03-16,201603,8691.0,M,,Wed
2016-03-23,201603W4,8745.0,W,4.0,Wed
2016-03-30,201603W5,8735.0,W,5.0,Wed
2016-04-06,201604W1,8523.0,W,1.0,Wed
2016-04-13,201604W2,8641.0,W,2.0,Wed
2016-04-20,201604,8519.0,M,,Wed
2016-04-27,201604W4,8567.0,W,4.0,Wed
2016-05-04,201605W1,8171.0,W,1.0,Wed
2016-05-11,201605W2,8139.0,W,2.0,Wed
2016-05-18,201605,8149.0,M,,Wed
2016-05-25,201605W4,8387.0,W,4.0,Wed
2016-06-01,201606W1,8598.0,W,1.0,Wed
2016-06-08,201606W2,8704.0,W,2.0,Wed
2016-06-15,201606,8602.0,M,,Wed
2016-06-22,201606W4,8694.0,W,4.0,Wed
2016-06-29,201606W5,8585.0,W,5.0,Wed
2016-07-06,201607W1,8579.0,W,1.0,Wed
2016-07-13,201607W2,8845.0,W,2.0,Wed
2016-07-20,201607,9003.0,M,,Wed
2016-07-27,201607W4,9054.0,W,4.0,Wed
2016-08-03,201608W1,9004.0,W,1.0,Wed
2016-08-10,201608W2,9181.0,W,2.0,Wed
2016-08-17,201608,9121.0,M,,Wed
2016-08-24,201608W4,9030.0,W,4.0,Wed
2016-08-31,201608W5,9074.0,W,5.0,Wed
2016-09-07,201609W1,9261.0,W,1.0,Wed
2016-09-14,201609W2,8902.0,W,2.0,Wed
2016-09-21,201609,9221.0,M,,Wed
2016-09-29,201609W4,9287.0,W,4.0,Thu
2016-10-05,201610W1,9261.0,W,1.0,Wed
2016-10-12,201610W2,9247.0,W,2.0,Wed
2016-10-19,201610,9280.0,M,,Wed
2016-10-26,201610W4,9363.0,W,4.0,Wed
2016-11-02,201611W1,9151.0,W,1.0,Wed
2016-11-09,201611W2,8940.0,W,2.0,Wed
2016-11-16,201611,8984.0,M,,Wed
2016-11-23,201611W4,9179.0,W,4.0,Wed
2016-11-30,201611W5,9217.0,W,5.0,Wed
2016-12-07,201612W1,9258.0,W,1.0,Wed
2016-12-14,201612W2,9377.0,W,2.0,Wed
2016-12-21,201612,9232.0,M,,Wed
2016-12-28,201612W4,9198.0,W,4.0,Wed
2017-01-04,201701W1,9285.0,W,1.0,Wed
2017-01-11,201701W2,9343.0,W,2.0,Wed
2017-01-18,201701,9340.0,M,,Wed
2017-02-02,201701W4,9440.0,W,4.0,Thu
2017-02-08,201702W2,9550.0,W,2.0,Wed
2017-02-15,201702,9799.0,M,,Wed
2017-02-22,201702W4,9778.0,W,4.0,Wed
2017-03-01,201703W1,9690.0,W,1.0,Wed
2017-03-08,201703W2,9761.0,W,2.0,Wed
2017-03-15,201703,9733.0,M,,Wed
2017-03-22,201703W4,9905.0,W,4.0,Wed
2017-03-29,201703W5,9845.0,W,5.0,Wed
2017-04-05,201704W1,9911.0,W,1.0,Wed
2017-04-12,201704W2,9808.0,W,2.0,Wed
2017-04-19,201704,9639.0,M,,Wed
2017-04-26,201704W4,9851.0,W,4.0,Wed
2017-05-03,201705W1,9945.0,W,1.0,Wed
2017-05-10,201705W2,9953.0,W,2.0,Wed
2017-05-17,201705,10000.0,M,,Wed
2017-05-24,201705W4,10046.0,W,4.0,Wed
2017-05-31,201705W5,10038.0,W,5.0,Wed
2017-06-07,201706W1,10203.0,W,1.0,Wed
2017-06-14,201706W2,10049.0,W,2.0,Wed
2017-06-21,201706,10369.0,M,,Wed
2017-06-28,201706W4,10401.0,W,4.0,Wed
2017-07-05,201707W1,10390.0,W,1.0,Wed
2017-07-12,201707W2,10427.0,W,2.0,Wed
2017-07-19,201707,10500.0,M,,Wed
2017-07-26,201707W4,10422.0,W,4.0,Wed
2017-08-02,201708W1,10500.0,W,1.0,Wed
2017-08-09,201708W2,10468.0,W,2.0,Wed
2017-08-16,201708,10254.0,M,,Wed
2017-08-23,201708W4,10393.0,W,4.0,Wed
2017-08-30,201708W5,10557.0,W,5.0,Wed
2017-09-06,201709W1,10550.0,W,1.0,Wed
2017-09-13,201709W2,10543.0,W,2.0,Wed
2017-09-20,201709,10510.0,M,,Wed
2017-09-27,201709W4,10335.0,W,4.0,Wed
2017-10-05,201710W1,10522.0,W,1.0,Thu
2017-10-11,201710W2,10641.0,W,2.0,Wed
2017-10-18,201710,10728.0,M,,Wed
2017-10-25,201710W4,10749.0,W,4.0,Wed
2017-11-01,201711W1,10800.0,W,1.0,Wed
2017-11-08,201711W2,10816.0,W,2.0,Wed
2017-11-15,201711,10638.0,M,,Wed
2017-11-22,201711W4,10817.0,W,4.0,Wed
2017-11-29,201711W5,10709.0,W,5.0,Wed
2017-12-06,201712W1,10393.0,W,1.0,Wed
2017-12-13,201712W2,10462.0,W,2.0,Wed
2017-12-20,201712,10497.0,M,,Wed
2017-12-27,201712W4,10479.0,W,4.0,Wed
2018-01-03,201801W1,10792.0,W,1.0,Wed
2018-01-10,201801W2,10825.0,W,2.0,Wed
2018-01-17,201801,11020.0,M,,Wed
2018-01-24,201801W4,11129.0,W,4.0,Wed
2018-01-31,201801W5,11139.0,W,5.0,Wed
2018-02-07,201802W1,10579.0,W,1.0,Wed
2018-02-21,201802,10705.0,M,,Wed
2018-03-01,201802W4,10797.0,W,4.0,Thu
2018-03-07,201803W1,10761.0,W,1.0,Wed
2018-03-14,201803W2,11044.0,W,2.0,Wed
2018-03-21,201803,11045.0,M,,Wed
2018-03-28,201803W4,10862.0,W,4.0,Wed
2018-04-09,201804W1,10896.0,W,1.0,Mon
2018-04-11,201804W2,10975.0,W,2.0,Wed
2018-04-18,201804,10846.0,M,,Wed
2018-04-25,201804W4,10566.0,W,4.0,Wed
2018-05-02,201805W1,10611.0,W,1.0,Wed
2018-05-09,201805W2,10722.0,W,2.0,Wed
2018-05-16,201805,10872.0,M,,Wed
2018-05-23,201805W4,10919.0,W,4.0,Wed
2018-05-30,201805W5,10835.0,W,5.0,Wed
2018-06-06,201806W1,11200.0,W,1.0,Wed
2018-06-13,201806W2,11169.0,W,2.0,Wed
2018-06-20,201806,10936.0,M,,Wed
2018-06-27,201806W4,10728.0,W,4.0,Wed
2018-07-04,201807W1,10729.0,W,1.0,Wed
2018-07-11,201807W2,10655.0,W,2.0,Wed
2018-07-18,201807,10844.0,M,,Wed
2018-07-25,201807W4,10970.0,W,4.0,Wed
2018-08-01,201808W1,11085.0,W,1.0,Wed
2018-08-08,201808W2,11056.0,W,2.0,Wed
2018-08-15,201808,10737.0,M,,Wed
2018-08-22,201808W4,10791.0,W,4.0,Wed
2018-08-29,201808W5,11061.0,W,5.0,Wed
2018-09-05,201809W1,11000.0,W,1.0,Wed
2018-09-12,201809W2,10724.0,W,2.0,Wed
2018-09-19,201809,10872.0,M,,Wed
2018-09-26,201809W4,10962.0,W,4.0,Wed
2018-10-03,201810W1,10852.0,W,1.0,Wed
2018-10-11,201810W2,9819.0,W,2.0,Thu
2018-10-17,201810,9994.0,M,,Wed
2018-10-24,201810W4,9774.0,W,4.0,Wed
2018-10-31,201810W5,9733.0,W,5.0,Wed
2018-11-07,201811W1,9889.0,W,1.0,Wed
2018-11-14,201811W2,9788.0,W,2.0,Wed
2018-11-21,201811,9743.0,M,,Wed
2018-11-28,201811W4,9874.0,W,4.0,Wed
2018-12-05,201812W1,9904.0,W,1.0,Wed
2018-12-12,201812W2,9829.0,W,2.0,Wed
2018-12-19,201812,9768.0,M,,Wed
2018-12-26,201812W4,9489.0,W,4.0,Wed
2019-01-02,201901W1,9550.0,W,1.0,Wed
2019-01-09,201901W2,9735.0,W,2.0,Wed
2019-01-16,201901,9784.0,M,,Wed
2019-01-23,201901W4,9837.0,W,4.0,Wed
2019-01-30,201901W5,9930.0,W,5.0,Wed
2019-02-11,201902W1,10020.0,W,1.0,Mon
2019-02-13,201902W2,10100.0,W,2.0,Wed
2019-02-20,201902,10256.0,M,,Wed
2019-02-27,201902W4,10376.0,W,4.0,Wed
2019-03-06,201903W1,10340.0,W,1.0,Wed
2019-03-13,201903W2,10365.0,W,2.0,Wed
2019-03-20,201903,10545.0,M,,Wed
2019-03-27,201903W4,10541.0,W,4.0,Wed
2019-04-03,201904W1,10724.0,W,1.0,Wed
2019-04-10,201904W2,10866.0,W,2.0,Wed
2019-04-17,201904,11005.0,M,,Wed
2019-04-24,201904W4,11002.0,W,4.0,Wed
2019-05-02,201905W1,10999.0,W,1.0,Thu
2019-05-08,201905W2,10935.0,W,2.0,Wed
2019-05-15,201905,10580.0,M,,Wed
2019-05-22,201905W4,10474.0,W,4.0,Wed
2019-05-29,201905W5,10290.0,W,5.0,Wed
2019-06-05,201906W1,10461.0,W,1.0,Wed
2019-06-12,201906W2,10620.0,W,2.0,Wed
2019-06-19,201906,10770.0,M,,Wed
2019-06-26,201906W4,10665.0,W,4.0,Wed
2019-07-03,201907W1,10729.0,W,1.0,Wed
2019-07-10,201907W2,10792.0,W,2.0,Wed
2019-07-17,201907,10831.0,M,,Wed
2019-07-24,201907W4,10923.0,W,4.0,Wed
2019-07-31,201907W5,10814.0,W,5.0,Wed
2019-08-07,201908W1,10383.0,W,1.0,Wed
2019-08-14,201908W2,10444.0,W,2.0,Wed
2019-08-21,201908,10528.0,M,,Wed
2019-08-28,201908W4,10426.0,W,4.0,Wed
2019-09-04,201909W1,10657.0,W,1.0,Wed
2019-09-11,201909W2,10753.0,W,2.0,Wed
2019-09-18,201909,10960.0,M,,Wed
2019-09-25,201909W4,10841.0,W,4.0,Wed
2019-10-02,201910W1,10953.0,W,1.0,Wed
2019-10-09,201910W2,10911.0,W,2.0,Wed
2019-10-16,201910,11146.0,M,,Wed
2019-10-23,201910W4,11217.0,W,4.0,Wed
2019-10-30,201910W5,11368.0,W,5.0,Wed
2019-11-06,201911W1,11655.0,W,1.0,Wed
2019-11-13,201911W2,11476.0,W,2.0,Wed
2019-11-20,201911,11608.0,M,,Wed
2019-11-27,201911W4,11641.0,W,4.0,Wed
2019-12-04,201912W1,11474.0,W,1.0,Wed
2019-12-11,201912W2,11680.0,W,2.0,Wed
2019-12-18,201912,12119.0,M,,Wed
2019-12-25,201912W4,12016.0,W,4.0,Wed
2020-01-02,202001W1,12102.0,W,1.0,Thu
2020-01-08,202001W2,11840.0,W,2.0,Wed
2020-01-15,202001,12063.0,M,,Wed
2020-01-30,202001W4,11436.0,W,4.0,Thu
2020-02-05,202002W1,11560.0,W,1.0,Wed
2020-02-12,202002W2,11793.0,W,2.0,Wed
2020-02-19,202002,11760.0,M,,Wed
2020-02-26,202002W4,11433.0,W,4.0,Wed
2020-03-04,202003W1,11379.0,W,1.0,Wed
2020-03-11,202003W2,10907.0,W,2.0,Wed
2020-03-18,202003,9264.0,M,,Wed
2020-03-25,202003W4,9625.0,W,4.0,Wed
2020-04-01,202004W1,9684.0,W,1.0,Wed
2020-04-08,202004W2,10131.0,W,2.0,Wed
2020-04-15,202004,10451.0,M,,Wed
2020-04-22,202004W4,10285.0,W,4.0,Wed
2020-04-29,202004W5,10764.0,W,5.0,Wed
2020-05-06,202005W1,10757.0,W,1.0,Wed
2020-05-13,202005W2,10924.0,W,2.0,Wed
2020-05-20,202005,10887.0,M,,Wed
2020-05-27,202005W4,11010.0,W,4.0,Wed
2020-06-03,202006W1,11321.0,W,1.0,Wed
2020-06-10,202006W2,11714.0,W,2.0,Wed
2020-06-17,202006,11520.0,M,,Wed
2020-06-24,202006W4,11652.0,W,4.0,Wed
2020-07-01,202007W1,11702.0,W,1.0,Wed
2020-07-08,202007W2,12180.0,W,2.0,Wed
2020-07-15,202007,12220.0,M,,Wed
2020-07-22,202007W4,12451.0,W,4.0,Wed
2020-07-29,202007W5,12530.0,W,5.0,Wed
2020-08-05,202008W1,12793.0,W,1.0,Wed
2020-08-12,202008W2,12659.0,W,2.0,Wed
2020-08-19,202008,12807.0,M,,Wed
2020-08-26,202008W4,12799.0,W,4.0,Wed
2020-09-02,202009W1,12668.0,W,1.0,Wed
2020-09-09,202009W2,12592.0,W,2.0,Wed
2020-09-16,202009,12969.0,M,,Wed
2020-09-23,202009W4,12577.0,W,4.0,Wed
2020-09-30,202009W5,12529.0,W,5.0,Wed
2020-10-07,202010W1,12759.0,W,1.0,Wed
2020-10-14,202010W2,12900.0,W,2.0,Wed
2020-10-21,202010,12860.0,M,,Wed
2020-10-28,202010W4,12771.0,W,4.0,Wed
2020-11-04,202011W1,12865.0,W,1.0,Wed
2020-11-11,202011W2,13249.0,W,2.0,Wed
2020-11-18,202011,13756.0,M,,Wed
2020-11-25,202011W4,13753.0,W,4.0,Wed
2020-12-02,202012W1,13981.0,W,1.0,Wed
2020-12-09,202012W2,14398.0,W,2.0,Wed
2020-12-16,202012,14323.0,M,,Wed
2020-12-23,202012W4,14234.0,W,4.0,Wed
2020-12-30,202012W5,14652.0,W,5.0,Wed
2021-01-06,202101W1,14934.0,W,1.0,Wed
2021-01-13,202101W2,15760.0,W,2.0,Wed
2021-01-20,202101,15766.0,M,,Wed
2021-01-27,202101W4,15749.0,W,4.0,Wed
2021-02-03,202102W1,15767.0,W,1.0,Wed
2021-02-17,202102,16326.0,M,,Wed
2021-02-24,202102W4,16235.0,W,4.0,Wed
2021-03-03,202103W1,16183.0,W,1.0,Wed
2021-03-10,202103W2,15877.0,W,2.0,Wed
2021-03-17,202103,16177.0,M,,Wed
2021-03-24,202103W4,16029.0,W,4.0,Wed
2021-03-31,202103W5,16444.0,W,5.0,Wed
2021-04-07,202104W1,16793.0,W,1.0,Wed
2021-04-14,202104W2,16816.0,W,2.0,Wed
2021-04-21,202104,17232.0,M,,Wed
2021-04-28,202104W4,17544.0,W,4.0,Wed
2021-05-05,202105W1,16892.0,W,1.0,Wed
2021-05-12,202105W2,15901.0,W,2.0,Wed
2021-05-19,202105,16137.0,M,,Wed
2021-05-26,202105W4,16636.0,W,4.0,Wed
2021-06-02,202106W1,17178.0,W,1.0,Wed
2021-06-09,202106W2,16947.0,W,2.0,Wed
2021-06-16,202106,17346.0,M,,Wed
2021-06-23,202106W4,17347.0,W,4.0,Wed
2021-06-30,202106W5,17776.0,W,5.0,Wed
2021-07-07,202107W1,17799.0,W,1.0,Wed
2021-07-14,202107W2,17796.0,W,2.0,Wed
2021-07-21,202107,17431.0,M,,Wed
2021-07-28,202107W4,17074.0,W,4.0,Wed
2021-08-04,202108W1,17601.0,W,1.0,Wed
2021-08-11,202108W2,17170.0,W,2.0,Wed
2021-08-18,202108,16785.0,M,,Wed
2021-08-25,202108W4,17010.0,W,4.0,Wed
2021-09-01,202109W1,17484.0,W,1.0,Wed
2021-09-08,202109W2,17192.0,W,2.0,Wed
2021-09-15,202109,17382.0,M,,Wed
2021-09-22,202109W4,16916.0,W,4.0,Wed
2021-09-29,202109W5,16823.0,W,5.0,Wed
2021-10-06,202110W1,16364.0,W,1.0,Wed
2021-10-13,202110W2,16370.0,W,2.0,Wed
2021-10-20,202110,16882.0,M,,Wed
2021-10-27,202110W4,17059.0,W,4.0,Wed
2021-11-03,202111W1,17113.0,W,1.0,Wed
2021-11-10,202111W2,17554.0,W,2.0,Wed
2021-11-17,202111,17723.0,M,,Wed
2021-11-24,202111W4,17650.0,W,4.0,Wed
2021-12-01,202112W1,17615.0,W,1.0,Wed
2021-12-08,202112W2,17881.0,W,2.0,Wed
2021-12-15,202112,17629.0,M,,Wed
2021-12-22,202112W4,17816.0,W,4.0,Wed
2021-12-29,202112W5,18271.0,W,5.0,Wed
2022-01-05,202201W1,18466.0,W,1.0,Wed
2022-01-12,202201W2,18317.0,W,2.0,Wed
2022-01-19,202201,18217.0,M,,Wed
2022-01-26,202201W4,17712.0,W,4.0,Wed
2022-02-07,202202W1,17882.0,W,1.0,Mon
2022-02-09,202202W2,18146.0,W,2.0,Wed
2022-02-16,202202,18206.0,M,,Wed
2022-02-23,202202W4,18077.0,W,4.0,Wed
2022-03-02,202203W1,17897.0,W,1.0,Wed
2022-03-09,202203W2,17026.0,W,2.0,Wed
2022-03-16,202203,16937.0,M,,Wed
2022-03-23,202203W4,17706.0,W,4.0,Wed
2022-03-30,202203W5,17759.0,W,5.0,Wed
2022-04-06,202204W1,17513.0,W,1.0,Wed
2022-04-13,202204W2,17311.0,W,2.0,Wed
2022-04-20,202204,17125.0,M,,Wed
2022-04-27,202204W4,16304.0,W,4.0,Wed
2022-05-04,202205W1,16541.0,W,1.0,Wed
2022-05-11,202205W2,16028.0,W,2.0,Wed
2022-05-18,202205,16302.0,M,,Wed
2022-05-25,202205W4,16155.0,W,4.0,Wed
2022-06-01,202206W1,16717.0,W,1.0,Wed
2022-06-08,202206W2,16659.0,W,2.0,Wed
2022-06-15,202206,16061.0,M,,Wed
2022-06-22,202206W4,15388.0,W,4.0,Wed
2022-06-29,202206W5,15261.0,W,5.0,Wed
2022-07-06,202207W1,14015.0,W,1.0,Wed
2022-07-13,202207W2,14384.0,W,2.0,Wed
2022-07-20,202207,14713.0,M,,Wed
2022-07-27,202207W4,14887.0,W,4.0,Wed
2022-08-03,202208W1,14707.0,W,1.0,Wed
2022-08-10,202208W2,14945.0,W,2.0,Wed
2022-08-17,202208,15452.0,M,,Wed
2022-08-24,202208W4,15097.0,W,4.0,Wed
2022-08-31,202208W5,15078.0,W,5.0,Wed
2022-09-07,202209W1,14416.0,W,1.0,Wed
2022-09-14,202209W2,14667.0,W,2.0,Wed
2022-09-21,202209,14402.0,M,,Wed
2022-09-28,202209W4,13502.0,W,4.0,Wed
2022-10-05,202210W1,13823.0,W,1.0,Wed
2022-10-12,202210W2,13090.0,W,2.0,Wed
2022-10-19,202210,12999.0,M,,Wed
2022-10-26,202210W4,12741.0,W,4.0,Wed
2022-11-02,202211W1,13087.0,W,1.0,Wed
2022-11-09,202211W2,13615.0,W,2.0,Wed
2022-11-16,202211,14499.0,M,,Wed
2022-11-23,202211W4,14621.0,W,4.0,Wed
2022-11-30,202211W5,14831.0,W,5.0,Wed
2022-12-07,202212W1,14669.0,W,1.0,Wed
2022-12-14,202212W2,14725.0,W,2.0,Wed
2022-12-21,202212,14219.0,M,,Wed
2022-12-28,202212W4,14130.0,W,4.0,Wed
2023-01-04,202301W1,14223.0,W,1.0,Wed
2023-01-11,202301W2,14753.0,W,2.0,Wed
2023-01-30,202301,15450.0,M,,Mon
2023-02-01,202302W1,15359.0,W,1.0,Wed
2023-02-08,202302W2,15615.0,W,2.0,Wed
2023-02-15,202302,15398.0,M,,Wed
2023-02-22,202302W4,15433.0,W,4.0,Wed
2023-03-01,202303W1,15593.0,W,1.0,Wed
2023-03-08,202303W2,15811.0,W,2.0,Wed
2023-03-15,202303,15405.0,M,,Wed
2023-03-22,202303W4,15744.0,W,4.0,Wed
2023-03-29,202303W5,15749.0,W,5.0,Wed
2023-04-06,202304W1,15795.0,W,1.0,Thu
2023-04-12,202304W2,15932.0,W,2.0,Wed
2023-04-19,202304,15775.0,M,,Wed
2023-04-26,202304W4,15379.0,W,4.0,Wed
2023-05-03,202305W1,15567.0,W,1.0,Wed
2023-05-10,202305W2,15611.0,W,2.0,Wed
2023-05-17,202305,15953.0,M,,Wed
2023-05-24,202305W4,16149.0,W,4.0,Wed
2023-05-31,202305W5,16602.0,W,5.0,Wed
2023-06-07,202306W1,16907.0,W,1.0,Wed
2023-06-14,202306W2,17244.0,W,2.0,Wed
2023-06-21,202306,17230.0,M,,Wed
2023-06-28,202306W4,16930.0,W,4.0,Wed
2023-07-05,202307W1,17026.0,W,1.0,Wed
2023-07-12,202307W2,16914.0,W,2.0,Wed
2023-07-19,202307,17103.0,M,,Wed
2023-07-26,202307W4,17154.0,W,4.0,Wed
2023-08-02,202308W1,16855.0,W,1.0,Wed
2023-08-09,202308W2,16870.0,W,2.0,Wed
2023-08-16,202308,16364.0,M,,Wed
2023-08-23,202308W4,16557.0,W,4.0,Wed
2023-08-30,202308W5,16724.0,W,5.0,Wed
2023-09-06,202309W1,16743.0,W,1.0,Wed
2023-09-13,202309W2,16592.0,W,2.0,Wed
2023-09-20,202309,16537.0,M,,Wed
2023-09-27,202309W4,16275.0,W,4.0,Wed
2023-10-04,202310W1,16280.0,W,1.0,Wed
2023-10-11,202310W2,16674.0,W,2.0,Wed
2023-10-18,202310,16426.0,M,,Wed
2023-10-25,202310W4,16389.0,W,4.0,Wed
2023-11-01,202311W1,16060.0,W,1.0,Wed
2023-11-08,202311W2,16734.0,W,2.0,Wed
2023-11-15,202311,17123.0,M,,Wed
2023-11-22,202311W4,17289.0,W,4.0,Wed
2023-11-29,202311W5,17368.0,W,5.0,Wed
2023-12-06,202312W1,17373.0,W,1.0,Wed
2023-12-13,202312W2,17449.0,W,2.0,Wed
2023-12-20,202312,17636.0,M,,Wed
2023-12-27,202312W4,17883.0,W,4.0,Wed
2024-01-03,202401W1,17556.0,W,1.0,Wed
2024-01-10,202401W2,17481.0,W,2.0,Wed
2024-01-17,202401,17168.0,M,,Wed
2024-01-24,202401W4,17873.0,W,4.0,Wed
2024-01-31,202401W5,17896.0,W,5.0,Wed
2024-02-15,202402W1,18632.0,W,1.0,Thu
2024-02-21,202402,18671.0,M,,Wed
2024-02-29,202402W4,18993.0,W,4.0,Thu
2024-03-06,202403W1,19510.0,W,1.0,Wed
2024-03-13,202403W2,19931.0,W,2.0,Wed
2024-03-20,202403,19748.0,M,,Wed
2024-03-27,202403W4,20227.0,W,4.0,Wed
2024-04-03,202404W1,20368.0,W,1.0,Wed
2024-04-10,202404W2,20810.0,W,2.0,Wed
2024-04-17,202404,20238.0,M,,Wed
2024-04-24,202404W4,20149.0,W,4.0,Wed
2024-05-02,202405W1,20251.0,W,1.0,Thu
2024-05-08,202405W2,20667.0,W,2.0,Wed
2024-05-15,202405,21143.0,M,,Wed
2024-05-22,202405W4,21553.0,W,4.0,Wed
2024-05-29,202405W5,21730.0,W,5.0,Wed
2024-06-05,202406W1,21491.0,W,1.0,Wed
2024-06-12,202406W2,22067.0,W,2.0,Wed
2024-06-19,202406,23226.0,M,,Wed
2024-06-26,202406W4,22965.0,W,4.0,Wed
2024-07-03,202407W1,23138.0,W,1.0,Wed
2024-07-10,202407W2,23996.0,W,2.0,Wed
2024-07-17,202407,23680.0,M,,Wed
2024-07-26,202407W4,22069.0,W,4.0,Fri
2024-07-31,202407W5,22239.0,W,5.0,Wed
2024-08-07,202408W1,21239.0,W,1.0,Wed
2024-08-14,202408W2,22019.0,W,2.0,Wed
2024-08-21,202408,22200.0,M,,Wed
2024-08-28,202408W4,22336.0,W,4.0,Wed
2024-09-04,202409W1,21119.0,W,1.0,Wed
2024-09-11,202409W2,21098.0,W,2.0,Wed
2024-09-18,202409,21619.0,M,,Wed
2024-09-25,202409W4,22749.0,W,4.0,Wed
2024-10-04,202410W1,22229.0,W,1.0,Fri
2024-10-09,202410W2,22721.0,W,2.0,Wed
2024-10-16,202410,22986.0,M,,Wed
2024-10-23,202410W4,23335.0,W,4.0,Wed
2024-10-30,202410W5,22837.0,W,5.0,Wed
2024-11-06,202411W1,23261.0,W,1.0,Wed
2024-11-13,202411W2,22912.0,W,2.0,Wed
2024-11-20,202411,22686.0,M,,Wed
2024-11-27,202411W4,22382.0,W,4.0,Wed
2024-12-04,202412W1,23201.0,W,1.0,Wed
2024-12-11,202412W2,22902.0,W,2.0,Wed
2024-12-18,202412,23105.0,M,,Wed
2024-12-25,202412W4,23277.0,W,4.0,Wed
2025-01-02,202501W1,22733.0,W,1.0,Thu
2025-01-08,202501W2,23458.0,W,2.0,Wed
2025-01-15,202501,22519.0,M,,Wed
2025-01-22,202501W4,23589.0,W,4.0,Wed
2025-02-03,202501W5,22678.0,W,5.0,Mon
2025-02-05,202502W1,23145.0,W,1.0,Wed
2025-02-12,202502W2,23315.0,W,2.0,Wed
2025-02-19,202502,23607.0,M,,Wed
2025-02-26,202502W4,23371.0,W,4.0,Wed
2025-03-05,202503W1,22928.0,W,1.0,Wed
2025-03-12,202503W2,22235.0,W,2.0,Wed
2025-03-19,202503,21964.0,M,,Wed
2025-03-26,202503W4,22300.0,W,4.0,Wed
2025-04-02,202504W1,21284.0,W,1.0,Wed
2025-04-09,202504W2,17430.0,W,2.0,Wed
2025-04-16,202504,19548.0,M,,Wed
2025-04-23,202504W4,19583.0,W,4.0,Wed
2025-04-30,202504W5,20211.0,W,5.0,Wed
2025-05-07,202505W1,20466.0,W,1.0,Wed
2025-05-14,202505W2,21751.0,W,2.0,Wed
2025-05-21,202505,21848.0,M,,Wed
2025-05-28,202505W4,21387.0,W,4.0,Wed
2025-06-04,202506W1,21580.0,W,1.0,Wed
2025-06-11,202506W2,22405.0,W,2.0,Wed
2025-06-18,202506,22307.0,M,,Wed
2025-06-25,202506W4,22407.0,W,4.0,Wed
2025-07-02,202507W1,22491.0,W,1.0,Wed
2025-07-09,202507W2,22490.0,W,2.0,Wed
2025-07-11,202507F2,22744.0,F,2.0,Fri
2025-07-16,202507,23047.0,M,,Wed
2025-07-18,202507F3,23323.0,F,3.0,Fri
2025-07-23,202507W4,23270.0,W,4.0,Wed
2025-07-25,202507F4,23356.0,F,4.0,Fri
2025-07-30,202507W5,23416.0,W,5.0,Wed
2025-08-01,202508F1,23456.0,F,1.0,Fri
2025-08-06,202508W1,23479.0,W,1.0,Wed
2025-08-08,202508F2,24013.0,F,2.0,Fri
2025-08-13,202508W2,24348.0,W,2.0,Wed
2025-08-15,202508F3,24342.0,F,3.0,Fri
2025-08-20,202508,23637.0,M,,Wed
2025-08-22,202508F4,23854.0,F,4.0,Fri
2025-08-27,202508W4,24529.0,W,4.0,Wed
2025-08-29,202508F5,24347.0,F,5.0,Fri
2025-09-03,202509W1,24082.0,W,1.0,Wed
2025-09-05,202509F1,24434.0,F,1.0,Fri
2025-09-10,202509W2,25250.0,W,2.0,Wed
2025-09-12,202509F2,25405.0,F,2.0,Fri
2025-09-17,202509,25433.0,M,,Wed
2025-09-19,202509F3,25695.0,F,3.0,Fri
2025-09-24,202509W4,26147.0,W,4.0,Wed
2025-09-26,202509F4,25572.0,F,4.0,Fri
2025-10-01,202510W1,26043.0,W,1.0,Wed
2025-10-03,202510F1,26698.0,F,1.0,Fri
2025-10-08,202510W2,27056.0,W,2.0,Wed
2025-10-13,202510F2,26874.0,F,2.0,Mon
2025-10-15,202510,27156.0,M,,Wed
2025-10-17,202510F3,27383.0,F,3.0,Fri
2025-10-22,202510W4,27691.0,W,4.0,Wed
2025-10-27,202510F4,28104.0,F,4.0,Mon
2025-10-29,202510W5,28321.0,W,5.0,Wed
2025-10-31,202510F5,28444.0,F,5.0,Fri
2025-11-05,202511W1,27752.0,W,1.0,Wed
2025-11-07,202511F1,27683.0,F,1.0,Fri
2025-11-12,202511W2,28058.0,W,2.0,Wed
2025-11-14,202511F2,27455.0,F,2.0,Fri
2025-11-19,202511,26615.0,M,,Wed
2025-11-21,202511F3,26503.0,F,3.0,Fri
2025-11-26,202511W4,27283.0,W,4.0,Wed
2025-11-28,202511F4,27789.0,F,4.0,Fri
2025-12-03,202512W1,27749.0,W,1.0,Wed
2025-12-05,202512F1,27892.0,F,1.0,Fri
2025-12-10,202512W2,28359.0,W,2.0,Wed
2025-12-12,202512F2,28143.0,F,2.0,Fri
2025-12-17,202512,27483.0,M,,Wed
2025-12-19,202512F3,27741.0,F,3.0,Fri
2025-12-24,202512W4,28348.0,W,4.0,Wed
2025-12-26,202512F4,28547.0,F,4.0,Fri
2025-12-31,202512W5,28982.0,W,5.0,Wed
2026-01-02,202601F1,29337.0,F,1.0,Fri
2026-01-07,202601W1,30401.0,W,1.0,Wed
2026-01-09,202601F2,30320.0,F,2.0,Fri
2026-01-14,202601W2,30841.0,W,2.0,Wed
2026-01-16,202601F3,31421.0,F,3.0,Fri
2026-01-21,202601,31245.0,M,,Wed
2026-01-23,202601F4,31930.0,F,4.0,Fri
2026-01-28,202601W4,32718.0,W,4.0,Wed
2026-01-30,202601F5,32253.0,F,5.0,Fri
2026-02-04,202602W1,32342.0,W,1.0,Wed
2026-02-06,202602F1,31676.0,F,1.0,Fri
2026-02-11,202602W2,33684.0,W,2.0,Wed
2026-02-23,202602,33839.0,M,,Mon
2026-02-25,202602W4,35336.0,W,4.0,Wed
2026-03-02,202602F4,35194.0,F,4.0,Mon
2026-03-04,202603W1,32932.0,W,1.0,Wed
2026-03-06,202603F1,33573.0,F,1.0,Fri
2026-03-11,202603W2,34151.0,W,2.0,Wed
2026-03-13,202603F2,33421.0,F,2.0,Fri
2026-03-18,202603,34264.0,M,,Wed
2026-03-20,202603F3,33538.0,F,3.0,Fri
2026-03-25,202603W4,33511.0,W,4.0,Wed
2026-03-27,202603F4,33110.0,F,4.0,Fri
2026-04-01,202604W1,33125.0,W,1.0,Wed
2026-04-07,202604F1,33117.0,F,1.0,Tue
2026-04-08,202604W2,34733.0,W,2.0,Wed
2026-04-10,202604F2,35350.0,F,2.0,Fri
2026-04-15,202604,36642.0,M,,Wed
2026-04-17,202604F3,36813.0,F,3.0,Fri
2026-04-22,202604W4,37900.0,W,4.0,Wed
2026-04-24,202604F4,38880.0,F,4.0,Fri
2026-04-29,202604W5,39335.0,W,5.0,Wed
2026-05-04,202605F1,40705.0,F,1.0,Mon
2026-05-06,202605W1,41216.0,W,1.0,Wed
2026-05-08,202605F2,41610.0,F,2.0,Fri
2026-05-13,202605W2,41485.0,W,2.0,Wed
2026-05-15,202605F3,41096.0,F,3.0,Fri
2026-05-20,202605,40080.0,M,,Wed
2026-05-22,202605F4,42324.0,F,4.0,Fri
2026-05-27,202605W4,44332.0,W,4.0,Wed
2026-05-29,202605F5,44894.0,F,5.0,Fri
2026-06-03,202606W1,46445.0,W,1.0,Wed
2026-06-05,202606F1,44942.0,F,1.0,Fri
2026-06-10,202606W2,43389.0,W,2.0,Wed
2026-06-12,202606F2,44097.0,F,2.0,Fri
2026-06-17,202606,45670.0,M,,Wed
2026-06-22,202606F3,47778.0,F,3.0,Mon
2026-06-24,202606W4,46233.0,W,4.0,Wed
2026-06-26,202606F4,44600.0,F,4.0,Fri
2026-07-01,202607W1,46959.0,W,1.0,Wed
2026-07-03,202607F1,46825.0,F,1.0,Fri
2026-07-08,202607W2,45530.0,W,2.0,Wed
2026-07-13,202607F2,45605.0,F,2.0,Mon
2026-07-15,202607,45830.0,M,,Wed
2026-07-17,202607F3,42928.0,F,3.0,Fri
2026-07-22,202607W4,44841.0,W,4.0,Wed
2026-07-24,202607F4,43688.0,F,4.0,Fri
2026-07-29,202607W5,40035.0,W,5.0,Wed
2026-07-31,202607F5,43181.0,F,5.0,Fri
2026-08-05,202608W1,44560.0,W,1.0,Wed
2026-08-07,202608F1,44237.0,F,1.0,Fri
2026-08-12,202608W2,45467.0,W,2.0,Wed
2026-08-14,202608F2,45892.0,F,2.0,Fri
2026-08-19,202608,44612.0,M,,Wed
2026-08-21,202608F3,45121.0,F,3.0,Fri
2026-08-26,202608W4,45850.0,W,4.0,Wed
2026-08-28,202608F4,46323.0,F,4.0,Fri
2026-09-02,202609W1,46223.0,W,1.0,Wed
2026-09-04,202609F1,46520.0,F,1.0,Fri
2026-09-09,202609W2,47190.0,W,2.0,Wed
2026-09-11,202609F2,46250.0,F,2.0,Fri
2026-09-16,202609,45759.0,M,,Wed
2026-09-18,202609F3,47116.0,F,3.0,Fri
