bucket,cp,level,n,rel_half_med,prem_med
09:00,C,-1.0,12308,0.0075,410.0
09:00,C,-0.5,42261,0.008450704225352112,230.0
09:00,C,0.0,108362,0.010452961672473868,112.0
09:00,C,0.5,102099,0.014613778705636743,46.0
09:00,C,1.0,66000,0.021739130434782608,20.0
09:00,C,1.5,29570,0.03296703296703294,9.8
09:00,C,2.0,13166,0.030303030303030266,8.0
09:00,C,3.0,3815,0.04,8.5
09:00,P,-1.0,8034,0.009708737864077669,405.0
09:00,P,-0.5,28629,0.009380863039399626,267.0
09:00,P,0.0,82351,0.010452961672473868,151.0
09:00,P,0.5,94448,0.013100436681222707,76.0
09:00,P,1.0,69422,0.017142857142857144,35.0
09:00,P,1.5,43352,0.02040816326530612,25.5
09:00,P,2.0,28407,0.024390243902439025,17.0
09:00,P,3.0,9154,0.05263157894736841,5.9
09:30,C,-1.0,7528,0.0070126227208976155,397.0
09:30,C,-0.5,33205,0.008,213.0
09:30,C,0.0,99210,0.01020408163265306,98.0
09:30,C,0.5,84864,0.015384615384615385,35.0
09:30,C,1.0,39573,0.023622047244094488,13.0
09:30,C,1.5,17116,0.03225806451612901,8.0
09:30,C,2.0,8035,0.03529411764705882,6.7
09:30,C,3.0,1958,0.041666666666666664,10.0
09:30,P,-1.0,6304,0.008645533141210375,413.0
09:30,P,-0.5,22333,0.009174311926605505,252.0
09:30,P,0.0,76448,0.010526315789473684,123.0
09:30,P,0.5,83099,0.013215859030837005,55.0
09:30,P,1.0,51238,0.01818181818181818,24.0
09:30,P,1.5,27830,0.02127659574468085,20.5
09:30,P,2.0,16290,0.02654867256637168,12.5
09:30,P,3.0,4161,0.06666666666666662,3.9
10:00,C,-1.0,5813,0.006329113924050633,389.0
10:00,C,-0.5,30231,0.007680491551459293,203.0
10:00,C,0.0,89029,0.010752688172043012,84.0
10:00,C,0.5,69036,0.016666666666666666,27.0
10:00,C,1.0,27533,0.02702702702702699,9.7
10:00,C,1.5,12804,0.030303030303030266,6.7
10:00,C,2.0,5974,0.03482587064676617,22.0
10:00,C,3.0,2097,0.03571428571428571,14.0
10:00,P,-1.0,4141,0.008130081300813009,416.0
10:00,P,-0.5,19887,0.008645533141210375,237.0
10:00,P,0.0,72599,0.010830324909747292,107.0
10:00,P,0.5,74838,0.014598540145985401,41.5
10:00,P,1.0,39937,0.0196078431372549,20.5
10:00,P,1.5,22809,0.02439024390243905,15.0
10:00,P,2.0,9623,0.034482758620689655,8.4
10:00,P,3.0,2381,0.07692307692307691,2.4
10:30,C,-1.0,5061,0.005861664712778429,392.0
10:30,C,-0.5,27935,0.007832898172323759,197.0
10:30,C,0.0,83429,0.011363636363636364,74.0
10:30,C,0.5,60525,0.017543859649122806,22.0
10:30,C,1.0,20804,0.03448275862068962,7.0
10:30,C,1.5,6968,0.03999999999999997,3.5
10:30,C,2.0,3768,0.034482758620689655,14.5
10:30,C,3.0,961,0.07692307692307691,5.4
10:30,P,-1.0,3823,0.007667031763417305,391.0
10:30,P,-0.5,17981,0.008620689655172414,213.0
10:30,P,0.0,70936,0.011363636363636364,92.0
10:30,P,0.5,69123,0.015384615384615385,35.5
10:30,P,1.0,32510,0.022222222222222223,13.0
10:30,P,1.5,15643,0.029940119760479042,8.5
10:30,P,2.0,6721,0.04761904761904766,3.4
10:30,P,3.0,1732,0.1111111111111111,1.6
11:00,C,-1.0,5605,0.005793742757821553,387.0
11:00,C,-0.5,31489,0.008183306055646482,185.0
11:00,C,0.0,110005,0.012145748987854251,62.0
11:00,C,0.5,67425,0.02097902097902098,16.5
11:00,C,1.0,18263,0.041666666666666706,4.8
11:00,C,1.5,5886,0.04225352112676056,2.5
11:00,C,2.0,2987,0.05426356589147289,7.0
11:00,C,3.0,382,0.14285714285714285,2.0
11:00,P,-1.0,3530,0.008086253369272238,400.0
11:00,P,-0.5,21914,0.008797653958944282,203.0
11:00,P,0.0,93165,0.012195121951219513,77.0
11:00,P,0.5,76176,0.017142857142857182,25.5
11:00,P,1.0,30522,0.024390243902439025,12.5
11:00,P,1.5,12086,0.03448275862068969,7.7
11:00,P,2.0,4718,0.0571428571428572,3.4
11:00,P,3.0,1380,0.1428571428571429,1.4
11:30,C,-1.0,4527,0.00625,368.0
11:30,C,-0.5,31445,0.008547008547008548,167.0
11:30,C,0.0,119645,0.013333333333333334,50.0
11:30,C,0.5,58440,0.024390243902439025,11.5
11:30,C,1.0,12755,0.04615384615384613,3.3
11:30,C,1.5,5163,0.030303030303030304,11.0
11:30,C,2.0,2348,0.045751633986928116,5.6
11:30,C,3.0,548,0.11111111111111108,1.5
11:30,P,-1.0,3730,0.007556675062972292,386.0
11:30,P,-0.5,21322,0.00881057268722467,200.0
11:30,P,0.0,102437,0.013215859030837005,66.0
11:30,P,0.5,71882,0.019230769230769232,20.0
11:30,P,1.0,23963,0.02912621359223301,9.1
11:30,P,1.5,7534,0.04347826086956516,4.6
11:30,P,2.0,2983,0.06349206349206347,2.4
11:30,P,3.0,832,0.25,1.0
12:00,C,-1.0,4290,0.006075334143377886,392.0
12:00,C,-0.5,30447,0.009009009009009009,162.0
12:00,C,0.0,128364,0.014925373134328374,43.5
12:00,C,0.5,48869,0.03225806451612901,8.5
12:00,C,1.0,11465,0.040000000000000036,4.6
12:00,C,1.5,4023,0.057692307692307654,5.8
12:00,C,2.0,1382,0.11111111111111108,1.8
12:00,C,3.0,381,0.22580645161290325,1.0
12:00,P,-1.0,4903,0.009036144578313253,333.0
12:00,P,-0.5,22301,0.009615384615384616,190.0
12:00,P,0.0,108836,0.014925373134328358,54.0
12:00,P,0.5,67693,0.023809523809523808,15.0
12:00,P,1.0,16990,0.043478260869565216,5.1
12:00,P,1.5,5726,0.059914529914529904,2.7
12:00,P,2.0,2107,0.1428571428571429,1.4
12:00,P,3.0,515,0.36363636363636365,0.6
12:30,C,-1.0,4883,0.005973715651135006,385.0
12:30,C,-0.5,37376,0.008849557522123894,149.0
12:30,C,0.0,185613,0.01694915254237288,32.0
12:30,C,0.5,58929,0.041666666666666706,4.6
12:30,C,1.0,11159,0.07692307692307689,3.0
12:30,C,1.5,2865,0.1428571428571429,1.1
12:30,C,2.0,746,0.17647058823529416,0.8
12:30,C,3.0,574,0.3333333333333333,0.4
12:30,P,-1.0,5610,0.008064516129032258,381.0
12:30,P,-0.5,42996,0.00909090909090909,160.0
12:30,P,0.0,192110,0.01639344262295082,39.0
12:30,P,0.5,70584,0.03448275862068969,8.4
12:30,P,1.0,11519,0.0617283950617284,2.8
12:30,P,1.5,3531,0.1428571428571429,1.4
12:30,P,2.0,1297,0.28571428571428575,0.8
12:30,P,3.0,479,0.6000000000000001,0.3
13:00,C,-1.0,4676,0.005170630816959669,397.0
13:00,C,-0.5,32095,0.008403361344537815,143.0
13:00,C,0.0,154776,0.024390243902439025,19.5
13:00,C,0.5,11231,0.1428571428571429,1.0
13:00,C,1.0,1174,0.49999999999999994,0.2
13:00,C,1.5,557,0.6000000000000001,0.2
13:00,C,2.0,320,0.6333333333333334,0.2
13:00,C,3.0,138,0.49999999999999994,0.3
13:00,P,-1.0,3915,0.006535947712418301,393.0
13:00,P,-0.5,26862,0.009345794392523364,149.0
13:00,P,0.0,144381,0.02666666666666667,20.0
13:00,P,0.5,15428,0.10638297872340426,1.4
13:00,P,1.0,1914,0.23076923076923078,0.4
13:00,P,1.5,1049,0.3333333333333333,0.3
13:00,P,2.0,357,0.49999999999999994,0.3
13:00,P,3.0,111,0.49999999999999994,0.2
