grp,cp,slot,level,n,mean,median,t,win,total,total_ex_top5,max_dd
盤前漲,C,09:00,-1.0,142.0,9.654188397887328,13.70246,1.435706839389688,0.5704225352112676,1370.8947525000005,325.5090375,772.7791550000002
盤前漲,C,09:00,-0.5,142.0,7.818430755802422,7.7247,1.3410731128010178,0.5492957746478874,1110.2171673239438,136.2162273239437,651.8346298591549
盤前漲,C,09:00,0.0,142.0,5.0141676915149445,-8.8083,1.153641107781501,0.39436619718309857,712.0118121951222,-138.70623219512186,476.63506
盤前漲,C,09:00,0.5,142.0,1.0950372083860156,-4.27542,0.43846940158773473,0.20422535211267606,155.4952835908142,-438.8435921085594,217.18556137787056
盤前漲,C,09:00,1.0,142.0,-0.49804571034905093,-1.501,-0.42094840716084864,0.06338028169014084,-70.72249086956523,-371.54947652173917,177.45638652173918
盤前漲,C,09:00,1.5,129.0,-0.6080826356589147,-1.0005,-0.9108197426220844,0.015503875968992248,-78.44266,-181.3742,114.53199999999998
盤前漲,C,09:00,2.0,109.0,-1.052845871559633,-0.9004,-26.14486464900335,0.0,-114.76019999999998,-111.25919999999999,113.9599
盤前漲,C,09:00,3.0,74.0,-0.8841675675675678,-0.8003,-41.21968116385651,0.0,-65.42840000000001,-61.92740000000001,64.62809999999999
盤前漲,C,09:30,-1.0,141.0,9.93635288989685,11.683720000000001,1.6526120481650433,0.5886524822695035,1401.025757475456,363.9763111360453,300.64279309957925
盤前漲,C,09:30,-0.5,142.0,7.874268422535212,5.22101,1.4493982651888453,0.5633802816901409,1118.1461160000001,122.20463600000039,320.80107999999984
盤前漲,C,09:30,0.0,142.0,5.8909429577464785,-6.45595,1.469274320588704,0.4084507042253521,836.5138999999999,-37.11428000000001,285.6620200000001
盤前漲,C,09:30,0.5,142.0,2.0114478873239436,-3.2027,0.9173881450379587,0.18309859154929578,285.6256,-286.24138000000005,138.29525999999993
盤前漲,C,09:30,1.0,141.0,0.014972304685318783,-1.2006999999999999,0.011366626254083606,0.03546099290780142,2.1110949606299485,-296.8506692913386,132.88780000000003
盤前漲,C,09:30,1.5,117.0,-0.7052214667769507,-0.9004,-1.656493370086437,0.017094017094017096,-82.51091161290324,-141.94715161290324,81.71061161290328
盤前漲,C,09:30,2.0,92.0,-0.994406956521739,-0.9004,-13.219476567409433,0.0,-91.48544,-87.98443999999998,90.68513999999999
盤前漲,C,09:30,3.0,67.0,-0.8585671641791044,-0.8003,-26.759556511289663,0.0,-57.523999999999994,-54.02300000000001,56.82379999999999
盤前漲,C,10:00,-1.0,141.0,9.32023362240776,5.6784,1.6944880264669115,0.574468085106383,1314.1529407594942,402.13953898734144,268.5873551898735
盤前漲,C,10:00,-0.5,142.0,7.381330887475392,3.23679,1.471338517812835,0.5422535211267606,1048.1489860215056,183.3408460215055,297.07658000000015
盤前漲,C,10:00,0.0,142.0,6.131917110404362,-5.3048,1.6786239401828345,0.4154929577464789,870.7322296774194,116.53018967741946,179.65678000000003
盤前漲,C,10:00,0.5,142.0,1.7928803051643198,-2.22337,0.8897988808091436,0.1619718309859155,254.5890033333334,-247.80443,70.59397666666668
盤前漲,C,10:00,1.0,138.0,-0.26576108108108093,-1.0005,-0.2613364671956789,0.028985507246376812,-36.67502918918917,-230.0579891891892,94.23847243243242
盤前漲,C,10:00,1.5,114.0,-0.3525248538011697,-0.9004,-0.4844318742739187,0.008771929824561403,-40.187833333333344,-118.9492333333333,75.22303333333335
盤前漲,C,10:00,2.0,79.0,-0.9092696202531644,-0.8003,-32.39861630999491,0.0,-71.83229999999999,-68.3313,71.1321
盤前漲,C,10:00,3.0,49.0,-0.8534142857142857,-0.8003,-40.89878153279815,0.0,-41.817299999999996,-38.31630000000001,41.11710000000001
盤前漲,C,10:30,-1.0,142.0,5.488345845648334,1.1701700000000002,1.1182417523984727,0.5140845070422535,779.3451100820635,-27.1989076436098,348.64231910902697
盤前漲,C,10:30,-0.5,142.0,4.935898645975066,-2.00967,1.0978345989078029,0.4859154929577465,700.8976077284594,-80.03143227154033,281.12744
盤前漲,C,10:30,0.0,142.0,5.067040985915493,-6.556049999999999,1.5898352957127255,0.3873239436619718,719.51982,41.879592499999944,166.62429999999998
盤前漲,C,10:30,0.5,142.0,1.328166661724734,-1.9014000000000002,0.8864650209500466,0.13380281690140844,188.59966596491225,-220.91893894736842,99.98582807017543
盤前漲,C,10:30,1.0,137.0,-0.8416812333249434,-0.9004,-2.5208823906559235,0.014598540145985401,-115.31032896551724,-173.94576896551723,114.30982896551728
盤前漲,C,10:30,1.5,100.0,-0.9384379999999999,-0.8003,-29.65295913848106,0.0,-93.84379999999999,-90.34279999999998,93.04350000000002
盤前漲,C,10:30,2.0,79.0,-0.8459151898734178,-0.8003,-43.97160266929332,0.0,-66.82730000000001,-63.3263,66.12710000000001
盤前漲,C,10:30,3.0,44.0,-0.8139499999999998,-0.8003,-42.52342433870111,0.0,-35.81379999999999,-32.31279999999999,35.0135
盤前漲,C,11:00,-1.0,141.0,3.6341129382082964,1.08642660486677,0.9295092590887288,0.5177304964539007,512.4099242873698,-107.84141230590922,199.1131522132097
盤前漲,C,11:00,-0.5,142.0,1.857022852861852,-0.5223500000000001,0.4969300831946086,0.47183098591549294,263.697245106383,-340.1447148936172,289.97089617021277
盤前漲,C,11:00,0.0,142.0,-0.21355296515937675,-6.29517,-0.07793593580732786,0.3380281690140845,-30.324521052631496,-535.5292821052631,337.2078189473683
盤前漲,C,11:00,0.5,142.0,-0.6968294366197182,-1.8013,-0.6983534665253627,0.09154929577464789,-98.94977999999998,-347.88870000000003,186.05946
盤前漲,C,11:00,1.0,132.0,-1.0204618371212122,-0.9004,-4.209494334436416,0.007575757575757576,-134.7009625,-160.66373333333328,133.7004625
盤前漲,C,11:00,1.5,98.0,-0.9116357142857141,-0.8003,-27.970901042697115,0.0,-89.34029999999998,-85.8393,88.54000000000002
盤前漲,C,11:00,2.0,59.0,-0.8121762711864405,-0.8003,-41.60079381312559,0.0,-47.91839999999999,-44.417400000000015,47.118100000000005
盤前漲,C,11:00,3.0,45.0,-0.7713822222222223,-0.7001999999999999,-57.759418019746214,0.0,-34.7122,-31.211199999999998,33.911899999999996
盤前漲,C,11:30,-1.0,141.0,1.1157777836879428,1.6960600000000001,0.3472648234915333,0.5177304964539007,157.32466749999995,-327.6085837500002,297.63702
盤前漲,C,11:30,-0.5,142.0,-0.788395790297339,-1.32733,-0.25132520441301337,0.4859154929577465,-111.95220222222213,-573.686611111111,389.9995422222222
盤前漲,C,11:30,0.0,142.0,-1.619059230046948,-5.3048,-0.7780791805441554,0.3732394366197183,-229.9064106666666,-609.6024306666666,408.94344133333334
盤前漲,C,11:30,0.5,142.0,-1.890035606320852,-1.45095,-3.6379543123803946,0.056338028169014086,-268.385056097561,-388.62317414634146,267.084256097561
盤前漲,C,11:30,1.0,123.0,-1.0973697560975608,-0.9004,-18.601566690440972,0.0,-134.97647999999998,-131.47547999999998,134.2762800000001
盤前漲,C,11:30,1.5,86.0,-0.8678093023255813,-0.8003,-35.22119230219939,0.0,-74.63159999999999,-71.13059999999999,73.9314
盤前漲,C,11:30,2.0,54.0,-0.8262518518518518,-0.8003,-39.596310326919586,0.0,-44.617599999999996,-41.1166,43.9174
盤前漲,C,11:30,3.0,25.0,-0.8043039999999999,-0.8003,-41.07483565121217,0.0,-20.107599999999998,-16.6066,19.3073
盤前漲,C,12:00,-1.0,139.0,1.1981182859690414,2.6715600000000004,0.3866640518547646,0.5107913669064749,166.53844174969674,-280.470713438639,275.29764556500606
盤前漲,C,12:00,-0.5,142.0,0.7422842748382183,1.4785300000000001,0.26271619087037973,0.5070422535211268,105.404367027027,-316.3632268468468,256.47285999999997
盤前漲,C,12:00,0.0,142.0,-0.3016964977927258,-4.11428,-0.1593025335163222,0.38028169014084506,-42.84090268656706,-369.8916695522387,204.31765880597013
盤前漲,C,12:00,0.5,141.0,-1.7836845161290322,-1.3008,-6.076594806553016,0.028368794326241134,-251.49951677419355,-305.0141967741936,250.4990167741937
盤前漲,C,12:00,1.0,116.0,-0.9556275862068967,-0.9004,-30.85956825476225,0.0,-110.85280000000002,-107.35179999999997,110.15260000000005
盤前漲,C,12:00,1.5,72.0,-0.825325,-0.8003,-49.911341386715385,0.0,-59.4234,-55.9224,58.72319999999999
盤前漲,C,12:00,2.0,57.0,-0.7932754385964912,-0.8003,-56.09005677856487,0.0,-45.216699999999996,-41.715700000000005,44.5165
盤前漲,C,12:00,3.0,28.0,-0.7752749999999999,-0.75025,-46.195868108446106,0.0,-21.7077,-18.206699999999998,21.007499999999997
盤前漲,C,12:30,-1.0,140.0,1.9825162408260797,1.1046265591397804,0.8393773262196117,0.5214285714285715,277.55227371565115,-68.82741029868566,246.07541101553164
盤前漲,C,12:30,-0.5,142.0,1.7190805683659478,1.74528,0.7509760962325926,0.5140845070422535,244.10944070796458,-102.82451929203557,220.69732725663712
盤前漲,C,12:30,0.0,142.0,0.5007901312962525,-2.4626299999999994,0.3400308113489328,0.3732394366197183,71.11219864406786,-195.7198413559321,178.68302881355928
盤前漲,C,12:30,0.5,140.0,-1.2484234761904762,-1.0005,-4.6234504841013475,0.02857142857142857,-174.77928666666668,-229.1948666666667,173.97898666666677
盤前漲,C,12:30,1.0,118.0,-0.8532211864406778,-0.8003,-40.239258832462056,0.0,-100.68009999999998,-97.17910000000002,99.97990000000001
盤前漲,C,12:30,1.5,84.0,-0.8014916666666666,-0.8003,-63.46078265323848,0.0,-67.3253,-63.82430000000001,66.6251
盤前漲,C,12:30,2.0,55.0,-0.7639000000000001,-0.8003,-80.44579252804189,0.0,-42.014500000000005,-38.5135,41.31430000000001
盤前漲,C,12:30,3.0,30.0,-0.7758311111111112,-0.8003,-45.633935395462466,0.0,-23.274933333333337,-19.773933333333332,22.574733333333338
盤前漲,C,13:00,-1.0,141.0,-0.023326514994828594,-0.42856000000000005,-0.01681569225038871,0.46808510638297873,-3.2890386142708317,-180.6468862047568,245.8925247156153
盤前漲,C,13:00,-0.5,142.0,-0.2303854598177299,-1.58615,-0.1586997026548528,0.45774647887323944,-32.714735294117645,-217.62161529411765,257.6807
盤前漲,C,13:00,0.0,142.0,-0.41828867743043624,-2.0015,-0.43038270216912333,0.2887323943661972,-59.396992195121946,-216.34079804878036,162.17129219512194
盤前漲,C,13:00,0.5,141.0,-0.9851858156028366,-0.8003,-21.733377532570834,0.0,-138.91119999999995,-135.41019999999997,138.21099999999996
盤前漲,C,13:00,1.0,115.0,-0.7789743478260868,-0.7001999999999999,-59.73044033872194,0.0,-89.58204999999998,-86.08104999999998,88.88184999999996
盤前漲,C,13:00,1.5,71.0,-0.7735126760563382,-0.7001999999999999,-53.17517962998423,0.0,-54.91940000000001,-51.418400000000005,54.21920000000003
盤前漲,C,13:00,2.0,58.0,-0.7477187356321838,-0.7001999999999999,-57.61980658650717,0.0,-43.367686666666664,-39.86668666666667,42.66748666666667
盤前漲,C,13:00,3.0,25.0,-0.7862859999999999,-0.7001999999999999,-33.114703569621625,0.0,-19.657149999999998,-16.15615,18.95695
盤前漲,P,09:00,-1.0,141.0,-16.666987760104654,-18.696007184465998,-2.4047862161713747,0.3971631205673759,-2350.0452741747563,-3448.8248279611626,2517.3352225242697
盤前漲,P,09:00,-0.5,142.0,-14.759087609069045,-25.28803,-2.428696259137239,0.36619718309859156,-2095.7904404878045,-3163.748705853658,2308.203567317073
盤前漲,P,09:00,0.0,142.0,-9.522079268292684,-21.88196,-2.131579303563925,0.2676056338028169,-1352.135256097561,-2292.9552287804877,1686.3590946341462
盤前漲,P,09:00,0.5,142.0,-5.454973095516329,-9.931255895196507,-1.881930735726095,0.1056338028169014,-774.6061795633187,-1498.5481923144107,996.5524523144104
盤前漲,P,09:00,1.0,142.0,-3.010363211267605,-3.4029,-1.6432071110860051,0.04225352112676056,-427.4715759999999,-818.15598,592.3156360000002
盤前漲,P,09:00,1.5,142.0,-1.1928823742454733,-1.75125,-0.9317863917836442,0.014084507042253521,-169.3892971428572,-409.2240571428572,315.35121428571426
盤前漲,P,09:00,2.0,140.0,-1.1075331951219511,-1.15065,-2.1602875855531702,0.014285714285714285,-155.05464731707315,-247.09160731707317,186.3309341463416
盤前漲,P,09:00,3.0,120.0,-1.1133320175438597,-0.9004,-16.289503283636165,0.0,-133.59984210526315,-130.09884210526315,132.79954210526319
盤前漲,P,09:30,-1.0,140.0,-16.884988512556603,-21.81194,-2.839219232431649,0.35,-2363.8983917579244,-3202.9913397118144,2655.912554524494
盤前漲,P,09:30,-0.5,142.0,-14.33831667011242,-23.01319,-2.7962513259894615,0.33098591549295775,-2036.0409671559635,-2846.2779871559633,2301.8940071559628
盤前漲,P,09:30,0.0,142.0,-8.97918813936249,-18.0175,-2.5163098081079234,0.28169014084507044,-1275.0447157894737,-1960.3761873684207,1595.2933473684207
盤前漲,P,09:30,0.5,142.0,-5.471260329465781,-5.8223400000000005,-2.9830064849773876,0.08450704225352113,-776.9189667841409,-1185.775466784141,990.2928828193832
盤前漲,P,09:30,1.0,142.0,-2.6900916901408456,-2.2017,-2.9432355857988597,0.035211267605633804,-381.99302000000006,-566.1657200000001,460.7702400000001
盤前漲,P,09:30,1.5,141.0,-2.2775868869775158,-1.2006999999999999,-7.229043477735339,0.0,-321.13975106382975,-317.6387510638298,320.3394510638295
盤前漲,P,09:30,2.0,133.0,-1.531438285980438,-0.9004,-7.149897225691364,0.0,-203.68129203539826,-200.18029203539822,202.7808920353983
盤前漲,P,09:30,3.0,108.0,-1.0611161111111114,-0.8003,-11.085702148122369,0.0,-114.60054000000002,-111.09953999999996,113.80024000000003
盤前漲,P,10:00,-1.0,142.0,-15.734746580785528,-12.29096,-3.0075707853114477,0.3591549295774648,-2234.334014471545,-2905.503890406504,2517.420976422765
盤前漲,P,10:00,-0.5,142.0,-12.78420046880708,-14.2677,-2.814077564178545,0.3591549295774648,-1815.3564665706053,-2464.3718465706047,2079.9878065706052
盤前漲,P,10:00,0.0,142.0,-7.206915397366146,-16.0155,-2.5149476634647354,0.24647887323943662,-1023.3819864259927,-1512.6873664259926,1299.6417864259922
盤前漲,P,10:00,0.5,142.0,-4.67373552996813,-4.704199999999999,-3.7440619894767146,0.07042253521126761,-663.6704452554744,-933.166960437956,854.2501490510949
盤前漲,P,10:00,1.0,142.0,-3.0750989588511466,-1.7012,-7.85808827274673,0.0,-436.6640521568628,-433.26187215686275,436.0626721568628
盤前漲,P,10:00,1.5,140.0,-1.7249868292682926,-1.0005,-7.545284799821626,0.0,-241.49815609756098,-237.99715609756097,240.69785609756104
盤前漲,P,10:00,2.0,122.0,-1.2785901356698697,-0.9004,-8.053217575813642,0.0,-155.9879965517241,-152.4869965517241,155.08759655172403
盤前漲,P,10:00,3.0,98.0,-0.9826642857142857,-0.8003,-12.974085490865162,0.0,-96.30109999999999,-92.80009999999999,95.50080000000003
盤前漲,P,10:30,-1.0,139.0,-12.654176307532289,-9.896640481927705,-2.54489165876929,0.4028776978417266,-1758.9305067469882,-2395.933149638554,1880.5989667469873
盤前漲,P,10:30,-0.5,142.0,-9.762206779990287,-11.868200000000002,-2.346043170232653,0.3732394366197183,-1386.2333627586206,-1996.2259762068963,1501.3073827586202
盤前漲,P,10:30,0.0,142.0,-4.5247732922535215,-12.11609,-1.7140220879486388,0.29577464788732394,-642.5178075,-1115.8707274999997,689.571805
盤前漲,P,10:30,0.5,142.0,-3.3080108450704224,-3.4029000000000003,-3.0561027480070373,0.07042253521126761,-469.73753999999997,-719.59196,514.3149400000001
盤前漲,P,10:30,1.0,140.0,-2.065483142857143,-1.3008,-6.5674709617191365,0.007142857142857143,-289.16764,-310.2516177777777,288.2672400000001
盤前漲,P,10:30,1.5,127.0,-1.4152053939365363,-0.9004,-9.31204887909956,0.0,-179.73108502994012,-176.2300850299401,178.93078502994013
盤前漲,P,10:30,2.0,103.0,-1.158216504854369,-0.9004,-10.97289967377509,0.0,-119.2963,-115.7953,118.59610000000004
盤前漲,P,10:30,3.0,77.0,-0.9791222222222221,-0.8003,-11.265889141225047,0.0,-75.3924111111111,-71.89141111111111,74.69221111111113
盤前漲,P,11:00,-1.0,137.0,-8.491454529679105,-7.33288,-2.2537397682129243,0.40145985401459855,-1163.3292705660374,-1637.63406490566,1208.5849184905658
盤前漲,P,11:00,-0.5,142.0,-9.471392985006814,-7.989964838709668,-2.821967789145603,0.36619718309859156,-1344.9378038709676,-1804.0743838709677,1400.3928638709683
盤前漲,P,11:00,0.0,142.0,-7.4943360271384405,-11.11509,-3.8855401597341257,0.20422535211267606,-1064.1957158536586,-1405.5662758536585,1090.2274958536582
盤前漲,P,11:00,0.5,142.0,-3.785328056338028,-3.3028000000000004,-5.348426607285078,0.02112676056338028,-537.516584,-632.370784,556.352724
盤前漲,P,11:00,1.0,138.0,-1.8638934605867798,-1.1006,-10.807457644312127,0.0,-257.2172975609756,-253.71629756097562,256.1166975609757
盤前漲,P,11:00,1.5,117.0,-1.2325030651340998,-0.9004,-14.50600375217841,0.0,-144.20285862068968,-140.70185862068965,143.40255862068975
盤前漲,P,11:00,2.0,98.0,-1.0170179591836734,-0.8003,-20.606156815168696,0.0,-99.66776,-96.16675999999998,98.96756000000009
盤前漲,P,11:00,3.0,73.0,-0.8825739726027396,-0.8003,-28.90581356028097,0.0,-64.4279,-60.9269,63.72769999999999
盤前漲,P,11:30,-1.0,138.0,-6.70180816266929,-7.33082,-2.0609303753793418,0.42028985507246375,-924.8495264483621,-1339.408251032745,1129.2657436272038
盤前漲,P,11:30,-0.5,142.0,-7.342676056338028,-8.56122,-2.5071779967130463,0.4225352112676056,-1042.6599999999999,-1419.4435799999997,1218.6824600000007
盤前漲,P,11:30,0.0,142.0,-5.610347056524167,-9.32379295154185,-3.213523581201629,0.24647887323943662,-796.6692820264317,-1078.026664493392,853.0784281057266
盤前漲,P,11:30,0.5,142.0,-3.1573158098591545,-2.3018,-8.14239118805573,0.014084507042253521,-448.33884499999994,-487.650105,447.33834500000023
盤前漲,P,11:30,1.0,137.0,-1.4562313018212742,-1.0005,-13.64148866313894,0.0,-199.50368834951456,-196.00268834951456,198.70338834951463
盤前漲,P,11:30,1.5,120.0,-1.065601268115942,-0.9004,-20.319707604180454,0.0,-127.87215217391304,-124.37115217391302,127.17195217391311
盤前漲,P,11:30,2.0,88.0,-0.9531402777777778,-0.8003,-25.126612480706914,0.0,-83.87634444444444,-80.37534444444444,83.07604444444448
盤前漲,P,11:30,3.0,59.0,-0.8363529661016949,-0.8003,-34.071388416975296,0.0,-49.34482499999999,-45.84382500000001,48.644624999999984
盤前漲,P,12:00,-1.0,131.0,-7.449694194794442,-6.321000000000001,-2.3005880920218753,0.4122137404580153,-975.909939518072,-1436.3063201204811,1221.683759879518
盤前漲,P,12:00,-0.5,142.0,-7.7168428169014085,-7.84141,-2.5937401132138,0.4014084507042254,-1095.79168,-1544.7961599999996,1289.0046399999999
盤前漲,P,12:00,0.0,142.0,-4.68114324364095,-7.2247,-2.7378425299724625,0.22535211267605634,-664.7223405970149,-984.1457101492537,752.6948943283578
盤前漲,P,12:00,0.5,141.0,-2.2573017021276596,-1.9014000000000002,-3.2366076536055943,0.02127659574468085,-318.27954,-428.5632800000001,342.48866666666686
盤前漲,P,12:00,1.0,129.0,-1.3318387596899224,-1.0005,-10.992103267291586,0.0,-171.8072,-168.3062,171.00689999999997
盤前漲,P,12:00,1.5,107.0,-1.0074156074766356,-0.8003,-17.508987972228525,0.0,-107.79347,-104.29246999999998,107.09327000000005
盤前漲,P,12:00,2.0,86.0,-0.8982383720930234,-0.8003,-27.35812796874858,0.0,-77.2485,-73.7475,76.44820000000001
盤前漲,P,12:00,3.0,51.0,-0.8129686274509805,-0.8003,-32.96514309089406,0.0,-41.461400000000005,-37.960400000000014,40.661100000000005
盤前漲,P,12:30,-1.0,135.0,-7.131509419354835,-6.28236,-2.9506621975801344,0.3925925925925926,-962.7537716129027,-1275.9787203225803,1026.9414735483867
盤前漲,P,12:30,-0.5,142.0,-7.895578732394366,-7.24819,-3.4432056487096783,0.3873239436619718,-1121.17218,-1426.31684,1151.4178200000008
盤前漲,P,12:30,0.0,142.0,-4.650716229508196,-6.8904309836065565,-3.6224487364517826,0.22535211267605634,-660.4017045901637,-879.1965108196721,686.2765327868854
盤前漲,P,12:30,0.5,142.0,-1.7712087421078195,-1.4009,-6.477167098198974,0.014084507042253521,-251.51164137931036,-279.7903896551724,250.71134137931048
盤前漲,P,12:30,1.0,130.0,-1.0691345679012345,-0.9004,-14.964340958929292,0.0,-138.98749382716048,-135.48649382716047,138.28729382716054
盤前漲,P,12:30,1.5,109.0,-0.8590743119266053,-0.8003,-33.94895226246021,0.0,-93.63909999999998,-90.13810000000002,92.93889999999999
盤前漲,P,12:30,2.0,87.0,-0.8206816091954019,-0.8003,-50.0507217329023,0.0,-71.39929999999997,-67.89829999999999,70.69909999999994
盤前漲,P,12:30,3.0,53.0,-0.7901011320754718,-0.7001999999999999,-41.543100818486344,0.0,-41.87536000000001,-38.374359999999996,41.17516000000001
盤前漲,P,13:00,-1.0,137.0,-4.826307753446878,-3.35428,-3.344694414645649,0.36496350364963503,-661.2041622222223,-862.0992972549022,734.9281056209151
盤前漲,P,13:00,-0.5,142.0,-4.792421482164012,-3.2620699999999996,-3.270296009834515,0.36619718309859156,-680.5238504672897,-889.6458704672897,749.7295704672894
盤前漲,P,13:00,0.0,142.0,-2.580667737089202,-2.6021,-3.0218855573155556,0.22535211267605634,-366.4548186666667,-512.4145866666667,381.03163866666654
盤前漲,P,13:00,0.5,142.0,-1.0274523074617918,-0.9004,-20.455423911394128,0.0,-145.89822765957445,-142.39722765957444,145.09792765957445
盤前漲,P,13:00,1.0,129.0,-0.7876457364341084,-0.8003,-87.32775324803045,0.0,-101.60629999999999,-98.1053,100.90609999999998
盤前漲,P,13:00,1.5,107.0,-0.7516532710280373,-0.7001999999999999,-125.30735750667542,0.0,-80.42689999999999,-76.92589999999996,79.7267
盤前漲,P,13:00,2.0,94.0,-0.7704829787234039,-0.7001999999999999,-58.729710224211516,0.0,-72.42539999999997,-68.92439999999999,71.72520000000003
盤前漲,P,13:00,3.0,67.0,-0.7726604477611939,-0.7001999999999999,-59.01780747253269,0.0,-51.768249999999995,-48.267250000000004,51.068050000000014
盤前跌,C,09:00,-1.0,128.0,-12.224703496093749,-13.025453749999995,-1.9455430774535685,0.421875,-1564.7620474999999,-2237.066015,1619.9195074999998
盤前跌,C,09:00,-0.5,127.0,-12.526785988688037,-16.26576,-2.2937466731045046,0.3858267716535433,-1590.9018205633806,-2202.9876805633803,1624.3372805633805
盤前跌,C,09:00,0.0,127.0,-6.950953458805454,-15.515,-1.8746576533416894,0.30708661417322836,-882.7710892682927,-1402.6335292682925,920.3443214634146
盤前跌,C,09:00,0.5,127.0,-4.451108283333059,-5.605099999999999,-2.1616502759293432,0.14173228346456693,-565.2907519832985,-887.2625764509395,567.6247508977035
盤前跌,C,09:00,1.0,126.0,-3.7832598205659074,-1.7012,-4.812399315072527,0.03968253968253968,-476.6907373913043,-539.8786191304348,475.5901373913042
盤前跌,C,09:00,1.5,119.0,-2.317874789915966,-1.0005,-5.584638446501307,0.0,-275.8271,-272.3261,275.1268999999999
盤前跌,C,09:00,2.0,98.0,-1.5721285714285715,-0.9004,-6.12800569049757,0.0,-154.0686,-150.56759999999997,153.36839999999998
盤前跌,C,09:00,3.0,74.0,-1.1097983783783785,-0.8503499999999999,-9.619439978724943,0.0,-82.12508000000001,-78.62407999999999,81.32478
盤前跌,C,09:30,-1.0,128.0,-18.130132862464933,-18.226681711079937,-3.315895565336859,0.359375,-2320.6570063955114,-2976.9482143057508,2321.094006395512
盤前跌,C,09:30,-0.5,127.0,-16.84662749606299,-23.2922,-3.701027673451195,0.31496062992125984,-2139.521692,-2750.4441159999997,2132.265692
盤前跌,C,09:30,0.0,127.0,-10.239274814398199,-14.514,-3.448481828797401,0.23622047244094488,-1300.3879014285712,-1788.0943414285716,1325.3863614285717
盤前跌,C,09:30,0.5,127.0,-4.61446094488189,-3.7032000000000003,-3.2775767909511533,0.047244094488188976,-586.0365400000001,-853.21302,592.09586
盤前跌,C,09:30,1.0,119.0,-1.8052551154635084,-1.1006,-2.5052185380786773,0.025210084033613446,-214.8253587401575,-315.81997874015747,213.9249587401576
盤前跌,C,09:30,1.5,110.0,-1.488759032258065,-0.9004,-7.656807257411325,0.0,-163.76349354838715,-160.26249354838708,162.96319354838715
盤前跌,C,09:30,2.0,86.0,-1.1109249521203832,-0.8003,-11.363297062408426,0.0,-95.53954588235295,-92.03854588235295,94.73924588235298
盤前跌,C,09:30,3.0,55.0,-0.9095000000000002,-0.8003,-22.356675471331847,0.0,-50.02250000000001,-46.5215,49.222199999999994
盤前跌,C,10:00,-1.0,128.0,-16.665480468749998,-11.82037,-3.1299207357605607,0.3828125,-2133.1814999999997,-2646.914356455696,2186.2869600000004
盤前跌,C,10:00,-0.5,127.0,-14.954669386165442,-17.3599,-3.4597199129345064,0.3464566929133858,-1899.243012043011,-2367.380552043011,1947.6434720430107
盤前跌,C,10:00,0.0,127.0,-8.012883244433153,-12.512,-3.1228552083391503,0.25196850393700787,-1017.6361720430106,-1397.5531720430106,1095.403092043011
盤前跌,C,10:00,0.5,127.0,-4.032961929133859,-2.6021,-3.9342854292952767,0.07874015748031496,-512.1861650000001,-665.658165,548.3187183333333
盤前跌,C,10:00,1.0,126.0,-2.126421021021021,-1.1006,-6.878469836200507,0.0,-267.92904864864863,-264.42804864864866,267.1287486486487
盤前跌,C,10:00,1.5,104.0,-1.3881249999999998,-0.9004,-7.303999485440955,0.0,-144.36499999999998,-140.86399999999998,143.56470000000002
盤前跌,C,10:00,2.0,75.0,-1.091416696517413,-0.8003,-11.263392138229213,0.0,-81.85625223880598,-78.35525223880595,81.05595223880601
盤前跌,C,10:00,3.0,45.0,-0.8870533333333334,-0.8003,-23.76971831278611,0.0,-39.9174,-36.416399999999996,39.1171
盤前跌,C,10:30,-1.0,128.0,-16.18902979685668,-11.82102,-3.2117779303840726,0.3984375,-2072.195813997655,-2568.8609168815938,2119.629813997655
盤前跌,C,10:30,-0.5,127.0,-12.8044141756954,-13.27598,-3.202280322794861,0.3543307086614173,-1626.1606003133159,-2094.1725203133155,1666.437100313316
盤前跌,C,10:30,0.0,127.0,-7.476517696850393,-9.510137499999999,-3.058122066399777,0.2440944881889764,-949.5177474999999,-1312.3241674999997,973.5652075000004
盤前跌,C,10:30,0.5,127.0,-4.091676438734632,-2.3018,-5.072737318682078,0.047244094488188976,-519.6429077192983,-603.1167477192982,511.6055533333332
盤前跌,C,10:30,1.0,119.0,-1.6705695740365114,-1.0005,-6.69752200682206,0.0,-198.79777931034485,-195.2967793103448,197.89737931034486
盤前跌,C,10:30,1.5,101.0,-1.2230193267326732,-0.8003,-7.28185892830824,0.0,-123.524952,-120.023952,122.62455200000007
盤前跌,C,10:30,2.0,66.0,-1.0170787356321838,-0.8003,-10.46008260312374,0.0,-67.12719655172413,-63.62619655172414,66.42699655172413
盤前跌,C,10:30,3.0,41.0,-0.8996487804878049,-0.8003,-15.438587341926096,0.0,-36.885600000000004,-33.3846,36.185399999999994
盤前跌,C,11:00,-1.0,126.0,-7.407695441887838,-8.825099999999999,-1.794542398067062,0.40476190476190477,-933.3696256778676,-1364.6580098725378,1081.2522617381228
盤前跌,C,11:00,-0.5,127.0,-8.119777275925617,-8.7533,-2.2279273466397216,0.3858267716535433,-1031.2117140425535,-1440.2068978723403,1125.8927140425535
盤前跌,C,11:00,0.0,127.0,-4.009477604641525,-8.395108421052631,-1.732539741304764,0.2755905511811024,-509.2036557894736,-863.9127494736841,595.3632157894738
盤前跌,C,11:00,0.5,125.0,-3.1612028800000003,-1.7012,-2.7969903267886145,0.056,-395.15036000000003,-528.31648,405.13032000000015
盤前跌,C,11:00,1.0,113.0,-2.5159286799410028,-0.9004,-2.528180166179855,0.0,-284.2999408333333,-280.79894083333335,283.39954083333316
盤前跌,C,11:00,1.5,85.0,-1.8053139519469756,-0.8003,-2.3814149863500504,0.0,-153.45168591549293,-149.95068591549295,152.55128591549283
盤前跌,C,11:00,2.0,65.0,-1.3826945736434106,-0.8003,-3.0560621775602406,0.0,-89.87514728682169,-86.37414728682168,89.17494728682172
盤前跌,C,11:00,3.0,32.0,-1.177015625,-0.8003,-3.3782161791159764,0.0,-37.6645,-34.163500000000006,36.864200000000004
盤前跌,C,11:30,-1.0,123.0,-6.3297471646341466,-7.31998,-1.3458695921824886,0.3902439024390244,-778.5589012500001,-1493.2032974999995,1023.2133400000001
盤前跌,C,11:30,-0.5,127.0,-5.986845791776027,-8.37322,-1.4342255784970406,0.3700787401574803,-760.3294155555554,-1441.5953555555557,858.0523000000003
盤前跌,C,11:30,0.0,127.0,-2.9938801889763775,-7.106599999999999,-1.0077647997388228,0.25984251968503935,-380.22278399999993,-933.2469346666667,487.9044746666666
盤前跌,C,11:30,0.5,126.0,-0.1923912001548582,-1.6011000000000002,-0.08996243520764387,0.03968253968253968,-24.24129121951213,-366.6991136585366,192.60184780487805
盤前跌,C,11:30,1.0,113.0,0.5856169911504431,-0.9004,0.35490722486504944,0.017699115044247787,66.17472000000006,-129.17664,83.23438000000002
盤前跌,C,11:30,1.5,89.0,0.3756469662921348,-0.8003,0.28279689250900175,0.011235955056179775,33.432579999999994,-80.94193333333331,51.22673333333332
盤前跌,C,11:30,2.0,56.0,-0.15726376750700272,-0.8003,-0.21487305626620343,0.017857142857142856,-8.806770980392152,-46.020500000000006,27.712700000000005
盤前跌,C,11:30,3.0,34.0,-1.956565620915032,-0.75025,-1.7053803748668637,0.0,-66.52323111111109,-63.02223111111112,65.72293111111111
盤前跌,C,12:00,-1.0,125.0,-9.176573015212632,-7.3322199999999995,-2.8553049761796703,0.392,-1147.071626901579,-1489.1785673390034,1239.5506269015793
盤前跌,C,12:00,-0.5,127.0,-9.67038701425835,-9.330300000000001,-3.2286122786942717,0.3937007874015748,-1228.1391508108106,-1532.8490684684682,1321.3186508108108
盤前跌,C,12:00,0.0,127.0,-4.705178225408391,-5.505,-2.611156814789321,0.28346456692913385,-597.5576346268656,-845.9294558208954,664.3284599999997
盤前跌,C,12:00,0.5,125.0,-2.3674466064516126,-1.501,-5.992790410816948,0.024,-295.9308258064516,-334.9458716129032,306.04317612903225
盤前跌,C,12:00,1.0,112.0,-1.5055241785714284,-0.8503499999999999,-3.5706012916342016,0.0,-168.61870799999997,-165.117708,167.81840799999995
盤前跌,C,12:00,1.5,82.0,-1.2159826219512195,-0.8003,-3.80151463574393,0.0,-99.710575,-96.20957499999997,98.91027500000001
盤前跌,C,12:00,2.0,54.0,-1.3630020576131685,-0.8003,-2.675072072514145,0.0,-73.6021111111111,-70.10111111111111,72.8018111111111
盤前跌,C,12:00,3.0,27.0,-0.9359193548387097,-0.8003,-7.073339199357579,0.0,-25.26982258064516,-21.768822580645153,24.569622580645163
盤前跌,C,12:30,-1.0,127.0,-1.3118181520051926,-3.3159799999999997,-0.3471590924739635,0.4645669291338583,-166.60090530465945,-801.7309980167263,631.9484399999999
盤前跌,C,12:30,-0.5,127.0,-1.304381142777506,-3.29216,-0.3668350161823241,0.4566929133858268,-165.65640513274326,-771.30989539823,557.6265599999999
盤前跌,C,12:30,0.0,127.0,0.7688388068864278,-4.1036,0.25829993344172003,0.29133858267716534,97.64252847457634,-452.028707118644,318.8416213559322
盤前跌,C,12:30,0.5,125.0,0.9212255733333335,-1.2006999999999999,0.43656565410303433,0.04,115.15319666666669,-209.86479416666668,106.48023666666666
盤前跌,C,12:30,1.0,111.0,0.7424511711711715,-0.8003,0.4427878776185058,0.009009009009009009,82.41208000000005,-99.9161,67.09160000000006
盤前跌,C,12:30,1.5,78.0,0.39956769230769235,-0.8003,0.32553537863672916,0.01282051282051282,31.166280000000004,-60.91009999999999,38.8015
盤前跌,C,12:30,2.0,52.0,-0.839943031674208,-0.8003,-19.673762253113754,0.0,-43.67703764705882,-40.176037647058834,42.976837647058815
盤前跌,C,12:30,3.0,28.0,-0.8920583333333332,-0.8003,-12.02766967957423,0.0,-24.97763333333333,-21.47663333333333,24.277433333333338
盤前跌,C,13:00,-1.0,126.0,-2.10440014658328,-3.35344,-1.4015490331624,0.36507936507936506,-265.15441846949324,-498.58311298862463,506.6734400000001
盤前跌,C,13:00,-0.5,127.0,-2.1737095321908297,-4.2924,-1.40879816375874,0.3543307086614173,-276.06111058823535,-508.9882505882353,485.52919999999995
盤前跌,C,13:00,0.0,127.0,-2.134144132898022,-3.85776,-1.8683563597327792,0.2047244094488189,-271.0363048780488,-471.8229268292683,299.13175853658544
盤前跌,C,13:00,0.5,124.0,-1.1343430645161288,-0.9004,-10.950874599729756,0.0,-140.65853999999996,-137.30629999999996,136.95534
盤前跌,C,13:00,1.0,113.0,-0.9238747787610617,-0.8003,-8.130422776650887,0.0,-104.39784999999998,-100.89684999999999,103.59755000000001
盤前跌,C,13:00,1.5,84.0,-0.7983933333333331,-0.7001999999999999,-23.802488705964404,0.0,-67.06503999999998,-63.56404000000001,66.24472000000004
盤前跌,C,13:00,2.0,65.0,-0.812928,-0.7001999999999999,-34.70948793939041,0.0,-52.84032,-49.33932,52.140120000000024
盤前跌,C,13:00,3.0,24.0,-0.7585916666666667,-0.7001999999999999,-48.76117481456672,0.0,-18.2062,-14.705200000000001,17.4059
盤前跌,P,09:00,-1.0,128.0,8.257739795206318,-1.3391171844660112,0.9684881114946806,0.4921875,1056.9906937864087,-606.5378895145622,750.020921553398
盤前跌,P,09:00,-0.5,128.0,8.183281802591463,-4.53335,1.053198155612208,0.453125,1047.4600707317072,-561.0566795121952,507.80216
盤前跌,P,09:00,0.0,128.0,7.032916112804877,-14.0135,1.079326129769546,0.359375,900.2132624390242,-550.7783658536584,285.01282000000003
盤前跌,P,09:00,0.5,128.0,2.8248574215338422,-7.35685,0.550242942682896,0.1484375,361.5817499563318,-853.6302900436681,288.67249021834056
盤前跌,P,09:00,1.0,128.0,3.5138827812500004,-2.75225,0.8459369240098501,0.0625,449.77699600000005,-527.3025640000001,150.162892
盤前跌,P,09:00,1.5,128.0,1.854686517857144,-1.4009,0.57714756254123,0.046875,237.39987428571442,-377.0766371428571,115.7429142857143
盤前跌,P,09:00,2.0,122.0,0.8956135265893646,-1.1006,0.3741408274290064,0.02459016393442623,109.26485024390247,-258.76103658536584,92.96823463414634
盤前跌,P,09:00,3.0,104.0,-0.5188984210526316,-0.9004,-0.563249882570475,0.009615384615384616,-53.96543578947369,-143.15672105263155,90.03065789473686
盤前跌,P,09:30,-1.0,128.0,14.025964622208221,7.583244755043241,2.0121131059417334,0.578125,1795.3234716426523,428.61342000000104,447.6760886455329
盤前跌,P,09:30,-0.5,128.0,11.633863109231651,4.71795,1.7209550240476048,0.53125,1489.1344779816513,154.26360422018354,356.98898
盤前跌,P,09:30,0.0,128.0,7.010157853618421,-6.23442,1.224446773635413,0.40625,897.3002052631579,-291.44865473684206,276.88527999999997
盤前跌,P,09:30,0.5,128.0,2.0229607537169603,-4.912039999999999,0.46903706763265013,0.1640625,258.9389764757709,-678.9368350660791,169.70152044052864
盤前跌,P,09:30,1.0,128.0,0.9943617187500009,-1.9014000000000002,0.2909330865350095,0.0546875,127.27830000000012,-470.42476000000005,165.99185999999995
盤前跌,P,09:30,1.5,126.0,0.848321685241473,-1.2006999999999999,0.31113000114632805,0.015873015873015872,106.8885323404256,-283.64632765957447,126.70121063829788
盤前跌,P,09:30,2.0,118.0,0.8569805564721763,-0.9004,0.34823608356431257,0.00847457627118644,101.1237056637168,-183.68723716814156,109.52343628318589
盤前跌,P,09:30,3.0,95.0,-0.1330661052631578,-0.9004,-0.1312012471943597,0.010526315789473684,-12.64127999999999,-104.42603333333332,65.36149333333333
盤前跌,P,10:00,-1.0,128.0,11.819624174288618,5.616848943089424,1.879211724694688,0.546875,1512.9118943089431,355.87030292682925,355.7459642276423
盤前跌,P,10:00,-0.5,128.0,10.378030455691643,4.7090499999999995,1.7745206282344765,0.515625,1328.3878983285304,242.19751832853026,353.74359083573495
盤前跌,P,10:00,0.0,128.0,7.6708729016245485,-8.818439999999999,1.6366335578471165,0.3984375,981.8717314079422,36.47235140794233,268.19946000000004
盤前跌,P,10:00,0.5,128.0,2.303584704607664,-3.503,0.7030167215982441,0.140625,294.858842189781,-456.53328598540145,159.59379328467153
盤前跌,P,10:00,1.0,128.0,0.8149131617647061,-1.4009,0.39438263973869603,0.0546875,104.30888470588238,-318.6043352941177,124.73318039215684
盤前跌,P,10:00,1.5,120.0,1.0134395487804875,-1.1006,0.5848831400317003,0.025,121.61274585365851,-190.12273414634143,97.21716341463417
盤前跌,P,10:00,2.0,103.0,-0.0860488784733846,-0.9004,-0.09234037932820684,0.019417475728155338,-8.863034482758614,-124.14058275862068,59.34179999999999
盤前跌,P,10:00,3.0,75.0,-1.0724693333333333,-0.8003,-10.260668439016769,0.0,-80.4352,-76.93419999999998,79.73499999999997
盤前跌,P,10:30,-1.0,124.0,9.517103826272832,6.058969638554222,1.7857954397476095,0.5403225806451613,1180.1208744578312,346.31939469879535,413.44290867469897
盤前跌,P,10:30,-0.5,128.0,7.104541670258622,3.65335,1.4502492287643813,0.53125,909.3813337931036,130.50389379310352,375.7879931034484
盤前跌,P,10:30,0.0,128.0,5.0700483203125,-6.3058,1.40604843163081,0.3671875,648.966185,22.128804999999943,270.3357850000001
盤前跌,P,10:30,0.5,128.0,1.2667754687500004,-3.2027,0.628295455053101,0.1171875,162.14726000000005,-262.91106,112.87396
盤前跌,P,10:30,1.0,128.0,-1.2108124305555554,-1.3008,-1.6310248092039505,0.046875,-154.9839911111111,-294.54150666666663,154.18369111111113
盤前跌,P,10:30,1.5,115.0,-1.660492840406144,-1.0005,-7.601291204951636,0.0,-190.95667664670657,-187.45567664670654,190.05627664670664
盤前跌,P,10:30,2.0,101.0,-1.2559178217821783,-0.9004,-9.373138662699873,0.0,-126.8477,-123.3467,126.04740000000007
盤前跌,P,10:30,3.0,64.0,-1.0979932291666665,-0.8003,-9.231293534428744,0.0,-70.27156666666666,-66.77056666666665,69.47126666666668
盤前跌,P,11:00,-1.0,125.0,2.444788929811323,2.6882,0.544797304555364,0.528,305.5986162264154,-303.24969320754667,668.770147924528
盤前跌,P,11:00,-0.5,128.0,0.7933758971774196,1.1480800000000002,0.18877529065820406,0.515625,101.55211483870971,-493.5956851612904,681.8770864516127
盤前跌,P,11:00,0.0,128.0,1.0242712347560974,-5.11318,0.34791728366311486,0.3828125,131.10671804878046,-366.4606019512195,431.3757407317072
盤前跌,P,11:00,0.5,128.0,-1.7455170312499997,-2.55205,-1.1587682258294227,0.09375,-223.42617999999996,-533.1266639999999,296.158448
盤前跌,P,11:00,1.0,127.0,-1.8121657077011712,-1.1006,-2.6456738970867852,0.031496062992125984,-230.14504487804874,-303.888987804878,229.34474487804886
盤前跌,P,11:00,1.5,106.0,-1.7306699089134678,-0.9004,-4.204780593579438,0.0,-183.45101034482758,-179.95001034482755,182.75081034482756
盤前跌,P,11:00,2.0,89.0,-1.607526966292135,-0.9004,-3.2935364802607325,0.0,-143.06990000000002,-139.56889999999999,142.3696999999999
盤前跌,P,11:00,3.0,57.0,-1.317357894736842,-0.8003,-4.197291031129313,0.0,-75.0894,-71.58839999999998,74.38919999999999
盤前跌,P,11:30,-1.0,126.0,0.6709370037183692,-0.3381,0.162462337094593,0.47619047619047616,84.53806246851451,-498.56709511334947,738.9918601511331
盤前跌,P,11:30,-0.5,128.0,0.990910024779736,0.13776,0.2765110003516045,0.5,126.83648317180621,-436.42030960352423,570.0705823788546
盤前跌,P,11:30,0.0,128.0,-0.5931673520099114,-4.55405,-0.2337427662069453,0.3515625,-75.92542105726866,-510.99340105726867,457.84400123348024
盤前跌,P,11:30,0.5,128.0,-2.3329477734374997,-1.9014000000000002,-1.5115037591432408,0.0703125,-298.61731499999996,-566.404775,379.2142299999999
盤前跌,P,11:30,1.0,121.0,-1.5176870127577629,-1.0005,-1.9060773286186279,0.008264462809917356,-183.64012854368931,-254.14254854368932,182.93992854368938
盤前跌,P,11:30,1.5,100.0,-1.331253408695652,-0.9004,-2.456175283520058,0.01,-133.1253408695652,-159.39439130434778,132.42514086956527
盤前跌,P,11:30,2.0,81.0,-1.665106721536351,-0.8003,-2.973683196762124,0.0,-134.87364444444444,-131.37264444444443,134.17344444444444
盤前跌,P,11:30,3.0,48.0,-1.4910942708333332,-0.8003,-3.4008812255777134,0.0,-71.572525,-68.07152499999998,70.87232499999998
盤前跌,P,12:00,-1.0,121.0,3.4816725739320975,2.4368265060241026,1.0054209125510123,0.5289256198347108,421.2823814457838,-36.319235783132086,349.7045657831322
盤前跌,P,12:00,-0.5,128.0,2.605085546875,1.68232,0.8299821576426561,0.5234375,333.45095,-88.89281,389.31968500000005
盤前跌,P,12:00,0.0,128.0,1.7379967957089555,-4.55405,0.8676327794746188,0.375,222.4635898507463,-120.77186567164179,185.31466895522388
盤前跌,P,12:00,0.5,128.0,-1.6619581510416666,-1.6011000000000002,-2.065810658503109,0.0625,-212.73064333333332,-362.77518333333325,210.4288433333333
盤前跌,P,12:00,1.0,117.0,-1.34851502787068,-0.9004,-4.250243418660811,0.008547008547008548,-157.77625826086955,-177.25591739130434,156.87585826086956
盤前跌,P,12:00,1.5,96.0,-1.1786752372685185,-0.8003,-7.720026831658345,0.0,-113.15282277777777,-109.65182277777777,112.45262277777779
盤前跌,P,12:00,2.0,88.0,-1.0341374999999997,-0.8003,-8.930837430662873,0.0,-91.00409999999998,-87.50309999999999,90.2038
盤前跌,P,12:00,3.0,45.0,-1.1094977777777777,-0.8003,-6.278786114202113,0.0,-49.9274,-46.4264,49.127100000000006
盤前跌,P,12:30,-1.0,121.0,-2.8846392455345202,-1.4218154838709522,-0.9179652034079141,0.4793388429752066,-349.0413487096769,-689.8818887096769,490.9741741935479
盤前跌,P,12:30,-0.5,128.0,-3.1249006249999995,-3.2684699999999998,-1.1983224730494886,0.46875,-399.98727999999994,-725.6075000000003,471.8298199999999
盤前跌,P,12:30,0.0,128.0,-1.89683296875,-4.604099999999999,-1.1602462917906196,0.2890625,-242.79462,-515.6531613114754,302.8794347540984
盤前跌,P,12:30,0.5,128.0,-2.3857308081896553,-1.2006999999999999,-3.1989007977691197,0.0234375,-305.3735434482759,-352.2974034482759,304.4731434482758
盤前跌,P,12:30,1.0,115.0,-1.7563920128824477,-0.9004,-3.42885137716232,0.0,-201.9850814814815,-198.4840814814814,201.2848814814814
盤前跌,P,12:30,1.5,96.0,-1.346828125,-0.8003,-3.679842498340497,0.0,-129.2955,-125.7945,128.59529999999998
盤前跌,P,12:30,2.0,83.0,-1.1283385542168678,-0.8003,-4.189723325141801,0.0,-93.65210000000002,-90.15109999999996,92.95189999999994
盤前跌,P,12:30,3.0,42.0,-1.2569466666666667,-0.82032,-3.8646044209868635,0.0,-52.791760000000004,-49.29076000000001,52.09156000000001
盤前跌,P,13:00,-1.0,126.0,-3.215755480859012,-0.7711760130718899,-2.0590939177648684,0.4444444444444444,-405.1851905882355,-541.0106436601307,488.3144836601307
盤前跌,P,13:00,-0.5,128.0,-3.2309605227803733,-0.32129,-2.0200851417339023,0.4609375,-413.5629469158878,-557.9887869158878,506.8485160747663
盤前跌,P,13:00,0.0,128.0,-2.869556302083333,-2.9228266666666665,-2.7631571605932357,0.2421875,-367.3032066666666,-492.51828,401.70558533333326
盤前跌,P,13:00,0.5,127.0,-1.3853986463394201,-0.9004,-4.482185763477596,0.007874015748031496,-175.94562808510636,-178.43646808510636,175.0452280851062
盤前跌,P,13:00,1.0,121.0,-1.011572727272727,-0.8003,-6.686919129977781,0.0,-122.40029999999999,-118.89929999999998,121.70009999999998
盤前跌,P,13:00,1.5,90.0,-0.8414522222222222,-0.7001999999999999,-10.861280194858695,0.0,-75.7307,-72.22969999999997,75.03050000000002
盤前跌,P,13:00,2.0,82.0,-0.885751219512195,-0.7001999999999999,-9.227934108556893,0.0,-72.63159999999999,-69.13059999999996,71.83129999999997
盤前跌,P,13:00,3.0,47.0,-0.8066893617021278,-0.7001999999999999,-25.96250481572873,0.0,-37.91440000000001,-34.413399999999996,37.214200000000005
